数据由邢不行整理
股票代码,股票名称,交易日期,开盘价,最高价,最低价,收盘价,前收盘价,成交量,成交额,流通市值,总市值
sh603680,N今创,2018-02-27,39.23,47.07,39.23,47.07,32.69,390541.0,18362749.0,1976940000.0,19769400000.0
sh603680,今创集团,2018-02-28,51.01,51.78,48.88,51.78,47.07,9114428.0,467405810.0,2174760000.0,21747600000.0
sh603680,今创集团,2018-03-01,50.0,55.0,47.51,52.14,51.78,19898070.0,1001988625.0,2189880000.0,21898800000.0
sh603680,今创集团,2018-03-02,49.5,50.49,47.58,47.86,52.14,11758126.0,577711091.0,2010120000.0,20101200000.0
sh603680,今创集团,2018-03-05,46.56,48.59,46.05,47.73,47.86,8004119.0,380274658.0,2004660000.0,20046600000.0
sh603680,今创集团,2018-03-06,47.87,49.48,47.87,48.18,47.73,9053991.0,438436821.0,2023560000.0,20235600000.0
sh603680,今创集团,2018-03-07,47.65,47.88,44.81,45.57,48.18,10304252.0,475043518.0,1913940000.0,19139400000.0
sh603680,今创集团,2018-03-08,45.12,46.8,45.01,45.62,45.57,6934772.0,318473621.0,1916040000.0,19160400000.0
sh603680,今创集团,2018-03-09,45.51,46.5,45.05,46.19,45.62,7754467.0,355857531.0,1939980000.0,19399800000.0
sh603680,今创集团,2018-03-12,46.55,47.84,46.1,47.27,46.19,9544112.0,447583540.0,1985340000.0,19853400000.0
sh603680,今创集团,2018-03-13,46.8,47.19,45.58,45.68,47.27,7479796.0,345304770.0,1918560000.0,19185600000.0
sh603680,今创集团,2018-03-14,45.45,49.86,45.25,48.4,45.68,13161070.0,626312562.0,2032800000.0,20328000000.0
sh603680,今创集团,2018-03-15,47.16,47.68,45.0,46.5,48.4,8816932.0,407824143.0,1953000000.0,19530000000.0
sh603680,今创集团,2018-03-16,46.5,46.95,45.37,45.41,46.5,5402525.0,248466208.0,1907220000.0,19072200000.0
sh603680,今创集团,2018-03-19,45.08,45.08,43.0,44.25,45.41,5816355.0,257598058.0,1858500000.0,18585000000.0
sh603680,今创集团,2018-03-20,43.65,44.79,43.33,44.28,44.25,3557761.0,157067466.0,1859760000.0,18597600000.0
sh603680,今创集团,2018-03-21,44.28,44.87,43.26,43.35,44.28,4769351.0,210618835.0,1820700000.0,18207000000.0
sh603680,今创集团,2018-03-22,43.35,43.67,42.01,42.5,43.35,5061252.0,216379371.0,1785000000.0,17850000000.0
sh603680,今创集团,2018-03-23,40.84,41.25,38.25,38.32,42.5,6096611.0,241700818.0,1609440000.0,16094400000.0
sh603680,今创集团,2018-03-26,37.8,38.27,35.6,38.16,38.32,3861826.0,143558396.0,1602720000.0,16027200000.0
sh603680,今创集团,2018-03-27,38.42,39.49,38.42,38.77,38.16,4009189.0,156414921.0,1628340000.0,16283400000.0
sh603680,今创集团,2018-03-28,38.0,38.65,37.64,37.86,38.77,2963556.0,113063113.0,1590120000.0,15901200000.0
sh603680,今创集团,2018-03-29,38.2,41.1,38.15,39.31,37.86,4876690.0,193406548.0,1651020000.0,16510200000.0
sh603680,今创集团,2018-03-30,39.59,39.73,39.0,39.17,39.31,3037402.0,119070442.0,1645140000.0,16451400000.0
sh603680,今创集团,2018-04-02,39.1,39.96,39.01,39.04,39.17,2917966.0,114913644.0,1639680000.0,16396800000.0
sh603680,今创集团,2018-04-03,38.3,38.35,37.5,37.89,39.04,3187134.0,120622662.0,1591380000.0,15913800000.0
sh603680,今创集团,2018-04-04,38.13,39.5,37.99,38.94,37.89,4199221.0,163001782.0,1635480000.0,16354800000.0
sh603680,今创集团,2018-04-09,38.5,39.8,37.9,39.61,38.94,4321328.0,169075300.0,1663620000.0,16636200000.0
sh603680,今创集团,2018-04-10,39.59,40.67,39.16,39.92,39.61,4511974.0,180117949.0,1676640000.0,16766400000.0
sh603680,今创集团,2018-04-11,39.78,40.37,39.6,39.92,39.92,3397051.0,135744343.0,1676640000.0,16766400000.0
sh603680,今创集团,2018-04-12,39.78,40.99,39.62,40.39,39.92,4673040.0,189080785.0,1696380000.0,16963800000.0
sh603680,今创集团,2018-04-13,40.56,40.89,39.63,39.83,40.39,3304245.0,132419377.0,1672860000.0,16728600000.0
sh603680,今创集团,2018-04-16,39.99,40.24,38.22,38.49,39.83,3053158.0,118801095.0,1616580000.0,16165800000.0
sh603680,今创集团,2018-04-17,38.55,38.75,37.5,37.58,38.49,2492644.0,95022833.0,1578360000.0,15783600000.0
sh603680,今创集团,2018-04-18,37.7,38.99,37.4,38.96,37.58,2916112.0,111586796.0,1636320000.0,16363200000.0
sh603680,今创集团,2018-04-19,38.75,40.33,38.6,38.82,38.96,3648244.0,143820753.0,1630440000.0,16304400000.0
sh603680,今创集团,2018-04-20,38.39,38.8,37.2,37.29,38.82,2687233.0,102083576.0,1566180000.0,15661800000.0
sh603680,今创集团,2018-04-23,37.49,38.04,36.88,37.73,37.29,1936082.0,72612759.0,1584660000.0,15846600000.0
sh603680,今创集团,2018-04-24,37.8,39.4,37.76,39.32,37.73,3887638.0,151104956.0,1651440000.0,16514400000.0
sh603680,今创集团,2018-04-25,38.98,39.26,38.6,38.69,39.32,2845373.0,110649868.0,1624980000.0,16249800000.0
sh603680,今创集团,2018-04-26,38.6,39.35,38.01,38.1,38.69,2432029.0,94346855.0,1600200000.0,16002000000.0
sh603680,今创集团,2018-04-27,38.6,39.35,38.12,39.12,38.1,3334156.0,129819356.0,1643040000.0,16430400000.0
sh603680,今创集团,2018-05-02,39.04,39.06,37.8,38.27,39.12,2519713.0,96687323.0,1607340000.0,16073400000.0
sh603680,今创集团,2018-05-03,38.01,38.48,37.5,38.4,38.27,2050204.0,78015779.0,1612800000.0,16128000000.0
sh603680,今创集团,2018-05-04,38.45,38.67,37.84,37.9,38.4,1605292.0,61310247.0,1591800000.0,15918000000.0
sh603680,今创集团,2018-05-07,37.8,38.51,37.8,38.47,37.9,1902867.0,72867458.0,1615740000.0,16157400000.0
sh603680,今创集团,2018-05-08,38.55,39.27,38.32,39.09,38.47,3216352.0,125206704.0,1641780000.0,16417800000.0
sh603680,今创集团,2018-05-09,38.94,39.68,38.82,39.54,39.09,3288402.0,129050920.0,1660680000.0,16606800000.0
sh603680,今创集团,2018-05-10,39.36,39.55,38.8,39.2,39.54,2564417.0,100341076.0,1646400000.0,16464000000.0
sh603680,今创集团,2018-05-11,39.23,40.15,39.15,39.44,39.2,4663113.0,184908227.0,1656480000.0,16564800000.0
sh603680,今创集团,2018-05-14,39.49,39.95,38.77,38.99,39.44,2944020.0,115451005.0,1637580000.0,16375800000.0
sh603680,今创集团,2018-05-15,39.12,39.2,38.21,39.13,38.99,3044420.0,117754936.0,1643460000.0,16434600000.0
sh603680,今创集团,2018-05-16,38.8,39.1,38.51,38.71,39.13,2179384.0,84497064.0,1625820000.0,16258200000.0
sh603680,今创集团,2018-05-17,38.8,39.36,38.8,39.04,38.71,2263986.0,88421201.0,1639680000.0,16396800000.0
sh603680,今创集团,2018-05-18,38.8,39.33,38.73,39.08,39.04,2386762.0,93179734.0,1641360000.0,16413600000.0
sh603680,今创集团,2018-05-21,39.18,40.26,39.18,39.84,39.08,4761222.0,189167693.0,1673280000.0,16732800000.0
sh603680,今创集团,2018-05-22,39.88,40.88,39.42,40.83,39.84,5307897.0,212773869.0,1714860000.0,17148600000.0
sh603680,今创集团,2018-05-23,40.8,40.8,39.82,39.83,40.83,4370879.0,176110549.0,1672860000.0,16728600000.0
sh603680,今创集团,2018-05-24,39.68,40.15,39.6,39.66,39.83,2503755.0,99773038.0,1665720000.0,16657200000.0
sh603680,今创集团,2018-05-25,39.63,40.61,39.44,40.37,39.66,4135367.0,166252425.0,1695540000.0,16955400000.0
sh603680,今创集团,2018-05-28,40.44,40.5,39.43,39.91,40.37,3104302.0,123965354.0,1676220000.0,16762200000.0
sh603680,今创集团,2018-05-29,39.52,39.75,37.91,38.01,39.91,4431991.0,171655724.0,1596420000.0,15964200000.0
sh603680,今创集团,2018-05-30,37.27,37.28,34.73,35.25,38.01,3964262.0,144181140.0,1480500000.0,14805000000.0
sh603680,今创集团,2018-05-31,35.53,35.97,35.1,35.87,35.25,2620680.0,93432952.0,1506540000.0,15065400000.0
sh603680,今创集团,2018-06-01,35.6,36.44,35.43,36.12,35.87,2017204.0,72585952.0,1517040000.0,15170400000.0
sh603680,今创集团,2018-06-04,36.15,36.39,35.71,35.84,36.12,1451448.0,52156854.0,1505280000.0,15052800000.0
sh603680,今创集团,2018-06-05,35.62,36.31,35.62,36.3,35.84,1859012.0,67047349.0,1524600000.0,15246000000.0
sh603680,今创集团,2018-06-06,36.17,36.43,36.04,36.39,36.3,1703935.0,61693040.0,1528380000.0,15283800000.0
sh603680,今创集团,2018-06-07,36.51,36.79,36.04,36.16,36.39,1806112.0,65767144.0,1518720000.0,15187200000.0
sh603680,今创集团,2018-06-08,36.17,36.18,35.24,35.5,36.16,1879651.0,66819688.0,1491000000.0,14910000000.0
sh603680,今创集团,2018-06-11,35.35,35.73,35.13,35.37,35.5,1295900.0,45978796.0,1485540000.0,14855400000.0
sh603680,今创集团,2018-06-12,35.39,35.88,34.55,35.75,35.37,1655354.0,58356773.0,1501500000.0,15015000000.0
sh603680,今创集团,2018-06-13,35.58,35.58,34.45,34.56,35.75,1661410.0,58131712.0,1451520000.0,14515200000.0
sh603680,今创集团,2018-06-14,34.45,34.76,34.25,34.44,34.56,1252461.0,43133350.0,1446480000.0,14464800000.0
sh603680,今创集团,2018-06-15,34.49,34.58,32.71,32.93,34.44,2066910.0,69134319.0,1383060000.0,13830600000.0
sh603680,今创集团,2018-06-19,32.5,32.5,29.64,29.64,32.93,2840085.0,87007757.0,1244880000.0,12448800000.0
sh603680,今创集团,2018-06-20,29.49,30.36,29.11,30.07,29.64,1568456.0,46815511.0,1262940000.0,12629400000.0
sh603680,今创集团,2018-06-21,30.0,30.3,28.69,28.71,30.07,1746608.0,51583611.0,1205820000.0,12058200000.0
sh603680,今创集团,2018-06-22,28.7,29.41,28.22,29.3,28.71,1569842.0,45583914.0,1230600000.0,12306000000.0
sh603680,今创集团,2018-06-25,29.53,29.78,29.1,29.16,29.3,1206490.0,35536739.0,1224720000.0,12247200000.0
sh603680,今创集团,2018-06-26,28.67,29.75,28.5,29.68,29.16,1296208.0,37968694.0,1246560000.0,12465600000.0
sh603680,今创集团,2018-06-27,29.5,30.38,29.33,30.31,29.68,2477216.0,74358696.0,1273020000.0,12730200000.0
sh603680,今创集团,2018-06-28,30.11,30.21,29.19,29.33,30.31,1694330.0,50415694.0,1231860000.0,12318600000.0
sh603680,今创集团,2018-06-29,29.36,30.18,29.33,30.05,29.33,1726810.0,51571649.0,1262100000.0,12621000000.0
sh603680,今创集团,2018-07-02,30.21,30.25,29.29,29.49,30.05,1532516.0,45696688.0,1238580000.0,12385800000.0
sh603680,今创集团,2018-07-03,29.45,30.12,29.45,30.1,29.49,1657011.0,49529007.0,1264200000.0,12642000000.0
sh603680,今创集团,2018-07-04,29.89,29.99,29.0,29.22,30.1,1501120.0,44249846.0,1227240000.0,12272400000.0
sh603680,今创集团,2018-07-05,29.31,29.5,28.29,28.32,29.22,1425826.0,41076960.0,1189440000.0,11894400000.0
sh603680,今创集团,2018-07-06,28.29,28.96,27.71,28.47,28.32,1563852.0,44470630.0,1195740000.0,11957400000.0
sh603680,今创集团,2018-07-09,28.6,29.07,28.5,29.06,28.47,1228559.0,35497612.0,1220520000.0,12205200000.0
sh603680,今创集团,2018-07-10,29.06,29.57,28.81,29.53,29.06,1714312.0,50013759.0,1240260000.0,12402600000.0
sh603680,今创集团,2018-07-11,29.07,29.07,27.83,28.37,29.53,2006744.0,57149605.0,1191540000.0,11915400000.0
sh603680,今创集团,2018-07-12,28.25,30.62,28.25,29.73,28.37,2902654.0,85676169.0,1248660000.0,12486600000.0
sh603680,今创集团,2018-07-13,29.41,30.16,29.38,29.6,29.73,1804912.0,53486631.0,1243200000.0,12432000000.0
sh603680,今创集团,2018-07-16,29.64,29.81,29.35,29.67,29.6,1132902.0,33448441.0,1246140000.0,12461400000.0
sh603680,今创集团,2018-07-17,29.5,30.15,29.5,30.09,29.67,1898904.0,56910219.0,1263780000.0,12637800000.0
sh603680,今创集团,2018-07-18,29.99,30.27,29.6,29.65,30.09,1456647.0,43591029.0,1245300000.0,12453000000.0
sh603680,今创集团,2018-07-19,29.63,29.84,28.75,28.81,29.65,1315713.0,38355813.0,1210020000.0,12100200000.0
sh603680,今创集团,2018-07-20,28.86,29.37,28.56,29.2,28.81,1112991.0,32312456.0,1226400000.0,12264000000.0
sh603680,今创集团,2018-07-23,29.2,29.88,28.9,29.63,29.2,1231564.0,36258624.0,1244460000.0,12444600000.0
sh603680,今创集团,2018-07-24,29.73,31.17,29.55,30.81,29.63,3419306.0,104469754.0,1294020000.0,12940200000.0
sh603680,今创集团,2018-07-25,31.77,32.02,30.2,30.51,30.81,3127891.0,96769529.0,1281420000.0,12814200000.0
sh603680,今创集团,2018-07-26,30.38,30.57,30.14,30.42,30.51,1676241.0,50794619.0,1277640000.0,12776400000.0
sh603680,今创集团,2018-07-27,30.36,30.7,30.36,30.56,30.42,1485449.0,45400697.0,1283520000.0,12835200000.0
sh603680,今创集团,2018-07-30,30.5,33.45,30.5,32.82,30.56,7001694.0,227419124.0,1378440000.0,13784400000.0
sh603680,DR今创集,2018-07-31,22.65,22.97,22.01,22.3,23.23,2973127.0,66812392.0,1311240000.0,13112400000.0
sh603680,今创集团,2018-08-01,22.0,22.55,21.31,21.94,22.3,4537610.0,98325691.0,1290072000.0,12900720000.0
sh603680,今创集团,2018-08-02,21.6,21.69,19.75,20.33,21.94,4400180.0,90557643.0,1195404000.0,11954040000.0
sh603680,今创集团,2018-08-03,20.02,20.37,19.33,19.42,20.33,2539606.0,50250644.0,1141896000.0,11418960000.0
sh603680,今创集团,2018-08-06,19.23,19.5,17.9,18.09,19.42,2630930.0,48912649.0,1063692000.0,10636920000.0
sh603680,今创集团,2018-08-07,18.2,19.61,17.91,18.98,18.09,2631494.0,49276001.0,1116024000.0,11160240000.0
sh603680,今创集团,2018-08-08,18.8,19.08,18.28,18.3,18.98,2005189.0,37310849.0,1076040000.0,10760400000.0
sh603680,今创集团,2018-08-09,18.01,19.11,18.0,18.84,18.3,2358870.0,44112011.0,1107792000.0,11077920000.0
sh603680,今创集团,2018-08-10,18.7,18.98,18.53,18.76,18.84,1698297.0,31822317.0,1103088000.0,11030880000.0
sh603680,今创集团,2018-08-13,18.28,18.65,18.15,18.59,18.76,1902333.0,34910383.0,1093092000.0,10930920000.0
sh603680,今创集团,2018-08-14,18.58,19.27,18.35,19.11,18.59,2708755.0,51226649.0,1123668000.0,11236680000.0
sh603680,今创集团,2018-08-15,19.01,19.17,18.38,18.39,19.11,2041654.0,38193221.0,1081332000.0,10813320000.0
sh603680,今创集团,2018-08-16,18.16,18.56,17.93,18.16,18.39,1511233.0,27556990.0,1067808000.0,10678080000.0
sh603680,今创集团,2018-08-17,18.31,18.44,17.62,17.72,18.16,1601756.0,28851652.0,1041936000.0,10419360000.0
sh603680,今创集团,2018-08-20,17.65,17.95,17.52,17.88,17.72,1050773.0,18619940.0,1051344000.0,10513440000.0
sh603680,今创集团,2018-08-21,17.93,18.14,17.84,18.01,17.88,1227089.0,22126084.0,1058988000.0,10589880000.0
sh603680,今创集团,2018-08-22,18.0,18.09,17.71,17.8,18.01,1005088.0,17918519.0,1046640000.0,10466400000.0
sh603680,今创集团,2018-08-23,17.89,18.1,17.76,17.9,17.8,1094478.0,19613551.0,1052520000.0,10525200000.0
sh603680,今创集团,2018-08-24,17.9,18.0,17.72,17.73,17.9,899944.0,16065830.0,1042524000.0,10425240000.0
sh603680,今创集团,2018-08-27,17.8,18.07,17.76,18.04,17.73,1625470.0,29217934.0,1060752000.0,10607520000.0
sh603680,今创集团,2018-08-28,17.95,18.09,17.94,18.05,18.04,1264007.0,22760593.0,1061340000.0,10613400000.0
sh603680,今创集团,2018-08-29,17.94,18.05,17.79,17.9,18.05,1087628.0,19453306.0,1052520000.0,10525200000.0
sh603680,今创集团,2018-08-30,17.9,17.95,17.7,17.76,17.9,1016369.0,18072480.0,1044288000.0,10442880000.0
sh603680,今创集团,2018-08-31,17.76,17.97,17.53,17.77,17.76,1737140.0,30867126.0,1044876000.0,10448760000.0
sh603680,今创集团,2018-09-03,17.78,17.82,17.3,17.57,17.77,1173274.0,20536997.0,1033116000.0,10331160000.0
sh603680,今创集团,2018-09-04,17.57,17.67,17.4,17.58,17.57,1155720.0,20294173.0,1033704000.0,10337040000.0
sh603680,今创集团,2018-09-05,17.53,17.58,17.33,17.36,17.58,1309100.0,22796964.0,1020768000.0,10207680000.0
sh603680,今创集团,2018-09-06,17.38,17.53,17.31,17.33,17.36,909100.0,15810809.0,1019004000.0,10190040000.0
sh603680,今创集团,2018-09-07,17.33,17.48,17.06,17.17,17.33,1203731.0,20825940.0,1009596000.0,10095960000.0
sh603680,今创集团,2018-09-10,17.19,17.38,17.0,17.05,17.17,1036410.0,17849008.0,1002540000.0,10025400000.0
sh603680,今创集团,2018-09-11,17.19,17.19,16.88,17.07,17.05,963960.0,16394836.0,1003716000.0,10037160000.0
sh603680,今创集团,2018-09-12,16.98,17.08,16.78,17.05,17.07,1250962.0,21212086.0,1002540000.0,10025400000.0
sh603680,今创集团,2018-09-13,17.06,17.35,17.04,17.28,17.05,1565146.0,26887086.0,1016064000.0,10160640000.0
sh603680,今创集团,2018-09-14,17.33,17.34,16.97,17.11,17.28,1354834.0,23230076.0,1006068000.0,10060680000.0
sh603680,今创集团,2018-09-17,17.05,17.05,16.56,16.56,17.11,1007081.0,16830540.0,973728000.0,9737280000.0
sh603680,今创集团,2018-09-18,16.42,16.78,16.42,16.77,16.56,1386520.0,23139806.0,986076000.0,9860760000.0
sh603680,今创集团,2018-09-19,16.79,16.91,16.66,16.87,16.77,1802539.0,30279029.0,991956000.0,9919560000.0
sh603680,今创集团,2018-09-20,16.77,16.99,16.75,16.99,16.87,1541432.0,26014890.0,999012000.0,9990120000.0
sh603680,今创集团,2018-09-21,16.99,17.3,16.91,17.15,16.99,2111126.0,36126360.0,1008420000.0,10084200000.0
sh603680,今创集团,2018-09-25,16.99,17.09,16.87,16.9,17.15,1154067.0,19575602.0,993720000.0,9937200000.0
sh603680,今创集团,2018-09-26,16.97,17.1,16.85,17.0,16.9,1852540.0,31483044.0,999600000.0,10346795000.0
sh603680,今创集团,2018-09-27,16.96,16.97,16.5,16.5,17.0,1834380.0,30693726.0,970200000.0,10042477500.0
sh603680,今创集团,2018-09-28,16.47,16.66,16.42,16.51,16.5,1462940.0,24170640.0,970788000.0,10048563850.0
sh603680,今创集团,2018-10-08,16.21,16.39,15.64,15.7,16.51,1362638.0,21803874.0,923160000.0,9555569500.0
sh603680,今创集团,2018-10-09,15.7,15.84,15.64,15.77,15.7,870700.0,13707961.0,927276000.0,9598173950.0
sh603680,今创集团,2018-10-10,15.8,15.98,15.68,15.94,15.77,1449418.0,22992981.0,937272000.0,9701641900.0
sh603680,今创集团,2018-10-11,15.38,15.38,14.35,14.35,15.94,2261600.0,33319128.0,843780000.0,8733912250.0
sh603680,今创集团,2018-10-12,13.85,14.1,13.2,13.88,14.35,2009815.0,27587500.0,816144000.0,8447853800.0
sh603680,今创集团,2018-10-15,13.88,14.09,13.63,13.7,13.88,1053590.0,14636518.0,805560000.0,8338299500.0
sh603680,今创集团,2018-10-16,13.7,13.94,13.38,13.48,13.7,1243270.0,16963230.0,792624000.0,8204399800.0
sh603680,今创集团,2018-10-17,13.65,13.88,12.99,13.48,13.48,2117660.0,28248565.0,792624000.0,8204399800.0
sh603680,今创集团,2018-10-18,13.46,13.46,12.74,12.77,13.48,1883213.0,24412509.0,750876000.0,7772268950.0
sh603680,今创集团,2018-10-19,12.77,13.12,12.57,13.07,12.77,1793220.0,23138201.0,768516000.0,7954859450.0
sh603680,今创集团,2018-10-22,13.26,13.9,13.13,13.74,13.07,3390476.0,46123359.0,807912000.0,8362644900.0
sh603680,今创集团,2018-10-23,13.64,13.85,13.31,13.32,13.74,2162080.0,29281916.0,783216000.0,8107018200.0
sh603680,今创集团,2018-10-24,13.46,14.65,13.37,14.04,13.32,5021789.0,71075895.0,825552000.0,8545235400.0
sh603680,今创集团,2018-10-25,13.41,13.74,13.1,13.64,14.04,3104135.0,41606000.0,802032000.0,8301781400.0
sh603680,今创集团,2018-10-26,13.8,13.95,13.61,13.72,13.64,1757680.0,24169134.0,806736000.0,8350472200.0
sh603680,今创集团,2018-10-29,13.48,13.7,13.42,13.5,13.72,1081932.0,14631323.0,793800000.0,8216572500.0
sh603680,今创集团,2018-10-30,13.51,14.04,13.31,14.04,13.5,3419599.0,47117229.0,825552000.0,8545235400.0
sh603680,今创集团,2018-10-31,13.96,14.54,13.83,14.32,14.04,4149139.0,59199046.0,842016000.0,8715653200.0
sh603680,今创集团,2018-11-01,14.3,14.74,14.23,14.29,14.32,3296241.0,47619928.0,840252000.0,8697394150.0
sh603680,今创集团,2018-11-02,14.38,14.59,14.33,14.57,14.29,2614718.0,37868346.0,856716000.0,8867811950.0
sh603680,今创集团,2018-11-05,14.74,14.86,14.4,14.66,14.57,2999501.0,43910741.0,862008000.0,8922589100.0
sh603680,今创集团,2018-11-06,14.45,14.52,14.15,14.34,14.66,1789960.0,25621148.0,843192000.0,8727825900.0
sh603680,今创集团,2018-11-07,14.33,14.45,14.18,14.22,14.34,1406296.0,20134995.0,836136000.0,8654789700.0
sh603680,今创集团,2018-11-08,14.31,14.7,14.31,14.49,14.22,2873118.0,41739341.0,852012000.0,8819121150.0
sh603680,今创集团,2018-11-09,14.36,14.39,14.18,14.2,14.49,1682077.0,24005941.0,834960000.0,8642617000.0
sh603680,今创集团,2018-11-12,14.19,14.53,14.17,14.5,14.2,1802337.0,25986339.0,852600000.0,8825207500.0
sh603680,今创集团,2018-11-13,14.37,14.85,14.29,14.7,14.5,3243598.0,47469007.0,864360000.0,8946934500.0
sh603680,今创集团,2018-11-14,14.7,15.24,14.64,15.1,14.7,4609102.0,68985375.0,887880000.0,9190388500.0
sh603680,今创集团,2018-11-15,15.0,15.38,14.85,15.37,15.1,3606156.0,54681936.0,903756000.0,9354719950.0
sh603680,今创集团,2018-11-16,15.37,15.53,15.22,15.35,15.37,3149737.0,48454547.0,902580000.0,9342547250.0
sh603680,今创集团,2018-11-19,15.27,15.61,15.16,15.61,15.35,2805621.0,43213524.0,917868000.0,9500792350.0
sh603680,今创集团,2018-11-20,15.41,15.42,14.9,14.91,15.61,2515089.0,38172060.0,876708000.0,9074747850.0
sh603680,今创集团,2018-11-21,14.65,15.24,14.54,15.21,14.91,2443217.0,36734409.0,894348000.0,9257338350.0
sh603680,今创集团,2018-11-22,15.28,15.33,15.03,15.08,15.21,1800380.0,27331790.0,886704000.0,9178215800.0
sh603680,今创集团,2018-11-23,15.23,15.23,14.23,14.24,15.08,2264102.0,33020622.0,837312000.0,8666962400.0
sh603680,今创集团,2018-11-26,14.21,14.47,14.15,14.24,14.24,1017636.0,14560076.0,837312000.0,8666962400.0
sh603680,今创集团,2018-11-27,14.33,14.44,14.23,14.31,14.24,785914.0,11261702.0,841428000.0,8709566850.0
sh603680,今创集团,2018-11-28,14.31,14.49,14.06,14.43,14.31,1137256.0,16267921.0,848484000.0,8782603050.0
sh603680,今创集团,2018-11-29,14.52,14.55,14.1,14.12,14.43,1278420.0,18401087.0,830256000.0,8593926200.0
sh603680,今创集团,2018-11-30,14.2,14.25,13.66,14.11,14.12,1077615.0,15132184.0,829668000.0,8587839850.0
sh603680,今创集团,2018-12-03,14.41,14.65,14.41,14.57,14.11,1935374.0,28210869.0,856716000.0,8867811950.0
sh603680,今创集团,2018-12-04,14.55,15.05,14.5,14.97,14.57,2413340.0,35586707.0,880236000.0,9111265950.0
sh603680,今创集团,2018-12-05,14.57,14.84,14.51,14.65,14.97,1807628.0,26572356.0,861420000.0,8916502750.0
sh603680,今创集团,2018-12-06,14.6,14.65,14.23,14.31,14.65,1286997.0,18550781.0,841428000.0,8709566850.0
sh603680,今创集团,2018-12-07,14.26,14.79,14.26,14.56,14.31,1612021.0,23539117.0,856128000.0,8861725600.0
sh603680,今创集团,2018-12-10,14.53,14.58,14.26,14.38,14.56,1013727.0,14600379.0,845544000.0,8752171300.0
sh603680,今创集团,2018-12-11,14.39,14.56,14.33,14.43,14.38,679074.0,9813244.0,848484000.0,8782603050.0
sh603680,今创集团,2018-12-12,14.45,14.63,14.45,14.46,14.43,774400.0,11243126.0,850248000.0,8800862100.0
sh603680,今创集团,2018-12-13,14.47,15.89,14.47,15.4,14.46,5799419.0,89256550.0,905520000.0,9372979000.0
sh603680,今创集团,2018-12-14,15.37,16.51,15.14,16.1,15.4,9037700.0,143039037.0,946680000.0,9799023500.0
sh603680,今创集团,2018-12-17,15.81,17.66,15.66,16.99,16.1,9458571.0,157607797.0,999012000.0,10340708650.0
sh603680,今创集团,2018-12-18,16.64,16.87,16.15,16.31,16.99,5685655.0,93395468.0,959028000.0,9926836850.0
sh603680,今创集团,2018-12-19,16.2,16.56,15.73,16.32,16.31,5293284.0,85454412.0,959616000.0,9932923200.0
sh603680,今创集团,2018-12-20,16.07,16.28,15.83,16.06,16.32,3309656.0,53012486.0,944328000.0,9774678100.0
sh603680,今创集团,2018-12-21,15.94,15.98,15.67,15.88,16.06,2348585.0,37135131.0,933744000.0,9665123800.0
sh603680,今创集团,2018-12-24,15.9,16.76,15.88,16.69,15.88,4823996.0,79010488.0,981372000.0,10158118150.0
sh603680,今创集团,2018-12-25,16.33,17.48,16.12,17.24,16.69,5671699.0,95166930.0,1013712000.0,10492867400.0
sh603680,今创集团,2018-12-26,17.18,17.29,16.52,16.55,17.24,4160494.0,69898448.0,973140000.0,10072909250.0
sh603680,今创集团,2018-12-27,16.68,16.82,15.65,15.72,16.55,4426417.0,71522287.0,924336000.0,9567742200.0
sh603680,今创集团,2018-12-28,15.85,15.92,15.5,15.79,15.72,2138428.0,33608425.0,928452000.0,9610346650.0
sh603680,今创集团,2019-01-02,15.85,15.92,15.56,15.83,15.79,1821594.0,28610671.0,930804000.0,9634692050.0
sh603680,今创集团,2019-01-03,15.85,15.91,14.5,14.5,15.83,3488988.0,52823623.0,852600000.0,8825207500.0
sh603680,今创集团,2019-01-04,14.38,14.77,13.92,14.68,14.5,3456926.0,49800256.0,863184000.0,8934761800.0
sh603680,今创集团,2019-01-07,14.79,15.46,14.79,15.28,14.68,3123920.0,47594182.0,898464000.0,9299942800.0
sh603680,今创集团,2019-01-08,15.14,15.74,15.03,15.34,15.28,3134100.0,48395803.0,901992000.0,9336460900.0
sh603680,今创集团,2019-01-09,15.34,15.69,15.0,15.35,15.34,3102460.0,47799727.0,902580000.0,9342547250.0
sh603680,今创集团,2019-01-10,15.38,15.4,15.16,15.2,15.35,1842998.0,28114718.0,893760000.0,9251252000.0
sh603680,今创集团,2019-01-11,15.2,16.4,15.03,16.38,15.2,5264877.0,82940672.0,963144000.0,9969441300.0
sh603680,今创集团,2019-01-14,16.4,16.88,15.71,15.82,16.38,4562942.0,73536601.0,930216000.0,9628605700.0
sh603680,今创集团,2019-01-15,15.68,16.0,15.45,15.95,15.82,2261215.0,35567081.0,937860000.0,9707728250.0
sh603680,今创集团,2019-01-16,15.96,16.02,15.61,15.72,15.95,1455467.0,23019885.0,924336000.0,9567742200.0
sh603680,今创集团,2019-01-17,15.7,15.75,15.18,15.21,15.72,1955512.0,30244915.0,894348000.0,9257338350.0
sh603680,今创集团,2019-01-18,15.22,15.51,15.12,15.51,15.21,1289194.0,19857845.0,911988000.0,9439928850.0
sh603680,今创集团,2019-01-21,15.5,15.66,15.36,15.57,15.51,1148729.0,17829801.0,915516000.0,9476446950.0
sh603680,今创集团,2019-01-22,15.45,15.97,15.45,15.69,15.57,2140176.0,33737732.0,922572000.0,9549483150.0
sh603680,今创集团,2019-01-23,15.69,16.4,15.58,16.29,15.69,4181973.0,67383896.0,957852000.0,9914664150.0
sh603680,今创集团,2019-01-24,16.15,16.25,15.91,16.09,16.29,2383043.0,38267294.0,946092000.0,9792937150.0
sh603680,今创集团,2019-01-25,16.15,16.38,15.92,15.92,16.09,2126854.0,34248730.0,936096000.0,9689469200.0
sh603680,今创集团,2019-01-28,16.03,16.07,15.38,15.44,15.92,1925561.0,30177803.0,907872000.0,9397324400.0
sh603680,今创集团,2019-01-29,15.25,15.43,14.53,14.9,15.44,1582587.0,23729418.0,876120000.0,9068661500.0
sh603680,今创集团,2019-01-30,14.78,15.06,14.59,14.6,14.9,875973.0,12975602.0,858480000.0,8886071000.0
sh603680,今创集团,2019-01-31,14.64,14.84,14.0,14.18,14.6,1232164.0,17798268.0,833784000.0,8630444300.0
sh603680,今创集团,2019-02-01,14.34,14.82,14.33,14.8,14.18,1062501.0,15570805.0,870240000.0,9007798000.0
sh603680,今创集团,2019-02-11,14.84,15.25,14.84,15.15,14.8,1281031.0,19372647.0,890820000.0,9220820250.0
sh603680,今创集团,2019-02-12,15.25,15.26,15.0,15.19,15.15,1594535.0,24120502.0,893172000.0,9245165650.0
sh603680,今创集团,2019-02-13,15.18,15.52,15.12,15.5,15.19,2017187.0,31069077.0,911400000.0,9433842500.0
sh603680,今创集团,2019-02-14,15.51,15.78,15.47,15.6,15.5,1736662.0,27187184.0,917280000.0,9494706000.0
sh603680,今创集团,2019-02-15,15.69,15.69,15.42,15.54,15.6,1603052.0,24937185.0,913752000.0,9458187900.0
sh603680,今创集团,2019-02-18,15.69,15.92,15.52,15.91,15.54,2403428.0,38012337.0,935508000.0,9683382850.0
sh603680,今创集团,2019-02-19,15.95,16.11,15.67,15.81,15.91,2524180.0,40127289.0,929628000.0,9622519350.0
sh603680,今创集团,2019-02-20,15.75,15.93,15.53,15.76,15.81,2010819.0,31614322.0,926688000.0,9592087600.0
sh603680,今创集团,2019-02-21,15.66,16.13,15.58,15.63,15.76,3556528.0,56516073.0,919044000.0,9512965050.0
sh603680,今创集团,2019-02-22,15.54,15.64,15.16,15.44,15.63,4128206.0,63270238.0,907872000.0,9397324400.0
sh603680,今创集团,2019-02-25,15.53,16.42,15.47,16.34,15.44,7099502.0,113789721.0,960792000.0,9945095900.0
sh603680,今创集团,2019-02-26,16.34,16.87,16.06,16.69,16.34,7953854.0,131692789.0,981372000.0,10158118150.0
sh603680,今创集团,2019-02-27,16.9,17.35,16.32,16.46,16.69,6496792.0,109416330.0,3035847208.52,10018132100.0
sh603680,今创集团,2019-02-28,16.2,16.6,16.2,16.46,16.46,2675614.0,43935152.0,3035847208.52,10018132100.0
sh603680,今创集团,2019-03-01,16.46,16.76,16.27,16.61,16.46,3058686.0,50622911.0,3063512887.82,10109427350.0
sh603680,今创集团,2019-03-04,16.7,17.07,16.61,16.83,16.61,5291493.0,89040918.0,3104089217.46,10243327050.0
sh603680,今创集团,2019-03-05,16.95,17.15,16.74,17.11,16.83,4780037.0,81071249.0,3155731818.82,10413744850.0
sh603680,今创集团,2019-03-06,17.1,17.4,16.95,17.37,17.11,5345966.0,91655983.0,3203685662.94,10571989950.0
sh603680,今创集团,2019-03-07,17.38,18.16,17.13,17.93,17.37,6496595.0,114579785.0,3306970865.66,10912825550.0
sh603680,今创集团,2019-03-08,17.5,17.68,16.51,16.64,17.93,5067880.0,87163365.0,3069046023.68,10127686400.0
sh603680,今创集团,2019-03-11,16.62,17.17,16.61,17.14,16.64,3176980.0,53856433.0,3161264954.68,10432003900.0
sh603680,今创集团,2019-03-12,17.2,17.67,17.2,17.55,17.14,5073242.0,88338347.0,3236884478.1,10681544250.0
sh603680,今创集团,2019-03-13,17.47,18.27,17.28,17.39,17.55,5338440.0,95146002.0,3207374420.18,10584162650.0
sh603680,今创集团,2019-03-14,17.03,17.63,16.7,17.1,17.39,3305401.0,56323891.0,3153887440.2,10407658500.0
sh603680,今创集团,2019-03-15,17.18,17.53,17.03,17.28,17.1,2879634.0,49770056.0,3187086255.36,10517212800.0
sh603680,今创集团,2019-03-18,17.29,17.82,17.1,17.8,17.28,3421712.0,60024898.0,3282993943.6,10833703000.0
sh603680,今创集团,2019-03-19,17.92,17.92,17.47,17.6,17.8,2934807.0,51794484.0,3246106371.2,10711976000.0
sh603680,今创集团,2019-03-20,17.58,17.58,17.13,17.34,17.6,2469550.0,42784070.0,3198152527.08,10553730900.0
sh603680,今创集团,2019-03-21,17.4,17.51,17.26,17.41,17.34,2280130.0,39696285.0,3211063177.42,10596335350.0
sh603680,今创集团,2019-03-22,17.41,17.41,17.05,17.32,17.41,2393254.0,41234702.0,3194463769.84,10541558200.0
sh603680,今创集团,2019-03-25,17.05,17.28,17.01,17.02,17.32,2055417.0,35177238.0,3139132411.24,10358967700.0
sh603680,今创集团,2019-03-26,17.07,17.18,16.6,16.65,17.02,1995869.0,33624017.0,3070890402.3,10133772750.0
sh603680,今创集团,2019-03-27,16.74,16.79,16.41,16.65,16.65,1450710.0,24043657.0,3070890402.3,10133772750.0
sh603680,今创集团,2019-03-28,16.68,16.75,16.47,16.57,16.65,1072313.0,17820978.0,3056135373.34,10085081950.0
sh603680,今创集团,2019-03-29,16.62,16.9,16.38,16.86,16.57,1628538.0,27235483.0,3109622353.32,10261586100.0
sh603680,今创集团,2019-04-01,16.98,17.36,16.9,17.32,16.86,2703948.0,46592946.0,3194463769.84,10541558200.0
sh603680,今创集团,2019-04-02,17.36,17.47,17.24,17.32,17.32,2874702.0,49869475.0,3194463769.84,10541558200.0
sh603680,今创集团,2019-04-03,17.29,17.72,17.19,17.51,17.32,3337448.0,58396580.0,3229506963.62,10657198850.0
sh603680,今创集团,2019-04-04,17.5,17.73,17.28,17.6,17.51,3572167.0,62554047.0,3246106371.2,10711976000.0
sh603680,今创集团,2019-04-08,17.7,17.89,17.14,17.3,17.6,3387058.0,59267983.0,3190775012.6,10529385500.0
sh603680,今创集团,2019-04-09,17.3,17.64,17.3,17.56,17.3,2355966.0,41194689.0,3238728856.72,10687630600.0
sh603680,今创集团,2019-04-10,17.55,17.55,17.23,17.48,17.56,1825200.0,31768850.0,3223973827.76,10638939800.0
sh603680,今创集团,2019-04-11,17.47,17.87,17.43,17.6,17.48,3889406.0,68711016.0,3246106371.2,10711976000.0
sh603680,今创集团,2019-04-12,17.75,19.29,17.61,18.39,17.6,8420688.0,155733914.0,3391812282.18,11192797650.0
sh603680,今创集团,2019-04-15,18.41,19.88,18.24,19.39,18.39,9433879.0,180190998.0,3576250144.18,11801432650.0
sh603680,今创集团,2019-04-16,19.1,19.84,18.92,19.5,19.39,8047009.0,156244027.0,3596538309.0,11868382500.0
sh603680,今创集团,2019-04-17,19.28,19.4,18.88,19.05,19.5,5511505.0,105203782.0,3513541271.1,11594496750.0
sh603680,今创集团,2019-04-18,19.02,19.05,18.43,18.49,19.05,4343360.0,80903794.0,3410256068.38,11253661150.0
sh603680,今创集团,2019-04-19,18.53,18.78,18.39,18.65,18.49,2580530.0,48000204.0,3439766126.3,11351042750.0
sh603680,今创集团,2019-04-22,18.78,18.78,17.89,18.07,18.65,3004356.0,54582494.0,3332792166.34,10998034450.0
sh603680,今创集团,2019-04-23,18.08,18.16,17.66,17.74,18.07,2051005.0,36585836.0,3271927671.88,10797184900.0
sh603680,今创集团,2019-04-24,17.66,18.0,17.51,17.98,17.74,1606866.0,28576229.0,3316192758.76,10943257300.0
sh603680,今创集团,2019-04-25,17.92,17.92,17.13,17.6,17.98,2450271.0,43041088.0,3246106371.2,10711976000.0
sh603680,今创集团,2019-04-26,17.54,17.54,17.11,17.12,17.6,1538533.0,26558868.0,3157576197.44,10419831200.0
sh603680,今创集团,2019-04-29,17.11,17.3,16.8,17.09,17.12,1518453.0,25950611.0,3152043061.58,10401572150.0
sh603680,今创集团,2019-04-30,17.09,17.4,17.09,17.37,17.09,969533.0,16740310.0,3203685662.94,10571989950.0
sh603680,今创集团,2019-05-06,16.36,16.74,15.63,15.64,17.37,2183168.0,35211285.0,2884608161.68,9519051400.0
sh603680,今创集团,2019-05-07,15.79,15.96,15.36,15.56,15.64,1280815.0,20023183.0,2869853132.72,9470360600.0
sh603680,今创集团,2019-05-08,15.46,15.7,15.05,15.38,15.56,928443.0,14310467.0,2836654317.56,9360806300.0
sh603680,今创集团,2019-05-09,15.5,15.57,15.21,15.26,15.38,755260.0,11613930.0,2814521774.12,9287770100.0
sh603680,今创集团,2019-05-10,15.54,15.93,15.16,15.9,15.26,1700512.0,26740059.0,2932562005.8,9677296500.0
sh603680,今创集团,2019-05-13,15.89,15.98,15.63,15.79,15.9,848754.0,13426484.0,2912273840.98,9610346650.0
sh603680,今创集团,2019-05-14,15.67,15.85,15.31,15.72,15.79,926894.0,14564301.0,2899363190.64,9567742200.0
sh603680,今创集团,2019-05-15,15.79,16.22,15.79,15.94,15.72,952880.0,15194070.0,2939939520.28,9701641900.0
sh603680,今创集团,2019-05-16,15.88,16.13,15.83,16.03,15.94,871334.0,13962826.0,2956538927.86,9756419050.0
sh603680,今创集团,2019-05-17,16.1,16.1,15.2,15.3,16.03,1303073.0,20384148.0,2821899288.6,9312115500.0
sh603680,今创集团,2019-05-20,15.18,15.3,14.93,15.29,15.3,952060.0,14373524.0,2820054909.98,9306029150.0
sh603680,今创集团,2019-05-21,15.29,15.57,15.03,15.44,15.29,717680.0,11059171.0,2847720589.28,9397324400.0
sh603680,今创集团,2019-05-22,15.45,15.54,15.28,15.36,15.44,715360.0,10988386.0,2832965560.32,9348633600.0
sh603680,今创集团,2019-05-23,15.31,15.38,14.98,15.03,15.36,674858.0,10229775.0,2772101065.86,9147784050.0
sh603680,今创集团,2019-05-24,15.0,15.12,14.94,15.06,15.03,567220.0,8507894.0,2777634201.72,9166043100.0
sh603680,今创集团,2019-05-27,15.38,15.67,15.01,15.46,15.06,722120.0,11088899.0,2851409346.52,9409497100.0
sh603680,今创集团,2019-05-28,15.46,15.64,15.35,15.37,15.46,738040.0,11451825.0,2834809938.94,9354719950.0
sh603680,今创集团,2019-05-29,15.33,15.59,15.28,15.5,15.37,542455.0,8382090.0,2858786861.0,9433842500.0
sh603680,今创集团,2019-05-30,15.4,15.46,15.22,15.35,15.5,651812.0,9972785.0,2831121181.7,9342547250.0
sh603680,今创集团,2019-05-31,15.25,15.56,15.2,15.45,15.35,561207.0,8657464.0,2849564967.9,9403410750.0
sh603680,今创集团,2019-06-03,15.47,15.57,15.29,15.5,15.45,696009.0,10732532.0,2858786861.0,9433842500.0
sh603680,今创集团,2019-06-04,15.55,15.59,15.28,15.31,15.5,621020.0,9587972.0,2823743667.22,9318201850.0
sh603680,今创集团,2019-06-05,15.44,15.56,15.35,15.35,15.31,524608.0,8093939.0,2831121181.7,9342547250.0
sh603680,今创集团,2019-06-06,15.32,15.35,14.61,14.63,15.35,996634.0,14823104.0,2698325921.06,8904330050.0
sh603680,今创集团,2019-06-10,14.65,14.93,14.65,14.75,14.63,515000.0,7624998.0,2720458464.5,8977366250.0
sh603680,今创集团,2019-06-11,15.02,15.41,14.7,15.39,14.75,1021754.0,15494680.0,2838498696.18,9366892650.0
sh603680,今创集团,2019-06-12,15.4,15.68,15.32,15.54,15.39,1083180.0,16853843.0,2866164375.48,9458187900.0
sh603680,今创集团,2019-06-13,15.57,15.74,15.37,15.67,15.54,939620.0,14630311.0,2890141297.54,9537310450.0
sh603680,今创集团,2019-06-14,15.7,15.74,15.35,15.37,15.67,699361.0,10831448.0,2834809938.94,9354719950.0
sh603680,今创集团,2019-06-17,15.34,15.47,15.2,15.22,15.37,446800.0,6833444.0,2807144259.64,9263424700.0
sh603680,今创集团,2019-06-18,15.23,15.34,14.9,15.0,15.22,663340.0,9968973.0,2766567930.0,9129525000.0
sh603680,今创集团,2019-06-19,15.35,15.53,15.24,15.42,15.0,1101188.0,16933802.0,2844031832.04,9385151700.0
sh603680,今创集团,2019-06-20,15.44,15.69,15.35,15.66,15.42,967094.0,15061013.0,2888296918.92,9531224100.0
sh603680,今创集团,2019-06-21,15.74,16.2,15.66,15.9,15.66,1596288.0,25589058.0,2932562005.8,9677296500.0
sh603680,今创集团,2019-06-24,15.89,16.19,15.81,16.09,15.9,1044983.0,16712820.0,2967605199.58,9792937150.0
sh603680,今创集团,2019-06-25,16.1,16.1,15.6,15.78,16.09,1027900.0,16228000.0,2910429462.36,9604260300.0
sh603680,今创集团,2019-06-26,15.67,15.86,15.63,15.75,15.78,432855.0,6819168.0,2904896326.5,9586001250.0
sh603680,今创集团,2019-06-27,15.79,15.97,15.58,15.84,15.75,603260.0,9558033.0,2921495734.08,9640778400.0
sh603680,今创集团,2019-06-28,15.84,15.91,15.65,15.72,15.84,542600.0,8540692.0,2899363190.64,9567742200.0
sh603680,今创集团,2019-07-01,15.85,16.16,15.85,16.12,15.72,891300.0,14309156.0,2973138335.44,9811196200.0
sh603680,今创集团,2019-07-02,16.17,16.33,16.05,16.09,16.12,1042754.0,16859211.0,2967605199.58,9792937150.0
sh603680,今创集团,2019-07-03,16.16,16.16,15.9,16.02,16.09,632654.0,10111862.0,2954694549.24,9750332700.0
sh603680,今创集团,2019-07-04,16.0,16.16,15.95,16.0,16.02,521457.0,8357236.0,2951005792.0,9738160000.0
sh603680,今创集团,2019-07-05,16.16,16.94,16.1,16.79,16.0,2889644.0,48010667.0,3096711702.98,10218981650.0
sh603680,今创集团,2019-07-08,16.69,16.75,15.98,16.09,16.79,2227152.0,36175884.0,2967605199.58,9792937150.0
sh603680,今创集团,2019-07-09,16.03,16.06,15.8,15.9,16.09,1226980.0,19515648.0,2932562005.8,9677296500.0
sh603680,今创集团,2019-07-10,15.97,15.97,15.56,15.81,15.9,1030247.0,16226078.0,2915962598.22,9622519350.0
sh603680,DR今创集,2019-07-11,11.94,12.93,11.79,12.51,12.01,2020039.0,25198209.0,2999512954.71,9898231005.0
sh603680,今创集团,2019-07-12,12.26,12.41,12.11,12.14,12.51,1702057.0,20865467.0,2910798342.94,9605477570.0
sh603680,今创集团,2019-07-15,12.1,12.1,11.5,11.8,12.14,1615420.0,18997821.0,2829276807.8,9336460900.0
sh603680,今创集团,2019-07-16,11.83,11.83,11.63,11.65,11.8,1203390.0,14080882.0,2793311424.65,9217777075.0
sh603680,今创集团,2019-07-17,11.72,11.72,11.6,11.7,11.65,813100.0,9481250.0,2805299885.7,9257338350.0
sh603680,今创集团,2019-07-18,11.69,11.69,11.46,11.54,11.7,854588.0,9883004.0,2766936810.34,9130742270.0
sh603680,今创集团,2019-07-19,11.61,11.7,11.54,11.55,11.54,590931.0,6853955.0,2769334502.55,9138654525.0
sh603680,今创集团,2019-07-22,11.55,11.69,11.16,11.19,11.55,768136.0,8674096.0,2683017582.99,8853813345.0
sh603680,今创集团,2019-07-23,11.21,11.43,11.21,11.36,11.19,517420.0,5860948.0,2723778350.56,8988321680.0
sh603680,今创集团,2019-07-24,11.31,11.49,11.31,11.4,11.36,619174.0,7080023.0,2733369119.4,9019970700.0
sh603680,今创集团,2019-07-25,11.54,11.54,11.28,11.41,11.4,742840.0,8464218.0,2735766811.61,9027882955.0
sh603680,今创集团,2019-07-26,11.31,11.45,11.31,11.42,11.41,610938.0,6971412.0,2738164503.82,9035795210.0
sh603680,今创集团,2019-07-29,11.41,11.49,11.33,11.36,11.42,558407.0,6358076.0,2723778350.56,8988321680.0
sh603680,今创集团,2019-07-30,11.44,11.6,11.37,11.53,11.36,818371.0,9404028.0,2764539118.13,9122830015.0
sh603680,今创集团,2019-07-31,11.5,11.57,11.45,11.46,11.53,554176.0,6370932.0,2747755272.66,9067444230.0
sh603680,今创集团,2019-08-01,11.47,11.66,11.38,11.56,11.46,833424.0,9587509.0,2771732194.76,9146566780.0
sh603680,今创集团,2019-08-02,11.44,11.44,11.2,11.35,11.56,821278.0,9299521.0,2721380658.35,8980409425.0
sh603680,今创集团,2019-08-05,11.36,11.38,11.21,11.21,11.35,662470.0,7473975.0,2687812967.41,8869637855.0
sh603680,今创集团,2019-08-06,11.18,11.18,10.4,10.7,11.21,1244846.0,13386766.0,2565530664.7,8466112850.0
sh603680,今创集团,2019-08-07,10.91,10.97,10.6,10.7,10.7,449777.0,4836938.0,2565530664.7,8466112850.0
sh603680,今创集团,2019-08-08,10.75,10.85,10.65,10.66,10.7,507082.0,5444696.0,2555939895.86,8434463830.0
sh603680,今创集团,2019-08-09,10.75,10.82,10.59,10.65,10.66,406136.0,4341264.0,2553542203.65,8426551575.0
sh603680,今创集团,2019-08-12,10.76,10.81,10.65,10.81,10.65,418861.0,4494146.0,2591905279.01,8553147655.0
sh603680,今创集团,2019-08-13,10.78,10.78,10.64,10.68,10.81,404132.0,4318893.0,2560735280.28,8450288340.0
sh603680,今创集团,2019-08-14,10.88,10.91,10.68,10.7,10.68,592114.0,6370779.0,2565530664.7,8466112850.0
sh603680,今创集团,2019-08-15,10.57,10.77,10.38,10.68,10.7,691037.0,7310127.0,2560735280.28,8450288340.0
sh603680,今创集团,2019-08-16,10.62,10.73,10.59,10.66,10.68,687260.0,7343032.0,2555939895.86,8434463830.0
sh603680,今创集团,2019-08-19,10.67,10.89,10.67,10.88,10.66,913996.0,9893272.0,2608689124.48,8608533440.0
sh603680,今创集团,2019-08-20,10.88,10.94,10.81,10.86,10.88,628025.0,6834152.0,2603893740.06,8592708930.0
sh603680,今创集团,2019-08-21,10.87,10.96,10.81,10.88,10.86,572606.0,6221323.0,2608689124.48,8608533440.0
sh603680,今创集团,2019-08-22,10.95,10.96,10.77,10.81,10.88,470994.0,5101733.0,2591905279.01,8553147655.0
sh603680,今创集团,2019-08-23,10.86,10.86,10.74,10.77,10.81,445744.0,4813952.0,2582314510.17,8521498635.0
sh603680,今创集团,2019-08-26,10.61,10.61,10.4,10.54,10.77,850186.0,8942243.0,2527167589.34,8339516770.0
sh603680,今创集团,2019-08-27,10.51,10.84,10.51,10.82,10.54,1013470.0,10850154.0,2594302971.22,8561059910.0
sh603680,今创集团,2019-08-28,10.74,10.79,10.6,10.7,10.82,1000456.0,10717722.0,2565530664.7,8466112850.0
sh603680,今创集团,2019-08-29,10.8,10.85,10.66,10.84,10.7,997250.0,10747444.0,2599098355.64,8576884420.0
sh603680,今创集团,2019-08-30,10.89,10.89,10.54,10.57,10.84,931154.0,9966664.0,2534360665.97,8363253535.0
sh603680,今创集团,2019-09-02,10.57,10.72,10.51,10.72,10.57,767966.0,8202850.0,2570326049.12,8481937360.0
sh603680,今创集团,2019-09-03,10.75,10.83,10.67,10.81,10.72,884228.0,9534909.0,2591905279.01,8553147655.0
sh603680,今创集团,2019-09-04,10.72,10.95,10.72,10.92,10.81,1145724.0,12463475.0,2618279893.32,8640182460.0
sh603680,今创集团,2019-09-05,10.98,11.18,10.98,11.05,10.92,1810703.0,20095799.0,2649449892.05,8743041775.0
sh603680,今创集团,2019-09-06,11.14,11.14,10.9,10.96,11.05,1289704.0,14202719.0,2627870662.16,8671831480.0
sh603680,今创集团,2019-09-09,11.06,11.3,11.06,11.28,10.96,1681916.0,18873083.0,2704596812.88,8925023640.0
sh603680,今创集团,2019-09-10,11.28,11.38,11.22,11.28,11.28,1277682.0,14428020.0,2704596812.88,8925023640.0
sh603680,今创集团,2019-09-11,11.3,11.38,11.2,11.23,11.28,837534.0,9427674.0,2692608351.83,8885462365.0
sh603680,今创集团,2019-09-12,11.16,11.32,11.16,11.27,11.23,749908.0,8432246.0,2702199120.67,8917111385.0
sh603680,今创集团,2019-09-16,11.27,11.48,11.27,11.35,11.27,1106946.0,12568725.0,2721380658.35,8980409425.0
sh603680,今创集团,2019-09-17,11.29,11.3,11.01,11.06,11.35,1217818.0,13546345.0,2651847584.26,8750954030.0
sh603680,今创集团,2019-09-18,11.08,11.13,10.99,11.03,11.06,730192.0,8071167.0,2644654507.63,8727217265.0
sh603680,今创集团,2019-09-19,11.13,11.14,11.02,11.13,11.03,554351.0,6145773.0,2668631429.73,8806339815.0
sh603680,今创集团,2019-09-20,11.3,12.24,11.3,12.24,11.13,8240772.0,99485043.0,2934775265.04,9684600120.0
sh603680,今创集团,2019-09-23,12.0,12.78,11.88,12.23,12.24,12065203.0,149145862.0,3013617488.08,9676687865.0
sh603680,今创集团,2019-09-24,12.01,12.13,11.81,11.91,12.23,5319289.0,63433402.0,2934765681.36,9423495705.0
sh603680,今创集团,2019-09-25,11.83,11.88,11.5,11.57,11.91,3343017.0,38737552.0,2850985636.72,9154479035.0
sh603680,今创集团,2019-09-26,11.46,11.64,11.26,11.38,11.57,2540016.0,28908603.0,2804167376.48,9004146190.0
sh603680,今创集团,2019-09-27,11.33,11.74,11.33,11.56,11.38,2430704.0,28129701.0,2848521517.76,9146566780.0
sh603680,今创集团,2019-09-30,11.48,11.48,11.17,11.24,11.56,1785150.0,20190747.0,2769669711.04,8893374620.0
sh603680,今创集团,2019-10-08,11.3,11.33,11.15,11.15,11.24,1229162.0,13781452.0,2747492640.4,8822164325.0
sh603680,今创集团,2019-10-09,11.12,11.12,10.89,11.04,11.15,1357322.0,14904402.0,2720387331.84,8735129520.0
sh603680,今创集团,2019-10-10,11.05,11.15,10.97,11.1,11.04,1280834.0,14175316.0,2735172045.6,8782603050.0
sh603680,今创集团,2019-10-11,11.09,11.16,11.0,11.12,11.1,1172114.0,12992202.0,2740100283.52,8798427560.0
sh603680,今创集团,2019-10-14,11.22,11.39,11.22,11.36,11.12,1523569.0,17230463.0,2799239138.56,8988321680.0
sh603680,今创集团,2019-10-15,11.36,11.36,11.21,11.23,11.36,973258.0,10948430.0,2767205592.08,8885462365.0
sh603680,今创集团,2019-10-16,11.33,11.33,11.1,11.11,11.23,1020967.0,11408902.0,2737636164.56,8790515305.0
sh603680,今创集团,2019-10-17,11.15,11.22,11.09,11.11,11.11,675436.0,7529086.0,2737636164.56,8787684477.0
sh603680,今创集团,2019-10-18,11.1,11.19,10.9,10.91,11.11,1045190.0,11509552.0,2688353785.36,8629490337.0
sh603680,今创集团,2019-10-21,10.87,10.89,10.68,10.75,10.91,817958.0,8785457.0,2648927882.0,8502935025.0
sh603680,今创集团,2019-10-22,10.81,10.84,10.75,10.82,10.75,560660.0,6046271.0,2666176714.72,8558302974.0
sh603680,今创集团,2019-10-23,10.83,10.83,10.66,10.7,10.82,891058.0,9541370.0,2636607287.2,8463386490.0
sh603680,今创集团,2019-10-24,10.7,10.78,10.65,10.71,10.7,532392.0,5707695.0,2639071406.16,8471296197.0
sh603680,今创集团,2019-10-25,10.66,10.83,10.66,10.79,10.71,662350.0,7113538.0,2658784357.84,8534573853.0
sh603680,今创集团,2019-10-28,10.81,10.97,10.72,10.96,10.79,982476.0,10668190.0,2700674380.16,8669038872.0
sh603680,今创集团,2019-10-29,10.9,10.98,10.83,10.85,10.96,831430.0,9067540.0,2673569071.6,8582032095.0
sh603680,今创集团,2019-10-30,10.83,10.87,10.53,10.54,10.85,1373009.0,14602310.0,2597181383.84,8336831178.0
sh603680,今创集团,2019-10-31,10.5,10.58,10.38,10.38,10.54,1014370.0,10591985.0,2557755480.48,8210275866.0
sh603680,今创集团,2019-11-01,10.38,10.53,10.35,10.53,10.38,669850.0,7013945.0,2594717264.88,8328921471.0
sh603680,今创集团,2019-11-04,10.59,10.62,10.48,10.58,10.53,634312.0,6701391.0,2607037859.68,8368470006.0
sh603680,今创集团,2019-11-05,10.58,10.63,10.49,10.57,10.58,788233.0,8314934.0,2604573740.72,8360560299.0
sh603680,今创集团,2019-11-06,10.56,10.62,10.46,10.51,10.57,714044.0,7528068.0,2589789026.96,8313102057.0
sh603680,今创集团,2019-11-07,10.51,10.6,10.43,10.48,10.51,767331.0,8067338.0,2582396670.08,8289372936.0
sh603680,今创集团,2019-11-08,10.51,10.56,10.4,10.43,10.48,769286.0,8058759.0,2570076075.28,8249824401.0
sh603680,今创集团,2019-11-11,10.4,10.43,10.13,10.17,10.43,948614.0,9741555.0,2506008982.32,8044172019.0
sh603680,今创集团,2019-11-12,10.2,10.28,10.01,10.16,10.17,525338.0,5338180.0,2503544863.36,8036262312.0
sh603680,今创集团,2019-11-13,10.17,10.2,10.13,10.15,10.16,381322.0,3875229.0,2501080744.4,8028352605.0
sh603680,今创集团,2019-11-14,10.22,10.36,10.18,10.22,10.15,597434.0,6133317.0,2518329577.12,8083720554.0
sh603680,今创集团,2019-11-15,10.3,10.3,10.11,10.11,10.22,439222.0,4461675.0,2491224268.56,7996713777.0
sh603680,今创集团,2019-11-18,10.05,10.16,10.01,10.1,10.11,441078.0,4452392.0,2488760149.6,7988804070.0
sh603680,今创集团,2019-11-19,10.08,10.38,10.08,10.34,10.1,941976.0,9652851.0,2547899004.64,8178637038.0
sh603680,今创集团,2019-11-20,10.33,10.33,10.22,10.24,10.34,510290.0,5234565.0,2523257815.04,8099539968.0
sh603680,今创集团,2019-11-21,10.16,10.31,10.16,10.28,10.24,395222.0,4055581.0,2533114290.88,8131178796.0
sh603680,今创集团,2019-11-22,10.26,10.36,10.16,10.21,10.28,593692.0,6080319.0,2515865458.16,8075810847.0
sh603680,今创集团,2019-11-25,10.21,10.27,10.12,10.27,10.21,669004.0,6828678.0,2530650171.92,8123269089.0
sh603680,今创集团,2019-11-26,10.26,10.32,10.19,10.23,10.27,612077.0,6266164.0,2520793696.08,8091630261.0
sh603680,今创集团,2019-11-27,10.21,10.25,10.12,10.13,10.23,514520.0,5230519.0,2496152506.48,8012533191.0
sh603680,今创集团,2019-11-28,10.18,10.18,10.09,10.09,10.13,466260.0,4719642.0,2486296030.64,7980894363.0
sh603680,今创集团,2019-11-29,10.01,10.09,9.88,9.93,10.09,1476422.0,14653705.0,2446870127.28,7854339051.0
sh603680,今创集团,2019-12-02,9.92,9.97,9.88,9.88,9.93,465008.0,4614721.0,2434549532.48,7814790516.0
sh603680,今创集团,2019-12-03,9.85,9.95,9.84,9.91,9.88,622875.0,6150305.0,2441941889.36,7838519637.0
sh603680,今创集团,2019-12-04,9.88,9.96,9.84,9.93,9.91,422290.0,4182360.0,2446870127.28,7854339051.0
sh603680,今创集团,2019-12-05,9.93,10.06,9.91,10.03,9.93,726427.0,7269860.0,2471511316.88,7933436121.0
sh603680,今创集团,2019-12-06,10.02,10.07,9.99,10.05,10.03,621668.0,6241705.0,2476439554.8,7949255535.0
sh603680,今创集团,2019-12-09,10.09,10.09,10.01,10.04,10.05,496506.0,4983100.0,2473975435.84,7941345828.0
sh603680,今创集团,2019-12-10,10.04,10.19,10.0,10.19,10.04,1002650.0,10146293.0,2510937220.24,8059991433.0
sh603680,今创集团,2019-12-11,10.22,10.22,10.1,10.12,10.19,583966.0,5921451.0,2493688387.52,8004623484.0
sh603680,今创集团,2019-12-12,10.11,10.16,10.01,10.01,10.12,564438.0,5696261.0,2466583078.96,7917616707.0
sh603680,今创集团,2019-12-13,10.09,10.15,10.05,10.14,10.01,797303.0,8050703.0,2498616625.44,8020442898.0
sh603680,今创集团,2019-12-16,10.14,10.31,10.14,10.25,10.14,1162720.0,11883518.0,2525721934.0,8107449675.0
sh603680,今创集团,2019-12-17,10.25,10.38,10.21,10.37,10.25,1110055.0,11464783.0,2555291361.52,8202366159.0
sh603680,今创集团,2019-12-18,10.29,10.48,10.29,10.39,10.37,1295245.0,13453859.0,2560219599.44,8218185573.0
sh603680,今创集团,2019-12-19,10.4,10.65,10.39,10.58,10.39,1776526.0,18771432.0,2607037859.68,8368470006.0
sh603680,今创集团,2019-12-20,10.59,10.59,10.46,10.46,10.58,1166014.0,12263194.0,2577468432.16,8273553522.0
sh603680,今创集团,2019-12-23,10.48,10.48,10.21,10.24,10.46,1219188.0,12586287.0,2523257815.04,8099539968.0
sh603680,今创集团,2019-12-24,10.29,10.32,10.25,10.3,10.24,865652.0,8902119.0,2538042528.8,8146998210.0
sh603680,今创集团,2019-12-25,10.31,10.32,10.23,10.28,10.3,739951.0,7604127.0,2533114290.88,8131178796.0
sh603680,今创集团,2019-12-26,10.27,10.44,10.27,10.34,10.28,848024.0,8777640.0,2547899004.64,8178637038.0
sh603680,今创集团,2019-12-27,10.36,10.45,10.31,10.32,10.34,782946.0,8117240.0,2542970766.72,8162817624.0
sh603680,今创集团,2019-12-30,10.32,10.39,10.2,10.38,10.32,784100.0,8076508.0,2557755480.48,8210275866.0
sh603680,今创集团,2019-12-31,10.38,10.46,10.32,10.41,10.38,939094.0,9765715.0,2565147837.36,8234004987.0
sh603680,今创集团,2020-01-02,10.47,10.59,10.41,10.58,10.41,1441976.0,15180552.0,2607037859.68,8368470006.0
sh603680,今创集团,2020-01-03,10.58,10.61,10.45,10.59,10.58,1626219.0,17132462.0,2609501978.64,8376379713.0
sh603680,今创集团,2020-01-06,10.56,10.69,10.51,10.6,10.59,1602997.0,17018797.0,2611966097.6,8384289420.0
sh603680,今创集团,2020-01-07,10.6,10.73,10.6,10.7,10.6,1460338.0,15606345.0,2636607287.2,8463386490.0
sh603680,今创集团,2020-01-08,10.64,10.76,10.51,10.58,10.7,2311606.0,24583986.0,2607037859.68,8368470006.0
sh603680,今创集团,2020-01-09,10.65,10.72,10.6,10.69,10.58,1477900.0,15753656.0,2634143168.24,8455476783.0
sh603680,今创集团,2020-01-10,10.69,10.74,10.62,10.73,10.69,1213795.0,12965939.0,2643999644.08,8487115611.0
sh603680,今创集团,2020-01-13,10.78,10.78,10.6,10.73,10.73,1098125.0,11747543.0,2643999644.08,8487115611.0
sh603680,今创集团,2020-01-14,10.73,10.81,10.68,10.68,10.73,1113947.0,11946540.0,2631679049.28,8447567076.0
sh603680,今创集团,2020-01-15,10.68,10.71,10.53,10.55,10.68,1334814.0,14114297.0,2599645502.8,8344740885.0
sh603680,今创集团,2020-01-16,10.58,10.6,10.41,10.41,10.55,954909.0,10005563.0,2565147837.36,8234004987.0
sh603680,今创集团,2020-01-17,10.46,10.55,10.41,10.46,10.41,822187.0,8604373.0,2577468432.16,8273553522.0
sh603680,今创集团,2020-01-20,10.41,10.55,10.4,10.55,10.46,835984.0,8769452.0,2599645502.8,8344740885.0
sh603680,今创集团,2020-01-21,10.58,10.58,10.39,10.4,10.55,996151.0,10392909.0,2562683718.4,8226095280.0
sh603680,今创集团,2020-01-22,10.4,10.41,10.11,10.26,10.4,1493638.0,15297706.0,2528186052.96,8115359382.0
sh603680,今创集团,2020-01-23,10.22,10.25,9.92,10.0,10.26,1529037.0,15422536.0,2464118960.0,7909707000.0
sh603680,今创集团,2020-02-03,9.0,9.0,9.0,9.0,10.0,553500.0,4981500.0,2217707064.0,7118736300.0
sh603680,今创集团,2020-02-04,8.1,8.7,8.1,8.51,9.0,3231834.0,27357642.0,2096965234.96,6731160657.0
sh603680,今创集团,2020-02-05,8.55,8.83,8.5,8.75,8.51,1757378.0,15308804.0,2156104090.0,6920993625.0
sh603680,今创集团,2020-02-06,8.75,8.98,8.65,8.92,8.75,1951456.0,17281925.0,2197994112.32,7055458644.0
sh603680,今创集团,2020-02-07,8.92,9.01,8.81,8.95,8.92,1673195.0,14887864.0,2205386469.2,7079187765.0
sh603680,今创集团,2020-02-10,8.93,9.11,8.85,9.1,8.95,1344640.0,12165919.0,2242348253.6,7197833370.0
sh603680,今创集团,2020-02-11,9.08,9.16,9.05,9.08,9.1,864706.0,7873972.0,2237420015.68,7182013956.0
sh603680,今创集团,2020-02-12,9.09,9.24,9.05,9.15,9.08,1322642.0,12074543.0,2254668848.4,7237381905.0
sh603680,今创集团,2020-02-13,9.14,9.25,9.0,9.05,9.15,1034408.0,9430031.0,2230027658.8,7158284835.0
sh603680,今创集团,2020-02-14,9.02,9.08,8.9,8.93,9.05,1211120.0,10874986.0,2200458231.28,7063368351.0
sh603680,今创集团,2020-02-17,8.95,9.49,8.95,9.34,8.93,2198970.0,20390298.0,2301487108.64,7387666338.0
sh603680,今创集团,2020-02-18,9.36,9.48,9.3,9.48,9.34,1584661.0,14902119.0,2335984774.08,7498402236.0
sh603680,今创集团,2020-02-19,9.5,9.75,9.4,9.54,9.48,2195451.0,20989582.0,2350769487.84,7545860478.0
sh603680,今创集团,2020-02-20,9.68,10.49,9.4,10.13,9.54,4750620.0,47423831.0,2496152506.48,8012533191.0
sh603680,今创集团,2020-02-21,10.12,10.33,9.95,10.0,10.13,3059465.0,30836356.0,2464118960.0,7909707000.0
sh603680,今创集团,2020-02-24,9.94,9.98,9.79,9.91,10.0,2172249.0,21451718.0,2441941889.36,7838519637.0
sh603680,今创集团,2020-02-25,9.68,9.88,9.51,9.72,9.91,2122101.0,20547653.0,2395123629.12,7688235204.0
sh603680,今创集团,2020-02-26,9.61,10.04,9.56,9.82,9.72,2612832.0,25788144.0,2419764818.72,7767332274.0
sh603680,今创集团,2020-02-27,9.96,9.96,9.69,9.73,9.82,1353450.0,13262173.0,2397587748.08,7696144911.0
sh603680,今创集团,2020-02-28,9.54,9.63,9.03,9.04,9.73,2124882.0,19840348.0,2227563539.84,7150375128.0
sh603680,今创集团,2020-03-02,9.04,9.5,9.04,9.47,9.04,1756783.0,16528588.0,2333520655.12,7490492529.0
sh603680,今创集团,2020-03-03,9.57,9.88,9.57,9.65,9.47,2189173.0,21285696.0,2377874796.4,7632867255.0
sh603680,今创集团,2020-03-04,9.56,9.73,9.51,9.73,9.65,1253380.0,12126330.0,2397587748.08,7696144911.0
sh603680,今创集团,2020-03-05,9.81,10.06,9.81,9.97,9.73,2714411.0,26945785.0,2456726603.12,7885977879.0
sh603680,今创集团,2020-03-06,9.86,10.25,9.86,9.98,9.97,2482790.0,24913267.0,2459190722.08,7893887586.0
sh603680,今创集团,2020-03-09,9.9,10.29,9.79,10.1,9.98,3507555.0,35466829.0,2488760149.6,7988804070.0
sh603680,今创集团,2020-03-10,9.96,10.18,9.5,10.11,10.1,3248690.0,32192950.0,2491224268.56,7996713777.0
sh603680,今创集团,2020-03-11,10.28,10.98,10.04,10.47,10.11,7115283.0,74847079.0,2579932551.12,8281463229.0
sh603680,今创集团,2020-03-12,10.3,10.44,9.99,10.12,10.47,3951564.0,40215911.0,2493688387.52,8004623484.0
sh603680,今创集团,2020-03-13,9.68,9.98,9.42,9.88,10.12,3018368.0,29234761.0,2434549532.48,7814790516.0
sh603680,今创集团,2020-03-16,10.02,10.18,9.57,9.61,9.88,2892808.0,28682937.0,2368018320.56,7601228427.0
sh603680,今创集团,2020-03-17,9.55,9.78,9.22,9.49,9.61,1942104.0,18427969.0,2338448893.04,7506311943.0
sh603680,今创集团,2020-03-18,9.5,9.66,9.22,9.24,9.49,1678490.0,15889571.0,2276845919.04,7308569268.0
sh603680,今创集团,2020-03-19,9.33,9.33,8.95,9.23,9.24,1933672.0,17636426.0,2274381800.08,7300659561.0
sh603680,今创集团,2020-03-20,9.3,9.46,9.23,9.36,9.23,1159092.0,10821973.0,2306415346.56,7403485752.0
sh603680,今创集团,2020-03-23,9.26,9.33,9.03,9.08,9.36,1138199.0,10444308.0,2237420015.68,7182013956.0
sh603680,今创集团,2020-03-24,9.15,9.29,8.9,9.18,9.08,1490125.0,13582877.0,2262061205.28,7261111026.0
sh603680,今创集团,2020-03-25,9.35,9.71,9.26,9.47,9.18,2142962.0,20298986.0,2333520655.12,7490492529.0
sh603680,今创集团,2020-03-26,9.4,9.61,9.29,9.29,9.47,1356493.0,12804420.0,2289166513.84,7348117803.0
sh603680,今创集团,2020-03-27,9.37,9.77,9.32,9.52,9.29,2443840.0,23305346.0,2345841249.92,7530041064.0
sh603680,今创集团,2020-03-30,9.38,9.44,9.12,9.23,9.52,1420995.0,13107044.0,2274381800.08,7300659561.0
sh603680,今创集团,2020-03-31,9.33,9.38,9.09,9.13,9.23,1144174.0,10523554.0,2249740610.48,7221562491.0
sh603680,今创集团,2020-04-01,9.21,9.22,8.96,9.0,9.13,1295715.0,11734336.0,2217707064.0,7118736300.0
sh603680,今创集团,2020-04-02,8.97,9.12,8.88,9.1,9.0,881391.0,7939858.0,2242348253.6,7197833370.0
sh603680,今创集团,2020-04-03,9.1,9.1,8.92,8.96,9.1,826781.0,7425378.0,2207850588.16,7087097472.0
sh603680,今创集团,2020-04-07,9.06,9.18,9.06,9.16,8.96,1011301.0,9233469.0,2257132967.36,7245291612.0
sh603680,今创集团,2020-04-08,9.16,9.25,9.09,9.24,9.16,892052.0,8195363.0,2276845919.04,7308569268.0
sh603680,今创集团,2020-04-09,9.25,9.32,9.17,9.24,9.24,1065021.0,9835333.0,2276845919.04,7308569268.0
sh603680,今创集团,2020-04-10,9.2,9.28,9.03,9.05,9.24,834844.0,7603941.0,2230027658.8,7158284835.0
sh603680,今创集团,2020-04-13,9.0,9.05,8.9,8.98,9.05,654784.0,5879450.0,2212778826.08,7102916886.0
sh603680,今创集团,2020-04-14,9.03,9.07,8.98,9.06,8.98,725695.0,6550380.0,2232491777.76,7166194542.0
sh603680,今创集团,2020-04-15,9.06,9.09,8.96,8.98,9.06,683435.0,6157902.0,2212778826.08,7102916886.0
sh603680,今创集团,2020-04-16,8.89,9.02,8.89,8.99,8.98,533602.0,4780511.0,2215242945.04,7110826593.0
sh603680,今创集团,2020-04-17,9.03,9.31,8.99,9.24,8.99,2090549.0,19186674.0,2276845919.04,7308569268.0
sh603680,今创集团,2020-04-20,9.29,9.4,9.16,9.22,9.24,1348960.0,12464229.0,2271917681.12,7292749854.0
sh603680,今创集团,2020-04-21,9.2,9.2,9.03,9.16,9.22,907435.0,8263707.0,2257132967.36,7245291612.0
sh603680,今创集团,2020-04-22,9.11,9.37,9.03,9.26,9.16,1772157.0,16335973.0,2281774156.96,7324388682.0
sh603680,今创集团,2020-04-23,9.29,9.68,9.15,9.52,9.26,3467124.0,33030640.0,2345841249.92,7530041064.0
sh603680,今创集团,2020-04-24,9.46,9.49,9.11,9.15,9.52,2376100.0,21943689.0,2254668848.4,7237381905.0
sh603680,今创集团,2020-04-27,9.14,9.24,9.12,9.18,9.15,977216.0,8966629.0,2262061205.28,7261111026.0
sh603680,今创集团,2020-04-28,9.15,9.2,8.66,9.06,9.18,1691444.0,15182007.0,2232491777.76,7166194542.0
sh603680,今创集团,2020-04-29,9.05,9.16,8.96,8.98,9.06,996716.0,9029713.0,2212778826.08,7102916886.0
sh603680,今创集团,2020-04-30,8.98,9.2,8.98,9.16,8.98,1200307.0,10956638.0,2257132967.36,7245291612.0
sh603680,今创集团,2020-05-06,9.09,9.37,9.06,9.36,9.16,1514242.0,14016751.0,2306415346.56,7403485752.0
sh603680,今创集团,2020-05-07,9.36,9.45,9.29,9.31,9.36,1371978.0,12817603.0,2294094751.76,7363937217.0
sh603680,今创集团,2020-05-08,9.45,9.45,9.29,9.37,9.31,1290272.0,12075099.0,2308879465.52,7411395459.0
sh603680,今创集团,2020-05-11,9.45,9.48,9.33,9.39,9.37,1228044.0,11515165.0,2313807703.44,7427214873.0
sh603680,今创集团,2020-05-12,9.46,9.46,9.22,9.33,9.39,836996.0,7791368.0,2299022989.68,7379756631.0
sh603680,今创集团,2020-05-13,9.21,9.34,9.21,9.32,9.33,847599.0,7875593.0,2296558870.72,7371846924.0
sh603680,今创集团,2020-05-14,9.35,9.35,9.21,9.24,9.32,807176.0,7484079.0,2276845919.04,7308569268.0
sh603680,今创集团,2020-05-15,9.25,9.32,9.18,9.21,9.24,708580.0,6536011.0,2269453562.16,7284840147.0
sh603680,今创集团,2020-05-18,9.27,10.13,9.16,10.13,9.21,5233836.0,51673328.0,2496152506.48,8012533191.0
sh603680,今创集团,2020-05-19,10.1,10.13,9.79,9.84,10.13,5328326.0,52865269.0,2424693056.64,7783151688.0
sh603680,今创集团,2020-05-20,9.87,10.07,9.76,10.05,9.84,3780399.0,37672050.0,2476439554.8,7949255535.0
sh603680,今创集团,2020-05-21,10.1,10.54,10.04,10.23,10.05,6032578.0,62477780.0,2520793696.08,8091630261.0
sh603680,今创集团,2020-05-22,10.11,10.47,9.91,10.09,10.23,3948386.0,40167749.0,2486296030.64,7980894363.0
sh603680,今创集团,2020-05-25,10.1,10.2,9.72,9.96,10.09,2810697.0,27926529.0,2454262484.16,7878068172.0
sh603680,今创集团,2020-05-26,10.05,10.14,9.84,10.06,9.96,2866058.0,28665253.0,2478903673.76,7957165242.0
sh603680,今创集团,2020-05-27,10.06,10.55,9.93,10.38,10.06,4222442.0,43624344.0,2557755480.48,8210275866.0
sh603680,今创集团,2020-05-28,10.38,10.98,10.22,10.64,10.38,6363853.0,68425063.0,2621822573.44,8414882548.8
sh603680,今创集团,2020-05-29,10.63,10.95,10.49,10.64,10.64,5555998.0,59617260.0,2621822573.44,8414882548.8
sh603680,今创集团,2020-06-01,10.68,10.83,10.56,10.7,10.64,3643888.0,38985850.0,2636607287.2,8462334894.0
sh603680,今创集团,2020-06-02,10.67,11.33,10.67,11.13,10.7,4909372.0,54357634.0,2742564402.48,8802410034.6
sh603680,今创集团,2020-06-03,11.2,11.4,10.65,10.66,11.13,6150047.0,66965237.0,2626750811.36,8430699997.2
sh603680,今创集团,2020-06-04,10.68,11.04,10.59,10.99,10.66,4266952.0,46430705.0,2708066737.04,8691687895.8
sh603680,今创集团,2020-06-05,11.0,11.17,10.82,11.15,10.99,3396402.0,37367285.0,2747492640.4,8818227483.0
sh603680,今创集团,2020-06-08,11.1,11.25,10.87,10.94,11.15,1876116.0,20638542.0,2695746142.24,8652144274.8
sh603680,今创集团,2020-06-09,10.83,11.03,10.79,11.01,10.94,1844164.0,20116398.0,2712994974.96,8707505344.2
sh603680,今创集团,2020-06-10,11.0,11.0,10.79,10.81,11.01,1578986.0,17134319.0,2663712595.76,8549330860.2
sh603680,今创集团,2020-06-11,10.78,11.05,10.78,10.89,10.81,1785541.0,19579015.0,2683425547.44,8612600653.8
sh603680,今创集团,2020-06-12,10.7,10.86,10.6,10.75,10.89,1462712.0,15766762.0,2648927882.0,8501878515.0
sh603680,今创集团,2020-06-15,10.73,10.93,10.68,10.73,10.75,1676101.0,18112099.0,2643999644.08,8486061066.6
sh603680,今创集团,2020-06-16,10.86,11.1,10.68,10.99,10.73,1715294.0,18684199.0,2708066737.04,8691687895.8
sh603680,今创集团,2020-06-17,11.05,11.1,10.87,11.1,10.99,1604564.0,17671676.0,2735172045.6,8778683862.0
sh603680,今创集团,2020-06-18,11.12,11.16,10.9,10.97,11.1,1312007.0,14387824.0,2703138499.12,8675870447.4
sh603680,今创集团,2020-06-19,10.95,11.08,10.89,11.0,10.97,1192638.0,13068290.0,2710530856.0,8699596620.0
sh603680,今创集团,2020-06-22,10.93,11.68,10.93,11.5,11.0,3931984.0,44964430.0,2833736804.0,9095032830.0
sh603680,今创集团,2020-06-23,11.45,12.65,11.37,12.31,11.5,10430855.0,127860307.0,3033330439.76,9735639490.2
sh603680,今创集团,2020-06-24,12.35,12.5,12.07,12.15,12.31,4840460.0,59146524.0,2993904536.4,9609099903.0
sh603680,今创集团,2020-06-29,12.18,12.2,11.8,11.93,12.15,2566576.0,30759121.0,2939693919.28,9435107970.6
sh603680,今创集团,2020-06-30,11.92,12.4,11.9,12.4,11.93,2492436.0,30199773.0,3055507510.4,9806818008.0
sh603680,今创集团,2020-07-01,12.39,12.39,11.99,12.1,12.4,1989590.0,24061479.0,2981583941.6000004,9569556282.0
sh603680,今创集团,2020-07-02,12.2,12.2,11.99,12.08,12.1,1952402.0,23557969.0,2976655703.6800003,9553738833.6
sh603680,今创集团,2020-07-03,12.14,12.4,12.06,12.25,12.08,2175132.0,26520821.0,3018545726.0,9688187145.0
sh603680,今创集团,2020-07-06,12.27,12.55,12.17,12.44,12.25,3684569.0,45578573.0,3065363986.24,9838452904.8
sh603680,今创集团,2020-07-07,12.48,12.73,12.28,12.46,12.44,3248664.0,40663588.0,3070292224.16,9854270353.2
sh603680,今创集团,2020-07-08,12.45,12.66,12.29,12.55,12.46,2605884.0,32426334.0,3092469294.8,9925448871.0
sh603680,今创集团,2020-07-09,12.54,13.39,12.46,13.0,12.55,3861283.0,49895285.0,3203354648.0,10281341460.0
sh603680,今创集团,2020-07-10,13.01,13.27,12.85,13.02,13.0,3198549.0,41859034.0,3208282885.92,10297158908.4
sh603680,XD今创集,2020-07-13,12.91,13.06,12.72,12.91,12.86,3317075.0,42707710.0,3181177577.36,10210162942.2
sh603680,今创集团,2020-07-14,13.1,13.12,12.53,12.79,12.91,3128789.0,40122211.0,3151608149.84,10115258251.8
sh603680,今创集团,2020-07-15,12.81,12.98,12.3,12.37,12.79,2518641.0,31562792.0,3048115153.52,9783091835.4
sh603680,今创集团,2020-07-16,12.37,12.6,11.74,11.78,12.37,2877272.0,34946360.0,2902732134.88,9316477107.6
sh603680,今创集团,2020-07-17,11.8,12.19,11.6,11.94,11.78,2131795.0,25347749.0,2942158038.24,9443016694.8
sh603680,今创集团,2020-07-20,12.03,12.37,11.94,12.29,11.94,1851243.0,22659733.0,3028402201.84,9719822041.8
sh603680,今创集团,2020-07-21,12.33,12.56,12.17,12.48,12.29,2075501.0,25721690.0,3075220462.08,9870087801.6
sh603680,今创集团,2020-07-22,12.6,13.2,12.38,12.44,12.48,4324908.0,54983384.0,3065363986.24,9838452904.8
sh603680,今创集团,2020-07-23,12.15,12.43,11.88,12.11,12.44,3242215.0,39195914.0,2984048060.56,9577465006.2
sh603680,今创集团,2020-07-24,12.26,12.55,11.65,11.66,12.11,3379908.0,40740935.0,2873162707.36,9221572417.2
sh603680,今创集团,2020-07-27,11.66,11.92,11.45,11.79,11.66,2285890.0,26833996.0,2905196253.84,9324385831.8
sh603680,今创集团,2020-07-28,11.81,12.18,11.77,11.88,11.79,1401562.0,16695705.0,2927373324.4799995,9395564349.6
sh603680,今创集团,2020-07-29,11.89,12.09,11.75,12.06,11.88,1582450.0,18924741.0,2971727465.76,9537921385.2
sh603680,今创集团,2020-07-30,12.06,12.13,11.81,11.83,12.06,1558859.0,18597499.0,2915052729.68,9356020728.6
sh603680,今创集团,2020-07-31,11.86,12.0,11.67,11.89,11.83,1688364.0,20003133.0,2929837443.44,9403473073.8
sh603680,今创集团,2020-08-03,11.95,12.24,11.9,12.22,11.89,2314110.0,28093028.0,3011153369.1200004,9664460972.4
sh603680,今创集团,2020-08-04,12.22,12.34,12.01,12.05,12.22,1816977.0,22064814.0,2969263346.8,9530012661.0
sh603680,今创集团,2020-08-05,11.96,12.16,11.78,12.02,12.05,1437176.0,17136257.0,2961870989.92,9506286488.4
sh603680,今创集团,2020-08-06,12.18,12.45,11.98,12.37,12.02,3014094.0,36879912.0,3048115153.52,9783091835.4
sh603680,今创集团,2020-08-07,12.98,13.3,12.46,12.61,12.37,8679910.0,110943852.0,3107254008.5600004,9972901216.2
sh603680,今创集团,2020-08-10,12.22,12.44,11.99,12.37,12.61,3667103.0,44854399.0,3048115153.52,9783091835.4
sh603680,今创集团,2020-08-11,12.24,12.37,12.05,12.06,12.37,2469916.0,30087521.0,2971727465.76,9537921385.2
sh603680,今创集团,2020-08-12,12.08,12.17,11.58,11.73,12.06,2123872.0,24868784.0,2890411540.08,9276933486.6
sh603680,今创集团,2020-08-13,11.73,12.29,11.73,12.24,11.73,2446370.0,29444620.0,3016081607.04,9680278420.8
sh603680,今创集团,2020-08-14,12.28,12.52,12.2,12.45,12.24,2237345.0,27737176.0,3067828105.2,9846361629.0
sh603680,今创集团,2020-08-17,12.48,12.67,12.4,12.66,12.45,2602234.0,32721417.0,3119574603.36,10012444837.2
sh603680,今创集团,2020-08-18,12.66,12.83,12.58,12.71,12.66,2195717.0,27844777.0,3131895198.1600003,10051988458.2
sh603680,今创集团,2020-08-19,12.82,12.82,12.54,12.58,12.71,1400284.0,17704956.0,3099861651.68,9949175043.6
sh603680,今创集团,2020-08-20,12.5,12.58,12.23,12.31,12.58,1584896.0,19648388.0,3033330439.76,9735639490.2
sh603680,今创集团,2020-08-21,12.6,12.6,12.14,12.46,12.31,933932.0,11553871.0,3070292224.16,9854270353.2
sh603680,今创集团,2020-08-24,12.45,12.66,12.41,12.6,12.46,1086310.0,13651902.0,3104789889.6,9964992492.0
sh603680,今创集团,2020-08-25,12.6,12.82,12.53,12.57,12.6,1114740.0,14137538.0,3097397532.72,9941266319.4
sh603680,今创集团,2020-08-26,12.46,12.66,12.16,12.19,12.57,1340088.0,16507469.0,3003761012.24,9640734799.8
sh603680,今创集团,2020-08-27,12.3,12.38,12.12,12.31,12.19,875860.0,10742528.0,3033330439.76,9735639490.2
sh603680,今创集团,2020-08-28,12.32,12.38,12.14,12.26,12.31,908445.0,11132625.0,3021009844.96,9696095869.2
sh603680,今创集团,2020-08-31,12.3,12.44,12.21,12.24,12.26,890712.0,10993198.0,3016081607.04,9680278420.8
sh603680,今创集团,2020-09-01,12.24,12.3,12.1,12.24,12.24,670008.0,8191510.0,3016081607.04,9680278420.8
sh603680,今创集团,2020-09-02,12.31,12.38,12.1,12.18,12.24,902043.0,11004354.0,3001296893.28,9632826075.6
sh603680,今创集团,2020-09-03,12.19,12.25,12.0,12.03,12.18,954510.0,11543509.0,2964335108.88,9514195212.6
sh603680,今创集团,2020-09-04,11.9,12.09,11.8,12.06,12.03,1222599.0,14592404.0,2971727465.76,9537921385.2
sh603680,今创集团,2020-09-07,12.03,12.36,11.65,11.84,12.06,1677956.0,20046103.0,2917516848.64,9363929452.8
sh603680,今创集团,2020-09-08,11.84,11.87,11.56,11.76,11.84,1377496.0,16087575.0,2897803896.96,9300659659.2
sh603680,今创集团,2020-09-09,11.71,11.77,11.46,11.59,11.76,1595330.0,18415574.0,2855913874.6400003,9166211347.8
sh603680,今创集团,2020-09-10,11.66,11.66,11.24,11.43,11.59,1425676.0,16254059.0,2816487971.28,9039671760.6
sh603680,今创集团,2020-09-11,11.38,11.5,11.15,11.36,11.43,875896.0,9916457.0,2799239138.56,8984310691.2
sh603680,今创集团,2020-09-14,11.37,11.5,11.35,11.49,11.36,659888.0,7548097.0,2831272685.04,9087124105.8
sh603680,今创集团,2020-09-15,11.44,11.7,11.44,11.64,11.49,923122.0,10672236.0,2868234469.44,9205754968.8
sh603680,今创集团,2020-09-16,11.6,11.69,11.5,11.56,11.64,550204.0,6383880.0,2848521517.76,9142485175.2
sh603680,今创集团,2020-09-17,11.56,11.68,11.43,11.56,11.56,469027.0,5414156.0,2848521517.76,9142485175.2
sh603680,今创集团,2020-09-18,11.67,11.67,11.48,11.61,11.56,669453.0,7744067.0,2860842112.56,9182028796.2
sh603680,今创集团,2020-09-21,11.65,11.65,11.31,11.39,11.61,980564.0,11193578.0,2806631495.44,9008036863.8
sh603680,今创集团,2020-09-22,11.38,11.38,11.03,11.09,11.39,805118.0,8976707.0,2732707926.64,8770775137.800001
sh603680,今创集团,2020-09-23,11.08,11.23,10.95,11.08,11.09,898009.0,9910712.0,2802727904.56,8762866413.6
sh603680,今创集团,2020-09-24,11.0,11.03,10.73,10.74,11.08,904188.0,9781281.0,2716723618.6800003,8493969790.799999
sh603680,今创集团,2020-09-25,10.8,10.8,10.6,10.71,10.74,684745.0,7314850.0,2709135005.2200003,8470243618.2
sh603680,今创集团,2020-09-28,10.71,10.79,10.64,10.66,10.71,331574.0,3545224.0,2696487316.12,8430699997.2
sh603680,今创集团,2020-09-29,10.67,10.78,10.62,10.71,10.66,376730.0,4034021.0,2709135005.2200003,8470243618.2
sh603680,今创集团,2020-09-30,10.67,10.7,10.56,10.62,10.71,555162.0,5901212.0,2686369164.84,8399065100.4
sh603680,今创集团,2020-10-09,10.8,10.98,10.66,10.86,10.62,806134.0,8740835.0,2747078072.5200005,8588874481.2
sh603680,今创集团,2020-10-12,10.98,11.09,10.93,11.07,10.86,726867.0,8021066.0,2800198366.74,8754957689.4
sh603680,今创集团,2020-10-13,11.01,11.12,10.91,11.06,11.07,392152.0,4338505.0,2797668828.92,8747048965.199999
sh603680,今创集团,2020-10-14,11.03,11.12,11.01,11.04,11.06,442302.0,4889569.0,2792609753.28,8731231516.8
sh603680,今创集团,2020-10-15,10.95,11.09,10.94,11.0,11.04,330986.0,3640706.0,2782491602.0,8699596620.0
sh603680,今创集团,2020-10-16,11.05,11.05,10.85,10.92,11.0,403672.0,4405083.0,2762255299.44,8636326826.4
sh603680,今创集团,2020-10-19,10.96,10.99,10.75,10.79,10.92,405331.0,4403090.0,2729371307.78,8533513411.8
sh603680,今创集团,2020-10-20,10.79,10.93,10.71,10.91,10.79,342671.0,3708539.0,2759725761.62,8628418102.2
sh603680,今创集团,2020-10-21,10.9,10.91,10.7,10.76,10.91,454590.0,4895060.0,2721782694.32,8509787239.2
sh603680,今创集团,2020-10-22,11.11,11.3,10.8,11.03,10.76,1539850.0,17048321.0,2790080215.46,8721139966.63
sh603680,今创集团,2020-10-23,10.91,10.98,10.75,10.79,11.03,676791.0,7341338.0,2729371307.78,8531378081.59
sh603680,今创集团,2020-10-26,10.79,10.79,10.6,10.64,10.79,519932.0,5543907.0,2691428240.48,8412776903.44
sh603680,今创集团,2020-10-27,10.79,10.79,10.52,10.6,10.64,547820.0,5811733.0,2681310089.2,8381149922.599999
sh603680,今创集团,2020-10-28,10.53,10.63,10.48,10.56,10.6,477950.0,5041229.0,2671191937.92,8349522941.76
sh603680,今创集团,2020-10-29,10.5,10.91,10.28,10.84,10.56,823985.0,8828255.0,2742018996.88,8570911807.64
sh603680,今创集团,2020-10-30,10.82,10.97,10.6,10.63,10.84,624322.0,6753457.0,2688898702.66,8404870158.23
sh603680,今创集团,2020-11-02,10.68,10.75,10.52,10.7,10.63,503502.0,5357973.0,2706605467.4,8460217374.700001
sh603680,今创集团,2020-11-03,10.8,11.14,10.62,11.06,10.7,1024657.0,11247589.0,2797668828.92,8744860202.26
sh603680,今创集团,2020-11-04,11.15,11.19,10.97,11.04,11.06,406090.0,4494204.0,2792609753.28,8729046711.84
sh603680,今创集团,2020-11-05,11.06,11.19,11.06,11.16,11.04,625367.0,6964265.0,2822964207.12,8823927654.359999
sh603680,今创集团,2020-11-06,11.5,11.5,11.05,11.11,11.16,703349.0,7862316.0,2810316518.02,8784393928.31
sh603680,今创集团,2020-11-09,11.14,11.42,11.09,11.23,11.11,1141377.0,12833103.0,2840670971.86,8879274870.83
sh603680,今创集团,2020-11-10,11.25,11.4,11.15,11.28,11.23,757242.0,8509346.0,2853318660.96,8918808596.880001
sh603680,今创集团,2020-11-11,11.24,11.27,11.02,11.06,11.28,683190.0,7594566.0,2797668828.92,8744860202.26
sh603680,今创集团,2020-11-12,11.04,11.35,11.04,11.27,11.06,648051.0,7258456.0,2850789123.1400003,8910901851.67
sh603680,今创集团,2020-11-13,11.25,11.49,11.17,11.4,11.27,1245721.0,14168987.0,2883673114.8,9013689539.4
sh603680,今创集团,2020-11-16,11.36,11.99,11.36,11.91,11.4,2501910.0,29499169.0,3012679543.62,9416933545.11
sh603680,今创集团,2020-11-17,11.92,12.18,11.89,12.12,11.91,2103503.0,25366199.0,3065799837.84,9582975194.52
sh603680,今创集团,2020-11-18,12.15,12.32,12.08,12.12,12.12,1726520.0,21075083.0,3065799837.84,9582975194.52
sh603680,今创集团,2020-11-19,12.21,12.21,11.9,12.05,12.12,1238755.0,14914411.0,3048093073.1,9527627978.05
sh603680,今创集团,2020-11-20,12.05,12.1,11.8,11.99,12.05,1192556.0,14241599.0,3032915846.1800003,9480187506.79
sh603680,今创集团,2020-11-23,11.98,12.15,11.86,12.07,11.99,1046996.0,12642606.0,3053152148.74,9543441468.47
sh603680,今创集团,2020-11-24,12.08,12.16,11.98,12.01,12.07,743222.0,8961325.0,3037974921.82,9496000997.21
sh603680,今创集团,2020-11-25,12.09,12.09,11.78,11.79,12.01,846504.0,10092304.0,2982325089.78,9322052602.59
sh603680,今创集团,2020-11-26,11.76,11.96,11.55,11.62,11.79,1185158.0,13834986.0,2939322946.84,9187637934.02
sh603680,今创集团,2020-11-27,11.72,11.82,11.47,11.56,11.62,649374.0,7530864.0,2924145719.92,9140197462.76
sh603680,今创集团,2020-11-30,11.58,11.72,11.53,11.63,11.56,647476.0,7542614.0,2941852484.6600003,9195544679.23
sh603680,今创集团,2020-12-01,11.64,12.3,11.61,12.2,11.63,4017918.0,48305393.0,3086036140.4,9646229156.2
sh603680,今创集团,2020-12-02,12.16,12.55,12.09,12.5,12.2,3603005.0,44666190.0,3161922275.0,9883431512.5
sh603680,今创集团,2020-12-03,12.36,12.43,11.98,12.05,12.5,2093459.0,25400034.0,3048093073.1,9527627978.05
sh603680,今创集团,2020-12-04,12.05,12.39,11.95,12.23,12.05,1903036.0,23235198.0,3093624753.86,9669949391.83
sh603680,今创集团,2020-12-07,12.4,12.48,12.05,12.18,12.23,1157746.0,14158092.0,3080977064.76,9630415665.78
sh603680,今创集团,2020-12-08,12.14,12.15,11.98,12.0,12.18,867352.0,10441892.0,3035445384.0,9488094252.0
sh603680,今创集团,2020-12-09,11.98,12.37,11.91,12.09,12.0,1541074.0,18744968.0,3058211224.38,9559254958.89
sh603680,今创集团,2020-12-10,12.05,12.29,11.99,12.19,12.09,908282.0,11066527.0,3083506602.5800004,9638322410.99
sh603680,今创集团,2020-12-11,12.19,12.26,11.89,12.26,12.19,2606833.0,31426892.0,3101213367.32,9693669627.46
sh603680,今创集团,2020-12-14,12.23,12.62,12.06,12.54,12.26,2817899.0,34915925.0,3172040426.28,9915058493.34
sh603680,今创集团,2020-12-15,12.58,12.96,12.53,12.8,12.54,4782034.0,61076472.0,3237808409.6,10120633868.8
sh603680,今创集团,2020-12-16,12.77,13.06,12.58,12.99,12.8,5731690.0,73991781.0,3285869628.18,10270862027.79
sh603680,今创集团,2020-12-17,12.9,13.96,12.82,13.93,12.99,8931500.0,120855225.0,3523646183.26,11014096077.53
sh603680,今创集团,2020-12-18,13.92,14.07,13.5,14.05,13.93,7251928.0,100306264.0,3554000637.1000004,11108977020.05
sh603680,今创集团,2020-12-21,14.04,14.27,13.77,13.94,14.05,3542147.0,49253280.0,3526175721.08,11022002822.740002
sh603680,今创集团,2020-12-22,13.81,13.99,13.81,13.95,13.94,5095361.0,70872403.0,3528705258.9,11029909567.95
sh603680,今创集团,2020-12-23,13.9,14.59,13.82,14.57,13.95,7808651.0,112029756.0,3685536603.74,11520127770.97
sh603680,今创集团,2020-12-24,14.58,14.9,13.81,14.19,14.57,6908737.0,99440220.0,3589414166.58,11219671452.99
sh603680,今创集团,2020-12-25,13.89,14.5,13.8,14.12,14.19,5731709.0,81006194.0,3571707401.84,11164324236.52
sh603680,今创集团,2020-12-28,14.08,14.22,13.9,14.13,14.12,3173075.0,44584564.0,3574236939.66,11172230981.73
sh603680,今创集团,2020-12-29,14.21,14.22,13.84,14.08,14.13,2994602.0,42079211.0,3561589250.56,11132697255.68
sh603680,今创集团,2020-12-30,13.98,14.28,13.86,14.08,14.08,3434131.0,48426655.0,3561589250.56,11132697255.68
sh603680,今创集团,2020-12-31,14.01,14.5,14.0,14.4,14.08,4177036.0,59888770.0,3642534460.8,11385713102.4
sh603680,今创集团,2021-01-04,14.4,14.8,14.1,14.62,14.4,5642893.0,81831282.0,3698184292.84,11559661497.02
sh603680,今创集团,2021-01-05,14.51,14.75,14.28,14.48,14.62,3862985.0,55808436.0,3662770763.36,11448967064.08
sh603680,今创集团,2021-01-06,14.48,14.56,13.83,13.99,14.48,5613833.0,78909979.0,3538823410.18,11061536548.79
sh603680,今创集团,2021-01-07,13.95,13.95,12.59,12.59,13.99,5874988.0,77768987.0,3184688115.38,9954592219.39
sh603680,今创集团,2021-01-08,12.1,12.67,11.68,12.13,12.59,7098142.0,85580105.0,3068329375.66,9590881939.73
sh603680,今创集团,2021-01-11,12.08,12.18,11.07,11.12,12.13,4629103.0,52850136.0,2812846055.84,8792300673.52
sh603680,今创集团,2021-01-12,11.12,11.17,10.73,10.98,11.12,2853285.0,31295644.0,2777432526.36,8681606240.58
sh603680,今创集团,2021-01-13,10.99,11.0,10.3,10.5,10.98,3342420.0,35577699.0,2656014711.0000005,8302082470.5
sh603680,今创集团,2021-01-14,10.5,10.87,10.41,10.67,10.5,2009121.0,21478692.0,2699016853.94,8436497139.070001
sh603680,今创集团,2021-01-15,10.74,11.21,10.62,10.99,10.67,2263282.0,24886927.0,2779962064.18,8689512985.79
sh603680,今创集团,2021-01-18,11.1,11.27,10.97,11.14,10.99,1182360.0,13151174.0,2817905131.48,8808114163.94
sh603680,今创集团,2021-01-19,11.13,11.68,11.02,11.52,11.14,2025491.0,23116443.0,2914027568.64,9108570481.92
sh603680,今创集团,2021-01-20,11.47,11.55,11.21,11.27,11.52,1747943.0,19878237.0,2850789123.1400003,8910901851.67
sh603680,今创集团,2021-01-21,11.21,11.45,11.2,11.34,11.27,787429.0,8947148.0,2868495887.88,8966249068.14
sh603680,今创集团,2021-01-22,11.35,11.72,11.08,11.7,11.34,1891729.0,21629159.0,2959559249.4,9250891895.7
sh603680,今创集团,2021-01-25,11.66,12.33,11.6,12.04,11.7,2917857.0,35236514.0,3045563535.28,9519721232.84
sh603680,今创集团,2021-01-26,12.0,12.2,11.92,12.03,12.04,1369259.0,16526796.0,3043033997.46,9511814487.63
sh603680,今创集团,2021-01-27,12.04,12.47,12.01,12.29,12.03,1971798.0,24212044.0,3108801980.78,9717389863.09
sh603680,今创集团,2021-01-28,12.2,12.5,12.2,12.49,12.29,1331117.0,16498938.0,3159392737.18,9875524767.29
sh603680,今创集团,2021-01-29,12.58,12.69,12.17,12.33,12.49,1885620.0,23262392.0,3118920132.06,9749016843.93
sh603680,今创集团,2021-02-01,12.18,12.49,12.01,12.16,12.33,1253860.0,15347244.0,3075917989.1200004,9614602175.36
sh603680,今创集团,2021-02-02,12.16,13.12,12.13,12.96,12.16,3022800.0,38507549.0,3278281014.7200003,10247141792.16
sh603680,今创集团,2021-02-03,12.96,13.07,12.68,12.84,12.96,1649390.0,21182872.0,3247926560.88,10152260849.64
sh603680,今创集团,2021-02-04,12.76,13.01,12.75,12.83,12.84,1221127.0,15698492.0,3245397023.06,10144354104.43
sh603680,今创集团,2021-02-05,12.81,13.23,12.75,13.23,12.83,2627829.0,34192360.0,3346578535.86,10460623912.83
sh603680,今创集团,2021-02-08,13.22,13.28,12.7,13.27,13.23,3744082.0,48850362.0,3356696687.1400003,10492250893.67
sh603680,今创集团,2021-02-09,13.18,13.4,12.88,13.28,13.27,2971644.0,39016164.0,3359226224.96,10500157638.88
sh603680,今创集团,2021-02-10,13.28,13.6,13.18,13.58,13.28,3328506.0,44595727.0,3435112359.56,10737359995.18
sh603680,今创集团,2021-02-18,13.7,13.74,13.5,13.54,13.58,2508806.0,34044572.0,3424994208.28,10705733014.34
sh603680,今创集团,2021-02-19,13.51,13.51,12.82,12.99,13.54,3022908.0,39371893.0,3285869628.18,10270862027.79
sh603680,今创集团,2021-02-22,13.05,13.69,12.94,13.46,12.99,3096964.0,41258023.0,3404757905.7200003,10642479052.66
sh603680,今创集团,2021-02-23,13.14,13.45,12.9,13.02,13.46,2001095.0,26214547.0,3293458241.64,10294582263.42
sh603680,今创集团,2021-02-24,12.98,13.15,12.84,13.02,13.02,1699985.0,22098317.0,3293458241.64,10294582263.42
sh603680,今创集团,2021-02-25,13.1,13.49,12.97,13.28,13.02,1840599.0,24309699.0,3359226224.96,10500157638.88
sh603680,今创集团,2021-02-26,13.2,14.09,13.2,14.0,13.28,3364955.0,46543218.0,3541352947.9999995,11069443294.0
sh603680,今创集团,2021-03-01,14.11,14.42,13.9,14.26,14.0,2575075.0,36399315.0,3607120931.32,11275018669.46
sh603680,今创集团,2021-03-02,14.26,14.4,14.02,14.17,14.26,1568802.0,22223250.0,3584355090.94,11203857962.57
sh603680,今创集团,2021-03-03,14.22,14.26,13.0,13.72,14.17,2404134.0,33317752.0,3470525889.04,10848054428.12
sh603680,今创集团,2021-03-04,13.83,13.9,13.55,13.62,13.72,1412016.0,19334414.0,3445230510.84,10768986976.02
sh603680,今创集团,2021-03-05,13.62,14.98,13.39,14.98,13.62,12422567.0,183509796.0,3789247654.36,11844304324.58
sh603680,今创集团,2021-03-08,14.7,15.08,14.4,14.4,14.98,8641884.0,126805066.0,3642534460.8,11385713102.4
sh603680,今创集团,2021-03-09,14.3,14.8,14.22,14.56,14.4,4608929.0,66960885.0,3683007065.92,11512221025.759998
sh603680,今创集团,2021-03-10,14.56,14.95,14.44,14.7,14.56,4922290.0,72506515.0,3718420595.4,11622915458.7
sh603680,今创集团,2021-03-11,14.65,15.45,14.5,15.32,14.7,8974317.0,134520779.0,3875251940.24,12113133661.72
sh603680,今创集团,2021-03-12,15.33,15.99,15.24,15.77,15.32,12131396.0,188183036.0,3989081142.14,12468937196.17
sh603680,今创集团,2021-03-15,15.66,16.33,15.61,16.3,15.77,10607205.0,170385181.0,4123146646.6,12887994692.3
sh603680,今创集团,2021-03-16,16.24,16.48,15.9,16.13,16.3,8514020.0,137862198.0,4080144503.66,12753580023.73
sh603680,今创集团,2021-03-17,16.16,16.24,15.39,15.75,16.13,7644182.0,121143849.0,3984022066.5,12453123705.75
sh603680,今创集团,2021-03-18,15.7,15.95,15.65,15.87,15.75,4998421.0,79240960.0,4014376520.34,12548004648.27
sh603680,今创集团,2021-03-19,15.77,15.98,15.72,15.83,15.87,6366507.0,100945237.0,4004258369.06,12516377667.429998
sh603680,今创集团,2021-03-22,15.91,16.24,15.47,16.16,15.83,6006516.0,95994062.0,4087733117.12,12777300259.36
sh603680,今创集团,2021-03-23,16.1,16.36,16.1,16.33,16.16,7187523.0,116388491.0,4130735260.06,12911714927.93
sh603680,今创集团,2021-03-24,16.3,16.51,16.25,16.49,16.33,6487197.0,106255196.0,4171207865.18,13038222851.29
sh603680,今创集团,2021-03-25,16.5,17.06,16.5,16.91,16.49,6834952.0,115000075.0,4277448453.62,13370306150.11
sh603680,今创集团,2021-03-26,16.99,17.3,16.99,17.27,16.91,8958109.0,154155358.0,4368511815.14,13654948977.669998
sh603680,今创集团,2021-03-29,17.29,17.7,16.98,17.69,17.27,6412023.0,111303693.0,4474752403.58,13987032276.49
sh603680,今创集团,2021-03-30,17.62,17.81,17.3,17.58,17.69,5734950.0,101148987.0,4446927487.56,13900058079.18
sh603680,今创集团,2021-03-31,17.5,17.65,15.82,15.82,17.58,7158474.0,117566353.0,4001728831.24,12508470922.22
sh603680,今创集团,2021-04-01,15.0,15.19,14.24,14.24,15.82,3343398.0,47973019.0,3602061855.6800003,11259205179.04
sh603680,今创集团,2021-04-02,13.22,14.15,12.91,13.4,14.24,11538290.0,153512475.0,3389580678.8,10595038581.4
sh603680,今创集团,2021-04-06,13.19,14.35,13.08,13.75,13.4,6675302.0,91553251.0,3478114502.5,10871774663.75
sh603680,今创集团,2021-04-07,13.75,14.01,13.55,13.64,13.75,4066916.0,55761788.0,3450289586.4800005,10784800466.44
sh603680,今创集团,2021-04-08,13.53,13.78,13.47,13.7,13.64,2152106.0,29325569.0,3465466813.4,10832240937.7
sh603680,今创集团,2021-04-09,13.77,13.8,13.47,13.5,13.7,2052532.0,27915935.0,3414876057.0,10674106033.5
sh603680,今创集团,2021-04-12,13.48,13.65,13.36,13.55,13.5,1885938.0,25513120.0,3427523746.1,10713639759.55
sh603680,今创集团,2021-04-13,13.55,13.65,13.33,13.46,13.55,1491988.0,20110985.0,3404757905.7200003,10642479052.66
sh603680,今创集团,2021-04-14,13.43,13.54,13.18,13.21,13.46,2060746.0,27503591.0,3341519460.22,10444810422.41
sh603680,今创集团,2021-04-15,13.18,13.36,13.0,13.27,13.21,1691806.0,22263851.0,3356696687.1400003,10492250893.67
sh603680,今创集团,2021-04-16,13.21,13.39,13.16,13.34,13.27,1024125.0,13642597.0,3374403451.88,10547598110.14
sh603680,今创集团,2021-04-19,13.38,14.0,13.25,13.9,13.34,3270136.0,44837640.0,3516057569.8,10990375841.900002
sh603680,今创集团,2021-04-20,14.1,14.15,13.29,13.29,13.9,3993150.0,54439101.0,3361755762.78,10508064384.09
sh603680,今创集团,2021-04-21,13.23,13.39,13.12,13.23,13.29,1177282.0,15580304.0,3346578535.86,10460623912.83
sh603680,今创集团,2021-04-22,13.27,13.38,13.19,13.2,13.23,985197.0,13060413.0,3338989922.4,10436903677.2
sh603680,今创集团,2021-04-23,13.3,13.34,13.0,13.19,13.2,1431170.0,18717049.0,3336460384.58,10428996931.99
sh603680,今创集团,2021-04-26,13.19,13.26,12.97,13.03,13.19,1027956.0,13411687.0,3295987779.46,10302489008.63
sh603680,今创集团,2021-04-27,13.03,13.13,12.64,12.7,13.03,1692198.0,21571936.0,3212513031.4,10041566416.7
sh603680,今创集团,2021-04-28,12.7,13.25,12.61,13.07,12.7,1114206.0,14463079.0,3306105930.74,10334115989.47
sh603680,今创集团,2021-04-29,13.24,13.24,12.74,12.82,13.07,1052079.0,13532078.0,3242867485.24,10136447359.22
sh603680,今创集团,2021-04-30,12.72,13.08,12.63,13.03,12.82,864672.0,11162714.0,3295987779.46,10302489008.63
sh603680,今创集团,2021-05-06,13.15,13.25,12.83,12.91,13.03,807167.0,10465840.0,3265633325.6200004,10207608066.11
sh603680,今创集团,2021-05-07,12.91,12.95,12.5,12.56,12.91,1261816.0,15973947.0,3177099501.92,9930871983.76
sh603680,今创集团,2021-05-10,12.56,13.08,12.54,12.94,12.56,1197356.0,15403869.0,3273221939.08,10231328301.74
sh603680,今创集团,2021-05-11,12.98,13.21,12.83,13.11,12.94,1393747.0,18175380.0,3316224082.02,10365742970.31
sh603680,今创集团,2021-05-12,13.13,13.9,13.1,13.6,13.11,2570164.0,34885397.0,3440171435.2,10753173485.6
sh603680,今创集团,2021-05-13,13.46,14.3,13.46,13.94,13.6,2500266.0,34667835.0,3526175721.08,11022002822.740002
sh603680,今创集团,2021-05-14,13.93,14.1,13.65,13.78,13.94,1528566.0,21112488.0,3485703115.96,10895494899.38
sh603680,今创集团,2021-05-17,12.4,12.69,12.4,12.4,13.78,2633466.0,32663383.0,3136626896.8,9804364060.4
sh603680,今创集团,2021-05-18,11.16,12.1,11.16,11.84,12.4,5648981.0,65109647.0,2994972778.88,9361586328.64
sh603680,今创集团,2021-05-19,11.49,11.69,11.46,11.46,11.84,2742788.0,31671921.0,2898850341.7200003,9061130010.66
sh603680,今创集团,2021-05-20,11.5,11.55,11.15,11.38,11.46,2401832.0,27163783.0,2878614039.16,8997876048.98
sh603680,今创集团,2021-05-21,11.4,11.66,11.36,11.6,11.38,2126040.0,24465484.0,2934263871.2000003,9171824443.6
sh603680,今创集团,2021-05-24,11.55,11.8,11.46,11.69,11.6,1609778.0,18737803.0,2957029711.58,9242985150.49
sh603680,今创集团,2021-05-25,11.74,11.74,11.39,11.56,11.69,1277687.0,14703131.0,2924145719.92,9140197462.76
sh603680,今创集团,2021-05-26,11.63,11.64,11.46,11.57,11.56,1245337.0,14365973.0,2926675257.74,9148104207.97
sh603680,今创集团,2021-05-27,11.57,11.64,11.45,11.59,11.57,949598.0,10990006.0,2931734333.38,9163917698.39
sh603680,今创集团,2021-05-28,11.7,11.72,11.51,11.59,11.59,1116752.0,12967080.0,2931734333.38,9163917698.39
sh603680,今创集团,2021-05-31,11.62,11.62,11.3,11.44,11.59,1287774.0,14686832.0,2893791266.0800004,9045316520.24
sh603680,今创集团,2021-06-01,11.44,11.54,11.4,11.42,11.44,1061507.0,12156411.0,2888732190.44,9029503029.82
sh603680,今创集团,2021-06-02,11.43,11.49,11.33,11.38,11.42,989237.0,11282947.0,2878614039.16,8997876048.98
sh603680,今创集团,2021-06-03,11.42,11.44,11.09,11.19,11.38,1758626.0,19778062.0,2830552820.58,8847647889.99
sh603680,今创集团,2021-06-04,11.13,11.24,10.93,11.03,11.19,1769864.0,19515503.0,2790080215.46,8721139966.63
sh603680,今创集团,2021-06-07,11.1,11.39,11.06,11.39,11.03,1649430.0,18531643.0,2881143576.9799995,9005782794.19
sh603680,今创集团,2021-06-08,11.36,11.45,11.28,11.38,11.39,1294232.0,14688783.0,2878614039.16,8997876048.98
sh603680,今创集团,2021-06-09,11.36,11.43,11.17,11.17,11.38,865104.0,9753622.0,2825493744.94,8831834399.57
sh603680,今创集团,2021-06-10,11.21,11.3,11.08,11.12,11.17,956158.0,10643962.0,2812846055.84,8792300673.52
sh603680,今创集团,2021-06-11,11.08,11.27,11.0,11.25,11.12,1487868.0,16578816.0,2845730047.5,8895088361.25
sh603680,今创集团,2021-06-15,11.22,11.68,11.11,11.5,11.25,2915082.0,33287330.0,2908968493.0,9092756991.5
sh603680,今创集团,2021-06-16,11.59,11.68,11.22,11.47,11.5,2332262.0,26831444.0,2901379879.54,9069036755.87
sh603680,今创集团,2021-06-17,11.42,11.61,11.23,11.59,11.47,2488323.0,28537405.0,2931734333.38,9163917698.39
sh603680,今创集团,2021-06-18,12.61,12.61,11.53,11.92,11.59,4913954.0,58298793.0,3015209081.44,9424840290.32
sh603680,今创集团,2021-06-21,11.85,12.74,11.8,12.64,11.92,4403105.0,53913217.0,3197335804.48,9994125945.44
sh603680,今创集团,2021-06-22,12.54,13.18,11.81,12.07,12.64,8282711.0,102927774.0,3053152148.74,9543441468.47
sh603680,今创集团,2021-06-23,11.94,11.96,11.4,11.55,12.07,4211718.0,48808406.0,2921616182.1,9132290717.55
sh603680,今创集团,2021-06-24,11.55,11.56,11.25,11.3,11.55,1934519.0,21916621.0,2858377736.6,8934622087.3
sh603680,今创集团,2021-06-25,11.3,11.41,11.24,11.3,11.3,1264385.0,14300688.0,2858377736.6,8926601347.300001
sh603680,今创集团,2021-06-28,11.3,11.37,11.21,11.34,11.3,988253.0,11164582.0,2868495887.88,8958199936.140001
sh603680,今创集团,2021-06-29,11.39,11.4,11.21,11.25,11.34,861568.0,9736940.0,2845730047.5,8887103111.25
sh603680,今创集团,2021-06-30,11.25,11.25,11.12,11.15,11.25,804040.0,8976152.0,2820434669.3,8808106639.15
sh603680,今创集团,2021-07-01,11.15,11.23,11.11,11.11,11.15,858092.0,9568384.0,2810316518.02,8776508050.310001
sh603680,今创集团,2021-07-02,11.1,11.13,11.0,11.07,11.11,701822.0,7770736.0,2800198366.74,8744909461.47
sh603680,今创集团,2021-07-05,11.07,11.23,11.05,11.22,11.07,856213.0,9526894.0,2838141434.04,8863404169.619999
sh603680,今创集团,2021-07-06,11.24,11.57,11.08,11.44,11.22,1315291.0,15001420.0,2893791266.0800004,9037196408.24
sh603680,今创集团,2021-07-07,11.44,11.45,11.28,11.41,11.44,622442.0,7080403.0,2886202652.62,9013497466.61
sh603680,今创集团,2021-07-08,11.43,11.47,11.27,11.36,11.41,786588.0,8933543.0,2873554963.52,8973999230.56
sh603680,今创集团,2021-07-09,11.32,11.84,11.29,11.77,11.36,1674744.0,19513989.0,2977266014.14,9297884766.17
sh603680,今创集团,2021-07-12,11.7,12.06,11.7,11.95,11.77,1612302.0,19232572.0,3022797694.9,9440078415.95
sh603680,今创集团,2021-07-13,12.05,12.05,11.87,11.91,11.95,862915.0,10291943.0,3012679543.62,9408479827.11
sh603680,今创集团,2021-07-14,11.88,12.03,11.73,11.89,11.91,699772.0,8316565.0,3007620467.98,9392680532.69
sh603680,今创集团,2021-07-15,11.88,11.98,11.72,11.9,11.89,613973.0,7286698.0,3010150005.8,9400580179.9
sh603680,今创集团,2021-07-16,11.9,11.92,11.63,11.69,11.9,910778.0,10690051.0,2957029711.58,9234687588.49
sh603680,XD今创集,2021-07-19,11.52,11.55,11.42,11.49,11.52,615516.0,7055521.0,2906438955.18,9076694644.29
sh603680,今创集团,2021-07-20,11.47,11.47,11.3,11.37,11.49,427313.0,4860785.0,2876084501.34,8981898877.77
sh603680,今创集团,2021-07-21,11.39,11.67,11.39,11.45,11.37,665526.0,7636694.0,2896320803.9,9045096055.45
sh603680,今创集团,2021-07-22,11.32,11.49,11.32,11.36,11.45,1222552.0,13956916.0,2873554963.52,8973999230.56
sh603680,今创集团,2021-07-23,11.3,11.45,11.12,11.2,11.36,1023512.0,11511983.0,2833082358.4,8847604875.199999
sh603680,今创集团,2021-07-26,11.2,11.33,10.85,10.87,11.2,1442070.0,15861130.0,2749607610.34,8586916517.27
sh603680,今创集团,2021-07-27,10.89,10.96,10.27,10.27,10.87,1916949.0,20120948.0,2597835341.14,8112937684.67
sh603680,今创集团,2021-07-28,10.28,10.38,9.69,9.92,10.27,1838450.0,18257705.0,2509301517.44,7836450032.320001
sh603680,今创集团,2021-07-29,10.0,10.1,9.88,9.93,9.92,704509.0,7038204.0,2511831055.26,7844349679.53
sh603680,今创集团,2021-07-30,9.88,10.07,9.8,9.85,9.93,833152.0,8222102.0,2491594752.7,7781152501.85
sh603680,今创集团,2021-08-02,9.95,10.69,9.82,10.55,9.85,1784785.0,18596078.0,2668662400.1,8334127806.55
sh603680,今创集团,2021-08-03,10.39,10.57,10.33,10.4,10.55,632964.0,6606022.0,2630719332.8,8215633098.4
sh603680,今创集团,2021-08-04,10.31,10.56,10.31,10.39,10.4,612884.0,6383891.0,2628189794.98,8207733451.19
sh603680,今创集团,2021-08-05,10.39,10.47,10.23,10.31,10.39,493729.0,5116190.0,2607953492.42,8144536273.509999
sh603680,今创集团,2021-08-06,10.45,10.45,10.14,10.31,10.31,622058.0,6363753.0,2607953492.42,8144536273.509999
sh603680,今创集团,2021-08-09,10.2,10.54,10.2,10.46,10.31,654457.0,6855122.0,2645896559.72,8263030981.66
sh603680,今创集团,2021-08-10,10.5,10.78,10.5,10.62,10.46,876958.0,9331479.0,2686369164.84,8389425337.02
sh603680,今创集团,2021-08-11,10.63,10.74,10.57,10.72,10.62,710545.0,7584292.0,2711664543.04,8468421809.12
sh603680,今创集团,2021-08-12,10.72,11.1,10.72,10.86,10.72,804397.0,8797281.0,2747078072.5200005,8579016870.059999
sh603680,今创集团,2021-08-13,10.83,11.01,10.64,10.72,10.86,744566.0,8005877.0,2711664543.04,8468421809.12
sh603680,今创集团,2021-08-16,10.82,10.84,10.44,10.45,10.72,1136574.0,11969310.0,2643367021.9,8255131334.450001
sh603680,今创集团,2021-08-17,10.46,10.58,10.12,10.13,10.45,1010988.0,10410195.0,2562421811.66,8002342623.73
sh603680,今创集团,2021-08-18,10.1,10.35,10.1,10.25,10.13,1322432.0,13453955.0,2592776265.5,8097138390.25
sh603680,今创集团,2021-08-19,10.24,10.29,10.14,10.22,10.25,484410.0,4942251.0,2585187652.04,8073439448.62
sh603680,今创集团,2021-08-20,10.15,10.18,9.86,10.09,10.22,1465490.0,14642990.0,2552303660.38,7970744034.89
sh603680,今创集团,2021-08-23,9.9,10.18,9.9,10.0,10.09,2074588.0,20727098.0,2529537820.0,7899647210.0
sh603680,今创集团,2021-08-24,10.09,10.25,9.92,9.96,10.0,2124979.0,21314266.0,2519419668.72,7868048621.160001
sh603680,今创集团,2021-08-25,9.98,10.04,9.91,10.03,9.96,1315473.0,13140593.0,2537126433.46,7923346151.629999
sh603680,今创集团,2021-08-26,10.06,10.06,9.92,9.94,10.03,1122376.0,11195781.0,2514360593.08,7852249326.740001
sh603680,今创集团,2021-08-27,10.0,10.05,9.78,9.91,9.94,1996828.0,19770276.0,7705862999.51,7828550385.11
sh603680,今创集团,2021-08-30,9.88,9.93,9.82,9.89,9.91,1352420.0,13348588.0,7690311308.29,7812751090.69
sh603680,今创集团,2021-08-31,9.9,9.93,9.78,9.85,9.89,1442718.0,14170930.0,7659207925.85,7781152501.85
sh603680,今创集团,2021-09-01,9.87,10.39,9.79,10.06,9.85,3562874.0,35828048.0,7822500683.66,7947045093.26
sh603680,今创集团,2021-09-02,10.06,10.06,9.92,10.03,10.06,2206968.0,22029608.0,7799173146.83,7923346151.629999
sh603680,今创集团,2021-09-03,10.03,10.16,9.96,10.08,10.03,1959291.0,19702945.0,7838052374.879999,7962844387.68
sh603680,今创集团,2021-09-06,10.16,10.19,10.05,10.16,10.08,1794276.0,18169081.0,7900259139.76,8026041565.36
sh603680,今创集团,2021-09-07,10.19,10.28,10.16,10.28,10.16,1713774.0,17539633.0,7993569287.08,8120837331.88
sh603680,今创集团,2021-09-08,10.28,10.38,10.23,10.36,10.28,1984775.0,20436167.0,8055776051.96,8184034509.56
sh603680,今创集团,2021-09-09,10.3,10.59,10.3,10.46,10.36,1820604.0,19050953.0,8133534508.06,8263030981.66
sh603680,今创集团,2021-09-10,10.52,10.52,10.22,10.26,10.46,1531072.0,15830208.0,7978017595.86,8105038037.46
sh603680,今创集团,2021-09-13,10.22,10.36,10.16,10.25,10.26,1164926.0,11913674.0,7970241750.25,8097138390.25
sh603680,今创集团,2021-09-14,10.28,10.77,10.17,10.46,10.25,3390197.0,35483050.0,8133534508.06,8263030981.66
sh603680,今创集团,2021-09-15,10.45,10.46,10.0,10.15,10.46,2708263.0,27772536.0,7892483294.150001,8018141918.150001
sh603680,今创集团,2021-09-16,10.17,10.4,10.06,10.11,10.15,1646695.0,16785386.0,7861379911.709999,7986543329.31
sh603680,今创集团,2021-09-17,10.11,10.13,9.86,10.01,10.11,1411813.0,14092519.0,7783621455.61,7907546857.21
sh603680,今创集团,2021-09-22,9.9,10.0,9.86,10.0,10.01,1153231.0,11465269.0,7775845610.0,7899647210.0
sh603680,今创集团,2021-09-23,9.98,10.06,9.94,10.0,10.0,1254625.0,12543722.0,7775845610.0,7899647210.0
sh603680,今创集团,2021-09-24,10.04,10.04,9.84,9.84,10.0,1777931.0,17589327.0,7711792667.28,7773252854.639999
sh603680,今创集团,2021-09-27,9.66,9.66,9.06,9.16,9.84,3360424.0,31075811.0,7178863905.719999,7236076844.36
sh603680,今创集团,2021-09-28,8.24,8.7,8.24,8.43,9.16,5376562.0,44927044.0,6606749205.81,6659402598.030001
sh603680,今创集团,2021-09-29,8.25,8.35,8.16,8.2,8.43,2310590.0,19047400.0,6426493889.4,6477710712.200001
sh603680,今创集团,2021-09-30,8.2,8.3,8.17,8.26,8.2,1298059.0,10685347.0,6473517015.42,6525108595.46
sh603680,今创集团,2021-10-08,8.26,8.66,8.26,8.5,8.26,2068414.0,17566745.0,6661609519.5,6714700128.500001
sh603680,今创集团,2021-10-11,8.53,8.67,8.36,8.62,8.5,1695667.0,14438141.0,6755655771.540001,6809495895.02
sh603680,今创集团,2021-10-12,8.61,8.61,8.36,8.49,8.62,1151784.0,9737170.0,6653772331.83,6706800481.29
sh603680,今创集团,2021-10-13,8.49,8.51,8.37,8.47,8.49,871436.0,7361977.0,6638097956.49,6691001186.87
sh603680,今创集团,2021-10-14,8.43,8.5,8.39,8.47,8.47,958362.0,8102793.0,6638097956.49,6691001186.87
sh603680,今创集团,2021-10-15,8.52,8.52,8.36,8.37,8.47,1137816.0,9573212.0,6559726079.79,6612004714.77
sh603680,今创集团,2021-10-18,8.3,8.56,8.3,8.5,8.37,1123926.0,9505685.0,6661609519.5,6714700128.500001
sh603680,今创集团,2021-10-19,8.52,8.52,8.39,8.39,8.5,1074734.0,9050056.0,6575400455.13,6627804009.190001
sh603680,今创集团,2021-10-20,8.46,8.47,8.32,8.38,8.39,922658.0,7714333.0,6567563267.46,6619904361.98
sh603680,今创集团,2021-10-21,8.32,8.41,8.31,8.33,8.38,813800.0,6795311.0,6528377329.110001,6580406125.93
sh603680,今创集团,2021-10-22,8.37,8.44,8.3,8.35,8.33,615051.0,5140562.0,6544051704.450001,6596205420.35
sh603680,今创集团,2021-10-25,8.36,8.4,8.22,8.28,8.35,1441660.0,11923970.0,6489191390.759999,6540907889.88
sh603680,今创集团,2021-10-26,8.28,8.32,8.2,8.23,8.28,907630.0,7487168.0,6450005452.41,6501409653.83
sh603680,今创集团,2021-10-27,8.27,8.27,8.01,8.07,8.23,1189744.0,9627378.0,6324610449.69,6375015298.47
sh603680,今创集团,2021-10-28,8.08,8.16,7.87,7.93,8.07,1206938.0,9597551.0,6214889822.309999,6264420237.53
sh603680,今创集团,2021-10-29,7.85,8.13,7.85,8.13,7.93,1460148.0,11721782.0,6371633575.71,6422413181.7300005
sh603680,今创集团,2021-11-01,8.19,8.19,7.97,8.12,8.13,942967.0,7629480.0,6363796388.04,6414513534.52
sh603680,今创集团,2021-11-02,8.05,8.16,7.96,8.03,8.12,1225372.0,9867618.0,6293261699.01,6343416709.63
sh603680,今创集团,2021-11-03,8.08,8.11,7.97,8.06,8.03,874703.0,7022207.0,6316773262.02,6367115651.259999
sh603680,今创集团,2021-11-04,8.06,8.22,8.03,8.18,8.06,1321223.0,10749118.0,6410819514.059999,6461911417.780001
sh603680,今创集团,2021-11-05,8.17,8.52,8.16,8.25,8.18,2180000.0,18111446.0,6465679827.75,6517208948.25
sh603680,今创集团,2021-11-08,8.27,8.3,8.12,8.26,8.25,919246.0,7557009.0,6473517015.42,6525108595.46
sh603680,今创集团,2021-11-09,8.26,8.41,8.15,8.28,8.26,1424900.0,11767210.0,6489191390.759999,6540907889.88
sh603680,今创集团,2021-11-10,8.28,8.37,8.2,8.34,8.28,1281304.0,10599201.0,6536214516.780001,6588305773.14
sh603680,今创集团,2021-11-11,8.34,8.42,8.3,8.41,8.34,1494224.0,12533464.0,6591074830.47,6643603303.610001
sh603680,今创集团,2021-11-12,8.41,8.46,8.3,8.41,8.41,1193054.0,9978371.0,6591074830.47,6643603303.610001
sh603680,今创集团,2021-11-15,8.41,8.65,8.41,8.63,8.41,1696403.0,14520288.0,6763492959.209999,6817395542.23
sh603680,今创集团,2021-11-16,8.63,8.64,8.43,8.45,8.63,1298019.0,11072936.0,6622423581.15,6675201892.45
sh603680,今创集团,2021-11-17,8.41,8.63,8.4,8.59,8.45,1215548.0,10342794.0,6732144208.53,6785796953.389999
sh603680,今创集团,2021-11-18,8.55,8.79,8.55,8.58,8.59,1548926.0,13426100.0,6724307020.86,6777897306.18
sh603680,今创集团,2021-11-19,8.61,8.62,8.45,8.57,8.58,1238426.0,10566404.0,6716469833.19,6769997658.969999
sh603680,今创集团,2021-11-22,8.6,8.64,8.5,8.51,8.57,1501480.0,12800271.0,6669446707.17,6722599775.71
sh603680,今创集团,2021-11-23,8.54,8.63,8.48,8.55,8.51,1289012.0,11008084.0,6700795457.849999,6754198364.55
sh603680,今创集团,2021-11-24,8.56,8.56,8.45,8.52,8.55,1254894.0,10659563.0,6677283894.84,6730499422.92
sh603680,今创集团,2021-11-25,8.52,8.54,8.47,8.49,8.52,1170692.0,9943698.0,6653772331.83,6706800481.29
sh603680,今创集团,2021-11-26,8.48,8.49,8.36,8.37,8.49,1520333.0,12787640.0,6559726079.79,6612004714.77
sh603680,今创集团,2021-11-29,8.35,8.36,8.26,8.32,8.37,1256374.0,10420864.0,6520540141.440001,6572506478.72
sh603680,今创集团,2021-11-30,8.32,8.52,8.31,8.44,8.32,1730023.0,14605375.0,6614586393.4800005,6667302245.24
sh603680,今创集团,2021-12-01,8.44,8.61,8.37,8.61,8.44,2026339.0,17322270.0,6747818583.870001,6801596247.809999
sh603680,今创集团,2021-12-02,8.61,8.65,8.5,8.51,8.61,1402112.0,11989274.0,6669446707.17,6722599775.71
sh603680,今创集团,2021-12-03,8.48,8.6,8.48,8.58,8.51,1461191.0,12469026.0,6724307020.86,6777897306.18
sh603680,今创集团,2021-12-06,8.58,8.59,8.32,8.34,8.58,2178102.0,18360494.0,6536214516.780001,6588305773.14
sh603680,今创集团,2021-12-07,8.41,8.41,8.25,8.34,8.34,1782076.0,14809440.0,6536214516.780001,6588305773.14
sh603680,今创集团,2021-12-08,8.31,8.41,8.28,8.31,8.34,1652150.0,13753426.0,6512702953.77,6564606831.509999
sh603680,今创集团,2021-12-09,8.31,8.36,8.24,8.34,8.31,1841686.0,15305138.0,6536214516.780001,6588305773.14
sh603680,今创集团,2021-12-10,8.34,8.4,8.3,8.32,8.34,1248068.0,10406431.0,6520540141.440001,6572506478.72
sh603680,今创集团,2021-12-13,8.33,8.39,8.22,8.26,8.32,2124698.0,17625536.0,6473517015.42,6525108595.46
sh603680,今创集团,2021-12-14,8.29,8.53,8.25,8.43,8.26,2822877.0,23803334.0,6606749205.81,6659402598.030001
sh603680,今创集团,2021-12-15,8.39,8.49,8.38,8.42,8.43,1691996.0,14272226.0,6598912018.14,6651502950.82
sh603680,今创集团,2021-12-16,8.42,8.47,8.4,8.47,8.42,1505942.0,12687899.0,6638097956.49,6691001186.87
sh603680,今创集团,2021-12-17,8.49,8.49,8.4,8.4,8.47,1442711.0,12172164.0,6583237642.8,6635703656.4
sh603680,今创集团,2021-12-20,8.37,8.53,8.3,8.44,8.4,2032572.0,17102598.0,6614586393.4800005,6667302245.24
sh603680,今创集团,2021-12-21,8.41,9.28,8.39,9.28,8.44,7796498.0,69462875.0,7272910157.76,7330872610.88
sh603680,今创集团,2021-12-22,9.5,9.68,9.05,9.11,9.28,10819827.0,100806258.0,7139677967.37,7196578608.31
sh603680,今创集团,2021-12-23,8.95,9.16,8.9,8.98,9.11,4666292.0,42072121.0,7037794527.66,7093883194.58
sh603680,今创集团,2021-12-24,9.0,9.07,8.76,8.78,8.98,3603029.0,31934448.0,6881050774.26,6935890250.379999
sh603680,今创集团,2021-12-27,8.73,9.2,8.71,9.2,8.78,5081422.0,45914895.0,7210212656.4,7267675433.200001
sh603680,今创集团,2021-12-28,9.09,9.18,8.94,8.96,9.2,2365070.0,21309235.0,7022120152.320001,7078083900.16
sh603680,今创集团,2021-12-29,8.98,9.0,8.81,8.92,8.96,2007458.0,17870258.0,6990771401.639999,7046485311.320001
sh603680,今创集团,2021-12-30,8.95,9.15,8.88,9.02,8.92,2616552.0,23670702.0,7069143278.34,7125481783.42
sh603680,今创集团,2021-12-31,9.14,9.25,8.98,9.18,9.02,3780164.0,34640621.0,7194538281.059999,7251876138.78
sh603680,今创集团,2022-01-04,9.15,9.28,9.06,9.18,9.18,3205653.0,29419947.0,7194538281.059999,7251876138.78
sh603680,今创集团,2022-01-05,9.18,9.36,9.13,9.25,9.18,3176355.0,29304271.0,7249398594.749999,7307173669.25
sh603680,今创集团,2022-01-06,9.2,9.32,9.17,9.2,9.25,2546264.0,23498506.0,7210212656.4,7267675433.200001
sh603680,今创集团,2022-01-07,9.17,9.23,8.99,9.0,9.2,2990118.0,27178880.0,7053468903.0,7109682489.0
sh603680,今创集团,2022-01-10,8.96,9.11,8.9,9.07,9.0,1634845.0,14789779.0,7108329216.69,7164980019.47
sh603680,今创集团,2022-01-11,9.09,9.19,9.03,9.04,9.07,1442576.0,13126453.0,7084817653.68,7141281077.84
sh603680,今创集团,2022-01-12,9.01,9.15,9.0,9.13,9.04,1748064.0,15903877.0,7155352342.71,7212377902.7300005
sh603680,今创集团,2022-01-13,9.14,9.2,9.06,9.07,9.13,1482424.0,13504484.0,7108329216.69,7164980019.47
sh603680,今创集团,2022-01-14,9.07,9.15,8.85,8.88,9.07,2047536.0,18454950.0,6959422650.96,7014886722.4800005
