数据由邢不行整理
股票代码,股票名称,交易日期,开盘价,最高价,最低价,收盘价,前收盘价,成交量,成交额,流通市值,总市值
sh600645,望春花,1993-05-04,33.0,44.0,30.1,31.69,50.0,1717500.0,62062000.0,126760000.0,957693983.0
sh600645,望春花,1993-05-05,33.0,34.0,30.5,33.19,31.69,674900.0,22324000.0,132760000.0,1003025033.0
sh600645,望春花,1993-05-06,33.0,33.8,30.02,30.6,33.19,580900.0,18583000.0,122400000.0,924753420.0
sh600645,望春花,1993-05-07,30.51,31.75,30.51,31.15,30.6,340400.0,10621000.0,124600000.0,941374805.0
sh600645,望春花,1993-05-10,30.0,31.0,27.5,28.15,31.15,352100.0,10039000.0,112600000.0,850712705.0
sh600645,望春花,1993-05-11,28.3,28.5,27.01,27.9,28.15,111400.0,3093000.0,111600000.0,843157530.0
sh600645,望春花,1993-05-12,28.0,28.3,27.5,27.59,27.9,114000.0,3175000.0,110360000.0,833789113.0
sh600645,望春花,1993-05-13,28.15,30.5,27.4,29.04,27.59,171300.0,4879000.0,116160000.0,877609128.0
sh600645,望春花,1993-05-14,29.68,29.8,28.01,28.27,29.04,289400.0,8326000.0,113080000.0,854339189.0
sh600645,望春花,1993-05-17,27.6,27.9,26.99,27.68,28.27,74100.0,2041000.0,110720000.0,836508976.0
sh600645,望春花,1993-05-18,28.0,28.2,27.1,27.4,27.68,64000.0,1777000.0,109600000.0,828047180.0
sh600645,望春花,1993-05-19,27.8,27.8,27.22,27.7,27.4,52300.0,1441000.0,110800000.0,837113390.0
sh600645,望春花,1993-05-20,28.04,28.59,27.85,28.1,27.7,108900.0,3076000.0,112400000.0,849201670.0
sh600645,望春花,1993-05-21,28.52,28.52,27.4,27.7,28.1,46200.0,1281000.0,110800000.0,837113390.0
sh600645,望春花,1993-05-24,25.66,27.5,23.81,24.1,27.7,169400.0,4315000.0,96400000.0,728318870.0
sh600645,望春花,1993-05-25,24.0,24.3,22.51,23.11,24.1,132300.0,3055000.0,92440000.0,698400377.0
sh600645,望春花,1993-05-26,23.08,23.39,22.65,22.9,23.11,60600.0,1394000.0,91600000.0,692054030.0
sh600645,望春花,1993-05-27,22.8,22.9,20.78,21.4,22.9,138800.0,2989000.0,85600000.0,646722980.0
sh600645,望春花,1993-05-28,21.38,23.1,21.38,21.67,21.4,81000.0,1767000.0,86680000.0,654882569.0
sh600645,望春花,1993-05-31,21.9,22.0,20.5,20.7,21.67,74200.0,1560000.0,82800000.0,625568490.0
sh600645,望春花,1993-06-01,20.58,20.58,18.6,20.49,20.7,75900.0,1482000.0,81960000.0,619222143.0
sh600645,望春花,1993-06-02,21.2,24.0,20.1,24.0,20.49,404100.0,9097000.0,96000000.0,725296800.0
sh600645,望春花,1993-06-03,24.98,29.8,22.0,25.27,24.0,918500.0,24247000.0,101080000.0,763677089.0
sh600645,望春花,1993-06-04,25.1,25.18,23.1,25.0,25.27,425900.0,10475000.0,100000000.0,755517500.0
sh600645,望春花,1993-06-07,26.88,26.88,23.0,26.35,25.0,203300.0,6096000.0,105400000.0,796315445.0
sh600645,望春花,1993-06-08,26.82,28.5,25.2,26.38,26.35,490500.0,13181000.0,105520000.0,797222066.0
sh600645,望春花,1993-06-09,26.1,26.55,25.4,25.7,26.38,103000.0,2661000.0,102800000.0,776671990.0
sh600645,望春花,1993-06-10,25.6,26.28,24.8,25.8,25.7,147200.0,3775000.0,103200000.0,779694060.0
sh600645,望春花,1993-06-11,24.51,25.85,24.51,25.2,25.8,63000.0,1592000.0,100800000.0,761561640.0
sh600645,望春花,1993-06-14,25.51,25.51,23.81,23.99,25.2,124200.0,3027000.0,95960000.0,724994593.0
sh600645,望春花,1993-06-15,23.0,23.89,22.03,23.55,23.99,104000.0,2426000.0,94200000.0,711697485.0
sh600645,望春花,1993-06-16,23.89,23.89,23.5,23.58,23.55,44200.0,1046000.0,94320000.0,712604106.0
sh600645,望春花,1993-06-17,23.88,24.2,23.7,23.7,23.58,41300.0,990000.0,94800000.0,716230590.0
sh600645,望春花,1993-06-18,23.8,23.99,23.68,23.99,23.7,40200.0,958000.0,95960000.0,724994593.0
sh600645,望春花,1993-06-21,23.5,23.8,22.73,23.5,23.99,49400.0,1155000.0,94000000.0,710186450.0
sh600645,望春花,1993-06-22,24.0,24.0,23.3,23.47,23.5,19600.0,459000.0,93880000.0,709279829.0
sh600645,望春花,1993-06-23,23.8,23.8,23.4,23.58,23.47,11100.0,261000.0,94320000.0,712604106.0
sh600645,望春花,1993-06-24,23.0,23.5,23.0,23.26,23.58,18400.0,427000.0,93040000.0,702933482.0
sh600645,望春花,1993-06-25,23.1,24.9,23.1,23.65,23.26,54800.0,1304000.0,94600000.0,714719555.0
sh600645,望春花,1993-06-28,23.65,23.88,23.6,23.75,23.65,26200.0,622000.0,95000000.0,717741625.0
sh600645,望春花,1993-06-29,23.89,25.3,23.75,24.36,23.75,96700.0,2345000.0,97440000.0,736176252.0
sh600645,望春花,1993-06-30,24.98,24.98,23.52,23.65,24.36,69700.0,1686000.0,94600000.0,714719555.0
sh600645,望春花,1993-07-01,22.5,24.0,22.5,23.4,23.65,42700.0,1000000.0,93600000.0,707164380.0
sh600645,望春花,1993-07-02,23.55,23.6,22.9,23.18,23.4,32800.0,763000.0,92720000.0,700515826.0
sh600645,望春花,1993-07-05,22.3,23.0,22.3,22.48,23.18,51900.0,1176000.0,89920000.0,679361336.0
sh600645,望春花,1993-07-06,21.98,22.12,21.0,21.05,22.48,80100.0,1702000.0,84200000.0,636145735.0
sh600645,望春花,1993-07-07,20.4,21.25,20.02,20.98,21.05,63400.0,1312000.0,83920000.0,634030286.0
sh600645,望春花,1993-07-08,21.2,21.2,20.7,20.9,20.98,36100.0,756000.0,83600000.0,631612630.0
sh600645,望春花,1993-07-09,20.7,20.71,19.95,19.98,20.9,51000.0,1029000.0,79920000.0,603809586.0
sh600645,望春花,1993-07-12,19.68,19.68,18.0,19.01,19.98,73900.0,1396000.0,76040000.0,574495507.0
sh600645,望春花,1993-07-13,21.0,21.0,19.2,19.79,19.01,60800.0,1185000.0,79160000.0,598067653.0
sh600645,望春花,1993-07-14,19.89,19.89,18.65,19.0,19.79,24500.0,468000.0,76000000.0,574193300.0
sh600645,望春花,1993-07-15,19.09,20.0,19.0,19.2,19.0,21200.0,406000.0,76800000.0,580237440.0
sh600645,望春花,1993-07-16,19.2,19.45,19.2,19.26,19.2,17000.0,328000.0,77040000.0,582050682.0
sh600645,望春花,1993-07-19,19.0,19.48,19.0,19.25,19.26,15300.0,295000.0,77000000.0,581748475.0
sh600645,望春花,1993-07-20,19.01,19.2,18.5,18.7,19.25,23900.0,450000.0,74800000.0,565127090.0
sh600645,望春花,1993-07-21,18.7,18.9,18.41,18.9,18.7,10100.0,188000.0,75600000.0,571171230.0
sh600645,望春花,1993-07-22,18.8,18.8,18.61,18.7,18.9,8200.0,153000.0,74800000.0,565127090.0
sh600645,望春花,1993-07-23,18.7,18.99,18.6,18.8,18.7,13400.0,251000.0,75200000.0,568149160.0
sh600645,望春花,1993-07-26,18.85,18.85,17.5,18.1,18.8,14500.0,264000.0,72400000.0,546994670.0
sh600645,望春花,1993-07-27,18.1,18.7,17.95,18.39,18.1,17700.0,321000.0,73560000.0,555758673.0
sh600645,望春花,1993-07-28,18.4,18.88,18.3,18.44,18.39,16900.0,314000.0,73760000.0,557269708.0
sh600645,望春花,1993-07-30,19.0,21.42,18.7,20.0,18.44,108000.0,2130000.0,80000000.0,604414000.0
sh600645,望春花,1993-08-02,20.5,21.75,18.5,18.5,20.0,124200.0,2523000.0,74000000.0,559082950.0
sh600645,望春花,1993-08-03,19.21,20.0,19.2,19.2,18.5,32200.0,621000.0,76800000.0,580237440.0
sh600645,望春花,1993-08-04,19.3,20.0,19.15,19.81,19.2,38100.0,738000.0,79240000.0,598672067.0
sh600645,望春花,1993-08-05,19.79,20.01,19.6,19.85,19.81,58400.0,1163000.0,79400000.0,599880895.0
sh600645,望春花,1993-08-06,20.5,20.5,19.9,20.29,19.85,62100.0,1256000.0,81160000.0,613178003.0
sh600645,望春花,1993-08-09,20.3,20.9,20.3,20.8,20.29,63000.0,1299000.0,83200000.0,628590560.0
sh600645,望春花,1993-08-10,20.84,21.21,20.15,20.4,20.8,96300.0,2008000.0,81600000.0,616502280.0
sh600645,望春花,1993-08-11,20.5,21.0,20.2,21.0,20.4,22100.0,453000.0,84000000.0,634634700.0
sh600645,望春花,1993-08-12,21.39,22.2,21.03,22.1,21.0,149700.0,3229000.0,88400000.0,667877470.0
sh600645,望春花,1993-08-13,22.15,22.5,22.15,22.5,22.1,120900.0,2708000.0,90000000.0,679965750.0
sh600645,望春花,1993-08-16,25.0,25.98,24.2,25.98,22.5,580700.0,14615000.0,103920000.0,785133786.0
sh600645,望春花,1993-08-17,26.59,27.5,26.05,26.1,25.98,564900.0,15083000.0,104400000.0,788760270.0
sh600645,望春花,1993-08-18,26.1,26.9,25.85,26.05,26.1,205900.0,5410000.0,104200000.0,787249235.0
sh600645,望春花,1993-08-19,26.0,26.6,26.0,26.3,26.05,192700.0,5078000.0,105200000.0,794804410.0
sh600645,望春花,1993-08-20,26.45,26.7,25.45,26.05,26.3,237600.0,6220000.0,104200000.0,787249235.0
sh600645,望春花,1993-08-23,14.59,14.98,13.86,13.95,26.05,141800.0,2029000.0,66960000.0,505894518.0
sh600645,望春花,1993-08-24,13.94,13.99,13.5,13.9,13.95,81400.0,1123000.0,66720000.0,504081276.0
sh600645,望春花,1993-08-25,14.09,14.5,14.09,14.32,13.9,92700.0,1330000.0,68736000.0,519312508.8
sh600645,望春花,1993-08-26,14.32,14.4,13.5,14.18,14.32,40300.0,572000.0,68064000.0,514235431.2
sh600645,望春花,1993-08-27,14.1,14.94,14.0,14.19,14.18,90100.0,1282000.0,68112000.0,514598079.6
sh600645,望春花,1993-08-30,14.0,14.6,13.69,14.2,14.19,73500.0,1046000.0,68160000.0,514960728.0
sh600645,望春花,1993-08-31,14.3,14.53,14.25,14.25,14.2,30800.0,443000.0,68400000.0,516773970.0
sh600645,望春花,1993-09-01,14.2,14.35,14.06,14.15,14.25,18000.0,256000.0,67920000.0,513147486.0
sh600645,望春花,1993-09-02,14.15,14.35,14.0,14.15,14.15,23600.0,332000.0,67920000.0,513147486.0
sh600645,望春花,1993-09-03,14.17,14.5,14.15,14.35,14.15,164000.0,2350000.0,114800000.0,648971575.0
sh600645,望春花,1993-09-06,14.6,14.77,14.45,14.65,14.35,217700.0,3181000.0,117200000.0,662538925.0
sh600645,望春花,1993-09-07,14.8,14.8,14.0,14.0,14.65,93100.0,1335000.0,112000000.0,633143000.0
sh600645,望春花,1993-09-08,14.15,14.2,13.8,13.9,14.0,90100.0,1260000.0,111200000.0,628620550.0
sh600645,望春花,1993-09-09,14.05,14.05,13.91,13.98,13.9,35400.0,495000.0,111840000.0,632238510.0
sh600645,望春花,1993-09-10,13.95,14.09,13.9,13.91,13.98,41000.0,573000.0,111280000.0,629072795.0
sh600645,望春花,1993-09-13,13.87,13.87,13.21,13.49,13.91,105600.0,1428000.0,107920000.0,610078505.0
sh600645,望春花,1993-09-14,13.44,13.45,13.08,13.4,13.49,57200.0,763000.0,107200000.0,606008300.0
sh600645,望春花,1993-09-15,13.4,13.67,13.4,13.6,13.4,29500.0,400000.0,108800000.0,615053200.0
sh600645,望春花,1993-09-16,13.65,13.65,13.4,13.45,13.6,26000.0,350000.0,107600000.0,608269525.0
sh600645,望春花,1993-09-17,13.45,13.7,13.3,13.59,13.45,26200.0,356000.0,108720000.0,614600955.0
sh600645,望春花,1993-09-20,13.6,13.61,13.5,13.6,13.59,31400.0,426000.0,108800000.0,615053200.0
sh600645,望春花,1993-09-21,13.61,13.92,13.6,13.8,13.6,95100.0,1310000.0,110400000.0,624098100.0
sh600645,望春花,1993-09-22,12.8,13.8,12.8,13.65,13.8,32500.0,444000.0,109200000.0,617314425.0
sh600645,望春花,1993-09-23,13.88,13.88,13.6,13.65,13.65,34500.0,472000.0,109200000.0,617314425.0
sh600645,望春花,1993-09-24,13.58,14.65,13.1,13.4,13.65,61100.0,833000.0,107200000.0,606008300.0
sh600645,望春花,1993-09-27,13.42,13.97,13.4,13.7,13.4,30800.0,417000.0,109600000.0,619575650.0
sh600645,望春花,1993-09-28,13.78,13.97,13.7,13.9,13.7,68800.0,953000.0,111200000.0,628620550.0
sh600645,望春花,1993-09-29,14.12,14.12,13.72,13.74,13.9,82900.0,1157000.0,109920000.0,621384630.0
sh600645,望春花,1993-09-30,13.98,14.2,13.5,14.02,13.74,106600.0,1487000.0,112160000.0,634047490.0
sh600645,望春花,1993-10-04,14.12,14.8,14.1,14.47,14.02,307600.0,4445000.0,115760000.0,654398515.0
sh600645,望春花,1993-10-05,14.5,14.75,14.27,14.33,14.47,117400.0,1694000.0,114640000.0,648067085.0
sh600645,望春花,1993-10-06,14.32,14.6,14.22,14.3,14.33,92200.0,1320000.0,114400000.0,646710350.0
sh600645,望春花,1993-10-07,14.3,17.0,14.11,14.78,14.3,617300.0,9364000.0,118240000.0,668418110.0
sh600645,望春花,1993-10-08,15.2,15.5,14.45,14.51,14.78,332000.0,4933000.0,116080000.0,656207495.0
sh600645,望春花,1993-10-11,14.5,14.5,14.2,14.3,14.51,98100.0,1408000.0,114400000.0,646710350.0
sh600645,望春花,1993-10-12,14.2,14.31,14.05,14.1,14.3,66900.0,951000.0,112800000.0,637665450.0
sh600645,望春花,1993-10-13,14.08,14.2,13.85,14.0,14.1,69000.0,970000.0,112000000.0,633143000.0
sh600645,望春花,1993-10-14,13.95,14.0,13.7,13.85,14.0,64700.0,894000.0,110800000.0,626359325.0
sh600645,望春花,1993-10-15,13.99,13.99,13.85,13.93,13.85,51400.0,716000.0,111440000.0,629977285.0
sh600645,望春花,1993-10-18,13.8,13.85,13.52,13.6,13.93,60000.0,820000.0,108800000.0,615053200.0
sh600645,望春花,1993-10-19,14.0,14.09,13.71,13.95,13.6,42100.0,583000.0,111600000.0,630881775.0
sh600645,望春花,1993-10-20,14.0,14.0,13.75,14.0,13.95,44200.0,616000.0,112000000.0,633143000.0
sh600645,望春花,1993-10-21,14.0,14.0,13.8,13.88,14.0,32500.0,451000.0,111040000.0,627716060.0
sh600645,望春花,1993-10-22,13.89,13.89,13.6,13.6,13.88,54700.0,749000.0,108800000.0,615053200.0
sh600645,望春花,1993-10-25,13.2,13.4,12.45,13.25,13.6,73200.0,968000.0,106000000.0,599224625.0
sh600645,望春花,1993-10-26,13.25,13.4,12.75,13.35,13.25,57500.0,764000.0,106800000.0,603747075.0
sh600645,望春花,1993-10-27,13.6,14.05,13.5,13.5,13.35,124700.0,1711000.0,108000000.0,610530750.0
sh600645,望春花,1993-10-28,13.68,14.7,13.5,14.15,13.5,184200.0,2576000.0,113200000.0,639926675.0
sh600645,望春花,1993-10-29,14.5,14.5,13.85,14.1,14.15,142000.0,2013000.0,112800000.0,637665450.0
sh600645,望春花,1993-11-01,13.95,14.5,13.71,14.2,14.1,117300.0,1660000.0,113600000.0,642187900.0
sh600645,望春花,1993-11-02,14.3,14.6,14.11,14.11,14.2,126800.0,1819000.0,112880000.0,638117695.0
sh600645,望春花,1993-11-03,14.2,14.3,14.03,14.03,14.11,59000.0,835000.0,112240000.0,634499735.0
sh600645,望春花,1993-11-04,14.1,14.25,13.8,14.0,14.03,56300.0,788000.0,112000000.0,633143000.0
sh600645,望春花,1993-11-05,14.06,14.23,14.0,14.17,14.0,50100.0,706000.0,113360000.0,640831165.0
sh600645,望春花,1993-11-08,15.0,15.0,14.4,14.62,14.17,319900.0,4666000.0,116960000.0,661182190.0
sh600645,望春花,1993-11-09,14.75,14.82,14.5,14.63,14.62,169500.0,2478000.0,117040000.0,661634435.0
sh600645,望春花,1993-11-10,14.65,14.7,14.2,14.25,14.63,214600.0,3119000.0,114000000.0,644449125.0
sh600645,望春花,1993-11-11,14.3,14.68,14.2,14.5,14.25,172200.0,2495000.0,116000000.0,655755250.0
sh600645,望春花,1993-11-12,14.95,14.95,14.7,14.9,14.5,389500.0,5789000.0,119200000.0,673845050.0
sh600645,望春花,1993-11-15,15.18,15.81,15.1,15.46,14.9,523000.0,8028000.0,123680000.0,699170770.0
sh600645,望春花,1993-11-16,15.59,15.61,15.0,15.08,15.46,373000.0,5751000.0,120640000.0,681985460.0
sh600645,望春花,1993-11-17,15.16,15.4,15.16,15.29,15.08,164000.0,2508000.0,122320000.0,691482605.0
sh600645,望春花,1993-11-18,15.35,15.68,15.3,15.68,15.29,285300.0,4419000.0,125440000.0,709120160.0
sh600645,望春花,1993-11-19,15.8,16.2,15.7,16.2,15.68,402300.0,6422000.0,129600000.0,732636900.0
sh600645,望春花,1993-11-22,16.6,17.48,16.5,17.2,16.2,704400.0,11987000.0,137600000.0,777861400.0
sh600645,望春花,1993-11-23,17.49,19.19,17.4,18.78,17.2,856500.0,15649000.0,150240000.0,849316110.0
sh600645,望春花,1993-11-24,18.54,18.6,17.8,18.15,18.78,688200.0,12549000.0,145200000.0,820824675.0
sh600645,望春花,1993-11-25,18.1,18.7,17.81,18.35,18.15,501300.0,9191000.0,146800000.0,829869575.0
sh600645,望春花,1993-11-26,18.58,18.8,17.5,17.9,18.35,344900.0,6304000.0,143200000.0,809518550.0
sh600645,望春花,1993-11-29,17.5,17.85,17.3,17.8,17.9,312500.0,5509000.0,142400000.0,804996100.0
sh600645,望春花,1993-11-30,18.1,18.35,17.9,18.08,17.8,262300.0,4743000.0,144640000.0,817658960.0
sh600645,望春花,1993-12-01,18.2,18.34,17.72,17.85,18.08,225000.0,4054000.0,142800000.0,807257325.0
sh600645,望春花,1993-12-02,17.8,17.8,17.48,17.65,17.85,159600.0,2813000.0,141200000.0,798212425.0
sh600645,望春花,1993-12-03,17.6,18.09,17.5,17.95,17.65,157100.0,2782000.0,143600000.0,811779775.0
sh600645,望春花,1993-12-06,18.0,18.97,17.6,18.45,17.95,543000.0,10000000.0,147600000.0,834392025.0
sh600645,望春花,1993-12-07,18.8,20.7,18.55,20.08,18.45,1122500.0,21711000.0,160640000.0,908107960.0
sh600645,望春花,1993-12-08,20.5,20.6,19.02,19.78,20.08,1024300.0,20541000.0,158240000.0,894540610.0
sh600645,望春花,1993-12-09,19.7,19.99,18.4,19.0,19.78,482600.0,9287000.0,152000000.0,859265500.0
sh600645,望春花,1993-12-10,18.98,19.2,18.0,18.83,19.0,412600.0,7697000.0,150640000.0,851577335.0
sh600645,望春花,1993-12-13,18.9,18.92,18.28,18.3,18.83,209800.0,3892000.0,146400000.0,827608350.0
sh600645,望春花,1993-12-14,18.0,18.48,17.55,17.81,18.3,239400.0,4286000.0,142480000.0,805448345.0
sh600645,望春花,1993-12-15,17.72,18.29,16.8,18.29,17.81,281300.0,4954000.0,146320000.0,827156105.0
sh600645,望春花,1993-12-16,18.5,18.59,17.53,17.7,18.29,252500.0,4579000.0,141600000.0,800473650.0
sh600645,望春花,1993-12-17,17.2,17.7,16.87,17.15,17.7,331400.0,5724000.0,137200000.0,775600175.0
sh600645,望春花,1993-12-20,15.08,15.78,13.5,14.78,17.15,447000.0,6641000.0,118240000.0,668418110.0
sh600645,望春花,1993-12-21,14.7,16.2,14.6,16.18,14.78,413800.0,6393000.0,129440000.0,731732410.0
sh600645,望春花,1993-12-22,16.1,16.5,15.2,15.9,16.18,563500.0,9033000.0,127200000.0,719069550.0
sh600645,望春花,1993-12-24,16.0,16.18,15.01,15.8,15.9,128000.0,2012000.0,126400000.0,714547100.0
sh600645,望春花,1993-12-27,16.09,16.11,15.8,16.1,15.8,210700.0,3366000.0,128800000.0,728114450.0
sh600645,望春花,1993-12-28,16.4,16.58,16.0,16.1,16.1,267400.0,4364000.0,128800000.0,728114450.0
sh600645,望春花,1993-12-29,16.1,16.1,15.7,15.75,16.1,92800.0,1468000.0,126000000.0,712285875.0
sh600645,望春花,1993-12-30,15.65,15.85,15.65,15.85,15.75,85600.0,1347000.0,126800000.0,716808325.0
sh600645,望春花,1993-12-31,15.75,15.95,15.75,15.9,15.85,55500.0,881000.0,127200000.0,719069550.0
sh600645,望春花,1994-01-03,16.3,16.3,15.8,16.0,15.9,43900.0,703000.0,128000000.0,723592000.0
sh600645,望春花,1994-01-04,16.08,16.33,16.02,16.18,16.0,69400.0,1121000.0,129440000.0,731732410.0
sh600645,望春花,1994-01-05,16.18,16.89,16.02,16.88,16.18,245300.0,4067000.0,135040000.0,763389560.0
sh600645,望春花,1994-01-06,17.0,17.55,16.9,17.5,16.88,487400.0,8432000.0,140000000.0,791428750.0
sh600645,望春花,1994-01-07,17.55,17.63,17.09,17.42,17.5,273000.0,4751000.0,139360000.0,787810790.0
sh600645,望春花,1994-01-10,17.43,17.68,17.11,17.68,17.42,283600.0,4940000.0,141440000.0,799569160.0
sh600645,望春花,1994-01-11,17.7,17.75,17.05,17.32,17.68,231400.0,4010000.0,138560000.0,783288340.0
sh600645,望春花,1994-01-12,17.28,17.4,17.1,17.1,17.32,141000.0,2429000.0,136800000.0,773338950.0
sh600645,望春花,1994-01-13,17.1,17.38,17.02,17.3,17.1,100100.0,1723000.0,138400000.0,782383850.0
sh600645,望春花,1994-01-14,17.3,17.45,16.0,16.15,17.3,314900.0,5199000.0,129200000.0,730375675.0
sh600645,望春花,1994-01-17,16.4,16.5,16.24,16.38,16.15,139600.0,2289000.0,131040000.0,740777310.0
sh600645,望春花,1994-01-18,16.42,17.58,15.89,16.03,16.38,126800.0,2050000.0,128240000.0,724948735.0
sh600645,望春花,1994-01-19,16.11,16.15,15.05,15.5,16.03,135500.0,2121000.0,124000000.0,700979750.0
sh600645,望春花,1994-01-20,15.1,16.0,14.7,15.8,15.5,165100.0,2564000.0,126400000.0,714547100.0
sh600645,望春花,1994-01-21,15.76,16.0,15.55,15.92,15.8,99800.0,1585000.0,127360000.0,719974040.0
sh600645,望春花,1994-01-24,16.39,16.49,16.2,16.35,15.92,89100.0,1455000.0,130800000.0,739420575.0
sh600645,望春花,1994-01-25,16.34,16.35,15.85,15.9,16.35,47200.0,762000.0,127200000.0,719069550.0
sh600645,望春花,1994-01-26,15.8,15.9,15.71,15.9,15.9,30200.0,477000.0,127200000.0,719069550.0
sh600645,望春花,1994-01-27,16.1,16.11,15.83,16.03,15.9,30600.0,491000.0,128240000.0,724948735.0
sh600645,望春花,1994-01-28,16.02,16.02,15.57,15.7,16.03,47500.0,747000.0,125600000.0,710024650.0
sh600645,望春花,1994-01-31,15.1,15.5,15.0,15.35,15.7,74000.0,1128000.0,122800000.0,694196075.0
sh600645,望春花,1994-02-01,15.11,15.32,14.8,14.99,15.35,52700.0,797000.0,119920000.0,677915255.0
sh600645,望春花,1994-02-02,15.0,15.35,15.0,15.35,14.99,51400.0,778000.0,122800000.0,694196075.0
sh600645,望春花,1994-02-03,15.47,15.73,15.36,15.52,15.35,71300.0,1113000.0,124160000.0,701884240.0
sh600645,望春花,1994-02-04,15.62,15.9,15.5,15.75,15.52,64900.0,1016000.0,126000000.0,712285875.0
sh600645,望春花,1994-02-14,16.01,16.2,15.31,15.35,15.75,44500.0,704000.0,122800000.0,694196075.0
sh600645,望春花,1994-02-15,15.09,15.45,15.09,15.38,15.35,30800.0,469000.0,123040000.0,695552810.0
sh600645,望春花,1994-02-16,15.48,15.48,15.3,15.41,15.38,17700.0,273000.0,123280000.0,696909545.0
sh600645,望春花,1994-02-17,15.38,15.38,14.91,15.3,15.41,9800.0,150000.0,122400000.0,691934850.0
sh600645,望春花,1994-02-18,15.25,15.25,15.12,15.18,15.3,18700.0,284000.0,121440000.0,686507910.0
sh600645,望春花,1994-02-21,15.15,15.15,15.0,15.04,15.18,34500.0,519000.0,120320000.0,680176480.0
sh600645,望春花,1994-02-22,14.9,15.36,14.85,15.3,15.04,21400.0,327000.0,122400000.0,691934850.0
sh600645,望春花,1994-02-23,15.45,15.45,15.15,15.16,15.3,18700.0,284000.0,121280000.0,685603420.0
sh600645,望春花,1994-02-24,15.0,15.54,15.0,15.17,15.16,21000.0,318000.0,121360000.0,686055665.0
sh600645,望春花,1994-02-25,15.21,15.9,15.21,15.69,15.17,73500.0,1144000.0,125520000.0,709572405.0
sh600645,望春花,1994-02-28,15.3,15.5,14.81,15.01,15.69,59500.0,908000.0,120080000.0,678819745.0
sh600645,望春花,1994-03-01,15.08,15.25,14.9,14.9,15.01,61800.0,926000.0,119200000.0,673845050.0
sh600645,望春花,1994-03-02,14.95,15.0,14.61,14.7,14.9,49500.0,735000.0,117600000.0,664800150.0
sh600645,望春花,1994-03-03,14.6,14.6,14.38,14.45,14.7,53200.0,770000.0,115600000.0,653494025.0
sh600645,望春花,1994-03-04,14.45,14.6,14.25,14.3,14.45,48300.0,694000.0,114400000.0,646710350.0
sh600645,望春花,1994-03-07,14.11,14.2,12.35,13.9,14.3,12500.0,173000.0,111200000.0,628620550.0
sh600645,望春花,1994-03-08,13.9,14.49,13.6,13.96,13.9,75900.0,1060000.0,111680000.0,631334020.0
sh600645,望春花,1994-03-09,15.1,16.4,14.61,14.94,13.96,224000.0,3445000.0,119520000.0,675654030.0
sh600645,望春花,1994-03-10,15.05,15.2,14.0,14.38,14.94,234400.0,3460000.0,115040000.0,650328310.0
sh600645,望春花,1994-03-11,14.15,14.6,14.11,14.6,14.38,119500.0,1711000.0,116800000.0,660277700.0
sh600645,望春花,1994-03-14,15.5,16.0,15.2,15.95,14.6,339900.0,5273000.0,127600000.0,721330775.0
sh600645,望春花,1994-03-15,16.2,16.2,15.25,15.32,15.95,234800.0,3680000.0,122560000.0,692839340.0
sh600645,望春花,1994-03-16,15.5,15.85,15.25,15.8,15.32,182400.0,2837000.0,126400000.0,714547100.0
sh600645,望春花,1994-03-17,15.81,16.08,15.05,15.45,15.8,226300.0,3575000.0,123600000.0,698718525.0
sh600645,望春花,1994-03-18,15.35,15.4,14.8,15.11,15.45,145200.0,2201000.0,120880000.0,683342195.0
sh600645,望春花,1994-03-21,14.9,14.96,14.5,14.6,15.11,103700.0,1519000.0,116800000.0,660277700.0
sh600645,望春花,1994-03-22,14.38,14.99,14.38,14.75,14.6,75700.0,1110521.0,118000000.0,667061375.0
sh600645,望春花,1994-03-23,14.7,15.18,14.65,14.89,14.75,138100.0,2066012.0,119120000.0,673392805.0
sh600645,望春花,1994-03-24,15.0,15.8,15.0,15.7,14.89,529600.0,8198844.0,125600000.0,710024650.0
sh600645,望春花,1994-03-25,16.2,16.5,15.3,15.3,15.7,408300.0,6476580.0,122400000.0,691934850.0
sh600645,望春花,1994-03-28,15.2,15.85,15.01,15.6,15.3,212800.0,3287738.0,124800000.0,705502200.0
sh600645,望春花,1994-03-29,15.71,16.0,15.6,15.8,15.6,324400.0,5119467.0,126400000.0,714547100.0
sh600645,望春花,1994-03-30,16.0,16.69,15.9,16.08,15.8,987500.0,16059204.0,128640000.0,727209960.0
sh600645,望春花,1994-03-31,16.2,16.4,15.31,15.5,16.08,404900.0,6403562.0,124000000.0,700979750.0
sh600645,望春花,1994-04-01,15.49,15.9,15.32,15.77,15.5,209900.0,3284940.0,126160000.0,713190365.0
sh600645,望春花,1994-04-04,16.01,16.2,15.42,15.45,15.77,171700.0,2686310.0,123600000.0,698718525.0
sh600645,望春花,1994-04-05,15.59,15.6,15.2,15.25,15.45,106400.0,1630022.0,122000000.0,689673625.0
sh600645,望春花,1994-04-06,15.2,15.45,15.08,15.38,15.25,48100.0,734734.0,123040000.0,695552810.0
sh600645,望春花,1994-04-07,15.38,15.57,15.25,15.3,15.38,53800.0,826118.0,122400000.0,691934850.0
sh600645,望春花,1994-04-08,15.4,15.48,15.3,15.45,15.3,37300.0,574468.0,123600000.0,698718525.0
sh600645,望春花,1994-04-11,15.4,15.55,15.3,15.3,15.45,75500.0,1161687.0,122400000.0,691934850.0
sh600645,望春花,1994-04-12,15.37,15.54,15.32,15.45,15.3,41200.0,636214.0,123600000.0,698718525.0
sh600645,望春花,1994-04-13,15.55,15.65,15.08,15.3,15.45,81200.0,1257631.0,122400000.0,691934850.0
sh600645,望春花,1994-04-14,15.08,15.3,14.5,14.73,15.3,56800.0,851490.0,117840000.0,666156885.0
sh600645,望春花,1994-04-15,14.65,14.65,13.65,14.4,14.73,108700.0,1548539.0,115200000.0,651232800.0
sh600645,望春花,1994-04-18,14.0,14.0,13.52,13.56,14.4,98100.0,1351490.0,108480000.0,613244220.0
sh600645,望春花,1994-04-19,13.15,13.4,12.9,12.9,13.56,257100.0,3393305.0,129000000.0,583396050.0
sh600645,望春花,1994-04-21,12.1,14.1,12.02,13.81,12.9,599000.0,7785658.0,138100000.0,624550345.0
sh600645,望春花,1994-04-22,13.8,14.49,13.41,13.92,13.81,817700.0,11396068.0,139200000.0,629525040.0
sh600645,望春花,1994-04-25,9.32,9.32,8.51,8.82,13.92,343100.0,3072535.0,132300000.0,598320576.0
sh600645,望春花,1994-04-26,9.01,9.29,8.94,9.29,8.82,284800.0,2587998.0,139350000.0,630203872.0
sh600645,望春花,1994-04-27,9.44,9.58,9.18,9.57,9.29,616800.0,5818142.0,143550000.0,649198176.0
sh600645,望春花,1994-04-28,9.65,10.0,8.82,9.9,9.57,1172400.0,11344473.0,148500000.0,671584320.0
sh600645,望春花,1994-04-29,9.85,9.87,9.38,9.43,9.9,474500.0,4573298.0,141450000.0,639701024.0
sh600645,望春花,1994-05-03,9.2,9.99,9.06,9.98,9.43,583900.0,5659588.0,149700000.0,677011264.0
sh600645,望春花,1994-05-04,10.1,10.8,9.82,10.8,9.98,1745300.0,18107240.0,162000000.0,732637440.0
sh600645,望春花,1994-05-05,10.5,11.1,10.31,11.02,10.8,3531500.0,38037602.0,165300000.0,747561536.0
sh600645,望春花,1994-05-06,11.2,11.45,10.65,11.08,11.02,2969700.0,32667749.0,166200000.0,751631744.0
sh600645,望春花,1994-05-09,11.2,11.39,11.08,11.34,11.08,2323900.0,26148136.0,170100000.0,769269312.0
sh600645,望春花,1994-05-10,11.4,12.17,11.3,12.0,11.34,3094500.0,35920634.0,180000000.0,814041600.0
sh600645,望春花,1994-05-11,12.2,12.45,11.78,12.4,12.0,3666900.0,44296650.0,186000000.0,841176320.0
sh600645,望春花,1994-05-12,11.85,12.18,11.8,12.08,12.4,1448300.0,17282449.0,181200000.0,819468544.0
sh600645,望春花,1994-05-13,12.09,12.09,11.11,11.33,12.08,1384400.0,16277872.0,169950000.0,768590944.0
sh600645,望春花,1994-05-16,10.95,11.3,10.82,10.95,11.33,1018700.0,11236352.0,164250000.0,742812960.0
sh600645,望春花,1994-05-17,10.95,11.03,10.7,10.78,10.95,272700.0,2963170.0,161700000.0,731280704.0
sh600645,望春花,1994-05-18,10.7,10.92,10.55,10.74,10.78,439000.0,4705674.0,161100000.0,728567232.0
sh600645,望春花,1994-05-19,10.74,10.74,10.33,10.67,10.74,342300.0,3596628.0,160050000.0,723818656.0
sh600645,望春花,1994-05-20,10.81,10.99,10.6,10.9,10.67,341200.0,3697428.0,163500000.0,739421120.0
sh600645,望春花,1994-05-23,10.85,10.9,10.62,10.64,10.9,151800.0,1632752.0,159600000.0,721783552.0
sh600645,望春花,1994-05-24,10.6,10.72,10.6,10.69,10.64,95200.0,1014491.0,160350000.0,725175392.0
sh600645,望春花,1994-05-25,10.75,10.98,10.74,10.92,10.69,190700.0,2069639.0,163800000.0,740777856.0
sh600645,望春花,1994-05-26,10.98,10.98,10.55,10.58,10.92,246700.0,2645386.0,158700000.0,717713344.0
sh600645,望春花,1994-05-27,10.56,10.56,10.2,10.3,10.58,349100.0,3618870.0,154500000.0,698719040.0
sh600645,望春花,1994-05-30,10.17,10.2,9.81,9.88,10.3,253000.0,2528726.0,148200000.0,670227584.0
sh600645,望春花,1994-05-31,9.8,10.0,9.7,10.0,9.88,220700.0,2179901.0,150000000.0,678368000.0
sh600645,望春花,1994-06-01,10.0,10.05,9.8,9.8,10.0,190800.0,1891259.0,147000000.0,664800640.0
sh600645,望春花,1994-06-02,9.81,9.89,9.7,9.83,9.8,74700.0,731419.0,147450000.0,666835744.0
sh600645,望春花,1994-06-03,9.85,9.96,9.7,9.83,9.83,186100.0,1838386.0,147450000.0,666835744.0
sh600645,望春花,1994-06-06,9.86,9.86,9.51,9.51,9.83,67000.0,648563.0,142650000.0,645127968.0
sh600645,望春花,1994-06-07,9.51,9.51,9.34,9.36,9.51,144400.0,1360264.0,140400000.0,634952448.0
sh600645,望春花,1994-06-08,9.3,9.65,9.22,9.55,9.36,110000.0,1034790.0,143250000.0,647841440.0
sh600645,望春花,1994-06-09,9.55,9.59,9.28,9.31,9.55,116800.0,1110840.0,139650000.0,631560608.0
sh600645,望春花,1994-06-10,9.25,9.44,9.2,9.3,9.31,81300.0,753724.0,139500000.0,630882240.0
sh600645,望春花,1994-06-13,9.1,9.19,8.9,8.98,9.3,88100.0,796231.0,134700000.0,609174464.0
sh600645,望春花,1994-06-14,8.95,9.1,8.9,8.98,8.98,88200.0,793352.0,134700000.0,609174464.0
sh600645,望春花,1994-06-15,9.0,9.08,9.0,9.05,8.98,38700.0,350435.0,135750000.0,613923040.0
sh600645,望春花,1994-06-16,9.1,9.35,9.1,9.3,9.05,124100.0,1142688.0,139500000.0,630882240.0
sh600645,望春花,1994-06-17,9.46,10.26,9.31,10.26,9.3,251300.0,2425634.0,153900000.0,696005568.0
sh600645,望春花,1994-06-20,10.01,10.2,9.5,9.64,10.26,609600.0,6049397.0,144600000.0,653946752.0
sh600645,望春花,1994-06-21,9.42,9.6,9.38,9.6,9.64,142600.0,1353318.0,144000000.0,651233280.0
sh600645,望春花,1994-06-22,9.59,9.85,9.57,9.79,9.6,80900.0,785626.0,146850000.0,664122272.0
sh600645,望春花,1994-06-23,9.85,9.85,9.55,9.75,9.79,105000.0,1013932.0,146250000.0,661408800.0
sh600645,望春花,1994-06-24,9.65,9.65,9.45,9.57,9.75,108900.0,1038993.0,143550000.0,649198176.0
sh600645,望春花,1994-06-27,9.29,9.3,9.06,9.1,9.57,100500.0,920214.0,136500000.0,617314880.0
sh600645,望春花,1994-06-28,9.15,9.23,9.02,9.16,9.1,63100.0,577126.0,137400000.0,621385088.0
sh600645,望春花,1994-06-29,9.24,9.26,9.18,9.2,9.16,26000.0,239732.0,138000000.0,624098560.0
sh600645,望春花,1994-06-30,9.09,9.35,9.0,9.33,9.2,70200.0,641020.0,139950000.0,632917344.0
sh600645,望春花,1994-07-01,9.3,9.3,9.1,9.14,9.33,59800.0,548927.0,137100000.0,620028352.0
sh600645,望春花,1994-07-04,9.0,9.15,8.85,9.05,9.14,63400.0,570600.0,135750000.0,613923040.0
sh600645,望春花,1994-07-05,9.05,9.28,9.02,9.28,9.05,54300.0,493616.0,139200000.0,629525504.0
sh600645,望春花,1994-07-06,9.25,9.3,8.95,9.0,9.28,64500.0,589912.0,135000000.0,610531200.0
sh600645,望春花,1994-07-07,8.92,9.0,8.86,9.0,9.0,50000.0,448114.0,135000000.0,610531200.0
sh600645,望春花,1994-07-08,9.08,9.7,9.01,9.7,9.0,95400.0,876916.0,145500000.0,658016960.0
sh600645,望春花,1994-07-11,9.3,9.55,9.02,9.2,9.7,394100.0,3668480.0,138000000.0,624098560.0
sh600645,望春花,1994-07-12,9.2,9.34,9.1,9.25,9.2,69600.0,639952.0,138750000.0,627490400.0
sh600645,望春花,1994-07-13,9.26,9.4,9.21,9.4,9.25,148200.0,1380013.0,141000000.0,637665920.0
sh600645,望春花,1994-07-14,9.4,9.44,9.13,9.2,9.4,134000.0,1246392.0,138000000.0,624098560.0
sh600645,望春花,1994-07-15,9.15,9.15,8.68,8.73,9.2,317200.0,2816120.0,130950000.0,592215264.0
sh600645,望春花,1994-07-18,8.55,8.55,8.19,8.3,8.73,114000.0,945715.0,124500000.0,563045440.0
sh600645,望春花,1994-07-19,8.2,8.35,7.95,8.35,8.3,102900.0,840267.0,125250000.0,566437280.0
sh600645,望春花,1994-07-20,8.3,8.35,7.98,8.14,8.35,125800.0,1030722.0,122100000.0,552191552.0
sh600645,望春花,1994-07-21,7.68,7.79,7.36,7.65,8.14,185000.0,1401820.0,114750000.0,518951520.0
sh600645,望春花,1994-07-22,7.57,7.6,7.2,7.2,7.65,189900.0,1411546.0,108000000.0,488424960.0
sh600645,望春花,1994-07-25,7.0,7.57,6.68,7.57,7.2,714700.0,5071450.0,113550000.0,513524576.0
sh600645,望春花,1994-07-26,7.42,7.79,7.21,7.7,7.57,812200.0,6084724.0,115500000.0,522343360.0
sh600645,望春花,1994-07-27,7.65,7.68,7.03,7.25,7.7,560800.0,4218147.0,108750000.0,491816800.0
sh600645,望春花,1994-07-28,7.03,7.1,6.25,6.25,7.25,422500.0,2838459.0,93750000.0,423980000.0
sh600645,望春花,1994-07-29,6.01,6.19,5.91,6.19,6.25,358000.0,2162150.0,92850000.0,419909792.0
sh600645,望春花,1994-08-01,7.02,8.5,6.8,8.1,6.19,1800700.0,13565232.0,121500000.0,549478080.0
sh600645,望春花,1994-08-02,8.2,8.98,7.51,7.7,8.1,2110700.0,17576460.0,115500000.0,522343360.0
sh600645,望春花,1994-08-03,7.58,11.05,7.55,11.05,7.7,1570700.0,13363786.0,165750000.0,749596640.0
sh600645,望春花,1994-08-04,10.5,11.3,10.0,10.5,11.05,4206700.0,45075608.0,157500000.0,712286400.0
sh600645,望春花,1994-08-05,10.81,14.0,10.4,12.2,10.5,2893200.0,32821008.0,183000000.0,827608960.0
sh600645,望春花,1994-08-08,12.55,13.4,11.1,11.6,12.2,2782800.0,34079349.0,174000000.0,786906880.0
sh600645,望春花,1994-08-09,12.02,12.1,10.51,10.75,11.6,1694500.0,19409485.0,161250000.0,729245600.0
sh600645,望春花,1994-08-10,10.5,12.8,10.38,12.7,10.75,2011000.0,23153181.0,190500000.0,861527360.0
sh600645,望春花,1994-08-11,13.01,13.2,11.6,11.7,12.7,2887900.0,35742476.0,175500000.0,793690560.0
sh600645,望春花,1994-08-12,11.5,12.0,11.32,11.8,11.7,915000.0,10663582.0,177000000.0,800474240.0
sh600645,望春花,1994-08-15,11.25,11.6,10.91,11.1,11.8,359700.0,4038305.0,166500000.0,752988480.0
sh600645,望春花,1994-08-16,10.8,11.88,10.8,11.71,11.1,518000.0,5971095.0,175650000.0,794368928.0
sh600645,望春花,1994-08-17,11.6,12.8,11.6,12.79,11.71,1138500.0,13812303.0,191850000.0,867632672.0
sh600645,望春花,1994-08-18,12.98,13.48,12.06,13.15,12.79,3078700.0,40292923.0,197250000.0,892053920.0
sh600645,望春花,1994-08-19,13.1,13.1,11.8,12.27,13.15,2248800.0,27978596.0,184050000.0,832357536.0
sh600645,望春花,1994-08-22,11.58,11.8,11.2,11.7,12.27,879500.0,10159252.0,175500000.0,793690560.0
sh600645,望春花,1994-08-23,11.7,12.68,11.51,12.68,11.7,691100.0,8162742.0,190200000.0,860170624.0
sh600645,望春花,1994-08-24,12.45,12.5,11.91,12.0,12.68,882500.0,10801464.0,180000000.0,814041600.0
sh600645,望春花,1994-08-25,11.95,12.15,11.92,12.1,12.0,473200.0,5710162.0,181500000.0,820825280.0
sh600645,望春花,1994-08-26,12.1,12.3,11.75,12.0,12.1,404500.0,4853324.0,180000000.0,814041600.0
sh600645,望春花,1994-08-29,11.85,12.57,11.8,12.25,12.0,541200.0,6511610.0,183750000.0,831000800.0
sh600645,望春花,1994-08-30,12.4,13.24,12.31,13.24,12.25,3241200.0,41831498.0,198600000.0,898159232.0
sh600645,望春花,1994-08-31,13.5,13.7,13.11,13.4,13.24,3559300.0,47620110.0,201000000.0,909013120.0
sh600645,望春花,1994-09-01,13.62,13.68,12.51,13.4,13.4,2030200.0,27241113.0,201000000.0,909013120.0
sh600645,望春花,1994-09-02,13.5,14.48,13.2,14.48,13.4,2798500.0,38542128.0,217200000.0,982276864.0
sh600645,望春花,1994-09-05,14.89,20.1,14.89,20.1,14.48,3898200.0,62864307.0,301500000.0,1363519680.0
sh600645,望春花,1994-09-06,18.0,19.8,17.2,19.75,20.1,6866100.0,127000000.0,296250000.0,1339776800.0
sh600645,望春花,1994-09-07,19.4,19.5,17.0,17.55,19.75,2103200.0,39019508.0,263250000.0,1190535840.0
sh600645,望春花,1994-09-08,17.9,19.48,17.5,19.15,17.55,2229600.0,41446044.0,287250000.0,1299074720.0
sh600645,望春花,1994-09-09,18.6,19.18,17.85,18.48,19.15,2632300.0,48250524.0,277200000.0,1253624064.0
sh600645,望春花,1994-09-12,18.79,19.0,18.0,18.72,18.48,1293800.0,24206612.0,280800000.0,1269904896.0
sh600645,望春花,1994-09-13,18.95,19.56,18.6,18.85,18.72,1513600.0,28871370.0,282750000.0,1278723680.0
sh600645,望春花,1994-09-14,19.01,19.19,17.4,17.9,18.85,1142200.0,20905035.0,268500000.0,1214278720.0
sh600645,望春花,1994-09-15,17.9,18.18,16.58,18.18,17.9,723800.0,12625189.0,272700000.0,1233273024.0
sh600645,望春花,1994-09-16,18.38,18.38,16.51,18.18,18.18,1148000.0,20226056.0,272700000.0,1233273024.0
sh600645,望春花,1994-09-19,16.56,17.58,16.56,17.0,18.18,942400.0,16036469.0,255000000.0,1153225600.0
sh600645,望春花,1994-09-20,16.8,16.99,16.0,16.35,17.0,800900.0,13130875.0,245250000.0,1109131680.0
sh600645,望春花,1994-09-21,16.56,17.4,16.56,17.2,16.35,921900.0,15674173.0,258000000.0,1166792960.0
sh600645,望春花,1994-09-22,17.5,17.95,16.36,16.5,17.2,1196100.0,20821026.0,247500000.0,1119307200.0
sh600645,望春花,1994-09-23,16.3,16.3,15.15,15.38,16.5,1097500.0,17353006.0,230700000.0,1043329984.0
sh600645,望春花,1994-09-26,15.03,15.9,14.95,15.8,15.38,661200.0,10213092.0,237000000.0,1071821440.0
sh600645,望春花,1994-09-27,15.8,15.98,15.45,15.64,15.8,426300.0,6711577.0,234600000.0,1060967552.0
sh600645,望春花,1994-09-28,15.7,16.88,15.7,16.8,15.64,981600.0,16169489.0,252000000.0,1139658240.0
sh600645,望春花,1994-09-29,16.76,16.76,14.51,15.1,16.8,807100.0,12812667.0,226500000.0,1024335680.0
sh600645,望春花,1994-09-30,14.55,15.5,14.45,14.5,15.1,1076100.0,16032899.0,217500000.0,983633600.0
sh600645,望春花,1994-10-05,14.7,14.7,12.5,13.55,14.5,759200.0,10299703.0,203250000.0,919188640.0
sh600645,望春花,1994-10-06,13.97,14.19,12.35,12.9,13.55,605100.0,8282370.0,193500000.0,875094720.0
sh600645,望春花,1994-10-07,12.1,16.8,10.02,14.8,12.9,1507000.0,18619103.0,222000000.0,1003984640.0
sh600645,望春花,1994-10-10,13.5,14.46,13.45,13.8,14.8,1074700.0,14928915.0,207000000.0,936147840.0
sh600645,望春花,1994-10-11,13.8,14.1,13.51,13.9,13.8,481100.0,6644089.0,208500000.0,942931520.0
sh600645,望春花,1994-10-12,14.08,14.27,13.88,13.98,13.9,348300.0,4902252.0,209700000.0,948358464.0
sh600645,望春花,1994-10-13,13.8,13.8,12.05,12.25,13.98,708500.0,8943784.0,183750000.0,831000800.0
sh600645,望春花,1994-10-14,11.4,13.0,11.05,13.0,12.25,1157000.0,14186659.0,195000000.0,881878400.0
sh600645,望春花,1994-10-17,11.92,12.3,11.52,11.6,13.0,529000.0,6311078.0,174000000.0,786906880.0
sh600645,望春花,1994-10-18,11.8,12.24,11.78,11.91,11.6,330700.0,3946597.0,178650000.0,807936288.0
sh600645,望春花,1994-10-19,11.99,12.6,11.99,12.45,11.91,346400.0,4260528.0,186750000.0,844568160.0
sh600645,望春花,1994-10-20,12.58,18.0,12.55,18.0,12.45,1451700.0,19929724.0,270000000.0,1221062400.0
sh600645,望春花,1994-10-21,15.3,15.95,14.35,14.95,18.0,5128400.0,78986429.0,224250000.0,1014160160.0
sh600645,望春花,1994-10-24,15.3,16.0,15.01,15.98,14.95,2341500.0,36275990.0,239700000.0,1084032064.0
sh600645,望春花,1994-10-25,16.1,16.18,14.51,14.96,15.98,1214300.0,18655448.0,224400000.0,1014838528.0
sh600645,望春花,1994-10-26,14.42,14.65,13.5,13.76,14.96,857800.0,11898888.0,206400000.0,933434368.0
sh600645,望春花,1994-10-27,13.48,14.09,13.48,13.9,13.76,698600.0,9573145.0,208500000.0,942931520.0
sh600645,望春花,1994-10-28,14.03,14.98,13.5,13.6,13.9,2230500.0,31702817.0,204000000.0,922580480.0
sh600645,望春花,1994-10-31,13.0,13.38,12.5,13.0,13.6,560300.0,7271768.0,195000000.0,881878400.0
sh600645,望春花,1994-11-01,13.8,13.8,12.61,13.5,13.0,445000.0,5949204.0,202500000.0,915796800.0
sh600645,望春花,1994-11-02,13.24,13.45,13.24,13.4,13.5,230400.0,3079275.0,201000000.0,909013120.0
sh600645,望春花,1994-11-03,13.51,14.68,13.5,14.45,13.4,1401300.0,20032295.0,216750000.0,980241760.0
sh600645,望春花,1994-11-04,14.45,14.45,13.23,13.39,14.45,858800.0,11768038.0,200850000.0,908334752.0
sh600645,望春花,1994-11-07,12.75,13.6,12.71,13.5,13.39,446700.0,5952170.0,202500000.0,915796800.0
sh600645,望春花,1994-11-08,14.0,14.78,13.8,14.0,13.5,2146200.0,30813874.0,210000000.0,949715200.0
sh600645,望春花,1994-11-09,13.8,14.43,13.58,14.36,14.0,834500.0,11817744.0,215400000.0,974136448.0
sh600645,望春花,1994-11-10,14.68,14.76,14.0,14.1,14.36,1037500.0,14912433.0,211500000.0,956498880.0
sh600645,望春花,1994-11-11,14.3,14.4,13.94,14.35,14.1,393400.0,5605980.0,215250000.0,973458080.0
sh600645,望春花,1994-11-14,14.45,14.59,14.2,14.45,14.35,488800.0,7065738.0,216750000.0,980241760.0
sh600645,望春花,1994-11-15,14.18,14.35,13.85,14.0,14.45,436400.0,6153937.0,210000000.0,949715200.0
sh600645,望春花,1994-11-16,14.5,14.5,13.9,14.15,14.0,477500.0,6758082.0,212250000.0,959890720.0
sh600645,望春花,1994-11-17,14.3,14.37,13.9,13.94,14.15,319500.0,4496481.0,209100000.0,945644992.0
sh600645,望春花,1994-11-18,13.8,13.99,13.6,13.95,13.94,141400.0,1948376.0,209250000.0,946323360.0
sh600645,望春花,1994-11-21,14.0,14.17,13.92,13.95,13.95,58600.0,820836.0,209250000.0,946323360.0
sh600645,望春花,1994-11-22,14.05,14.08,13.68,13.75,13.95,77900.0,1086432.0,206250000.0,932756000.0
sh600645,望春花,1994-11-23,13.75,13.75,13.28,13.4,13.75,191300.0,2580998.0,201000000.0,909013120.0
sh600645,望春花,1994-11-24,13.3,13.58,13.2,13.4,13.4,84700.0,1137634.0,201000000.0,909013120.0
sh600645,望春花,1994-11-25,13.88,14.0,13.6,13.75,13.4,172800.0,2380994.0,206250000.0,932756000.0
sh600645,望春花,1994-11-28,13.5,13.7,13.48,13.6,13.75,52100.0,706084.0,204000000.0,922580480.0
sh600645,望春花,1994-11-29,13.4,13.92,13.38,13.74,13.6,123700.0,1674473.0,206100000.0,932077632.0
sh600645,望春花,1994-11-30,13.6,13.82,13.6,13.74,13.74,102900.0,1414468.0,206100000.0,932077632.0
sh600645,望春花,1994-12-01,13.76,14.25,13.76,14.1,13.74,635700.0,8956838.0,211500000.0,956498880.0
sh600645,望春花,1994-12-02,14.18,14.22,13.81,13.85,14.1,297400.0,4196404.0,207750000.0,939539680.0
sh600645,望春花,1994-12-05,13.8,13.8,13.5,13.55,13.85,109400.0,1487828.0,203250000.0,919188640.0
sh600645,望春花,1994-12-06,13.3,13.5,13.25,13.35,13.55,197300.0,2631560.0,200250000.0,905621280.0
sh600645,望春花,1994-12-07,13.4,13.55,13.15,13.24,13.35,163700.0,2174514.0,198600000.0,898159232.0
sh600645,望春花,1994-12-08,13.3,13.35,12.9,13.0,13.24,136700.0,1787026.0,195000000.0,881878400.0
sh600645,望春花,1994-12-09,12.9,13.18,12.85,12.9,13.0,193500.0,2510824.0,193500000.0,875094720.0
sh600645,望春花,1994-12-12,12.88,12.88,12.5,12.53,12.9,104700.0,1322280.0,187950000.0,849995104.0
sh600645,望春花,1994-12-13,12.91,13.4,12.52,12.85,12.53,231200.0,2945156.0,192750000.0,871702880.0
sh600645,望春花,1994-12-14,12.78,12.9,12.68,12.76,12.85,96800.0,1239570.0,191400000.0,865597568.0
sh600645,望春花,1994-12-15,12.85,13.7,12.7,13.64,12.76,401200.0,5360113.0,204600000.0,925293952.0
sh600645,望春花,1994-12-16,13.4,14.28,13.31,13.9,13.64,1072700.0,14907235.0,208500000.0,942931520.0
sh600645,望春花,1994-12-19,14.03,14.17,13.3,13.48,13.9,385400.0,5297998.0,202200000.0,914440064.0
sh600645,望春花,1994-12-20,13.8,14.5,13.49,14.25,13.48,762900.0,10704829.0,213750000.0,966674400.0
sh600645,望春花,1994-12-21,16.2,25.0,16.0,18.9,14.25,9874700.0,206000000.0,283500000.0,1282115520.0
sh600645,望春花,1994-12-22,18.8,19.4,17.66,19.2,18.9,4127500.0,75663335.0,288000000.0,1302466560.0
sh600645,望春花,1994-12-23,19.3,19.3,18.32,18.32,19.2,2593300.0,49029212.0,274800000.0,1242770176.0
sh600645,望春花,1994-12-26,18.4,18.8,18.04,18.2,18.32,972000.0,17746274.0,273000000.0,1234629760.0
sh600645,望春花,1994-12-27,18.58,18.8,18.15,18.24,18.2,1157600.0,21309850.0,273600000.0,1237343232.0
sh600645,望春花,1994-12-28,18.38,18.5,17.5,17.52,18.24,506500.0,9093330.0,262800000.0,1188500736.0
sh600645,望春花,1994-12-29,17.68,18.19,16.88,17.12,17.52,849200.0,14905917.0,256800000.0,1161366016.0
sh600645,望春花,1994-12-30,17.2,17.7,16.5,16.71,17.12,555600.0,9420542.0,250650000.0,1133552928.0
sh600645,望春花,1995-01-03,16.03,16.72,16.01,16.39,16.71,212400.0,3480660.0,245850000.0,1111845152.0
sh600645,望春花,1995-01-04,16.39,16.74,16.2,16.6,16.39,147800.0,2426103.0,249000000.0,1126090880.0
sh600645,望春花,1995-01-05,16.5,16.9,16.5,16.51,16.6,235200.0,3914316.0,247650000.0,1119985568.0
sh600645,望春花,1995-01-06,16.25,16.46,16.16,16.2,16.51,147900.0,2404992.0,243000000.0,1098956160.0
sh600645,望春花,1995-01-09,16.21,16.32,15.2,15.28,16.2,352500.0,5480113.0,229200000.0,1036546304.0
sh600645,望春花,1995-01-10,15.0,15.02,14.3,14.4,15.28,379500.0,5563778.0,216000000.0,976849920.0
sh600645,望春花,1995-01-11,14.2,14.47,13.88,14.29,14.4,350900.0,4967435.0,214350000.0,969387872.0
sh600645,望春花,1995-01-12,14.45,14.5,13.86,14.05,14.29,215100.0,3046495.0,210750000.0,953107040.0
sh600645,望春花,1995-01-13,13.9,14.17,13.65,14.1,14.05,251400.0,3514734.0,211500000.0,956498880.0
sh600645,望春花,1995-01-16,13.9,14.54,13.73,14.41,14.1,373200.0,5314482.0,216150000.0,977528288.0
sh600645,望春花,1995-01-17,14.48,14.86,14.1,14.33,14.41,363000.0,5281118.0,214950000.0,972101344.0
sh600645,望春花,1995-01-18,14.4,14.52,14.35,14.45,14.33,120600.0,1740993.0,216750000.0,980241760.0
sh600645,望春花,1995-01-19,14.45,14.45,13.66,13.8,14.45,220400.0,3083124.0,207000000.0,936147840.0
sh600645,望春花,1995-01-20,13.47,14.14,13.2,13.8,13.8,285900.0,3884996.0,207000000.0,936147840.0
sh600645,望春花,1995-01-23,13.28,13.5,13.18,13.22,13.8,115800.0,1542167.0,198300000.0,896802496.0
sh600645,望春花,1995-01-24,13.2,13.79,12.8,13.0,13.22,241500.0,3164710.0,195000000.0,881878400.0
sh600645,望春花,1995-01-25,13.0,13.3,13.0,13.1,13.0,134900.0,1773516.0,196500000.0,888662080.0
sh600645,望春花,1995-01-26,13.07,13.07,12.81,12.95,13.1,112700.0,1458993.0,194250000.0,878486560.0
sh600645,望春花,1995-01-27,12.89,13.25,12.89,13.19,12.95,164200.0,2162970.0,197850000.0,894767392.0
sh600645,望春花,1995-02-06,12.98,12.98,12.05,12.09,13.19,157900.0,1900000.0,181350000.0,820146912.0
sh600645,望春花,1995-02-07,12.05,12.08,11.51,11.8,12.09,187100.0,2200000.0,177000000.0,800474240.0
sh600645,望春花,1995-02-08,11.9,12.07,11.84,11.94,11.8,102900.0,1220000.0,179100000.0,809971392.0
sh600645,望春花,1995-02-09,11.93,12.38,11.84,12.3,11.94,163400.0,1960000.0,184500000.0,834392640.0
sh600645,望春花,1995-02-10,12.18,12.55,11.9,11.98,12.3,272400.0,3260000.0,179700000.0,812684864.0
sh600645,望春花,1995-02-13,11.94,12.29,11.91,12.2,11.98,114000.0,1380637.0,183000000.0,827608960.0
sh600645,望春花,1995-02-14,12.3,12.35,12.0,12.2,12.2,77000.0,935382.0,183000000.0,827608960.0
sh600645,望春花,1995-02-15,12.28,12.28,12.01,12.1,12.2,63900.0,773546.0,181500000.0,820825280.0
sh600645,望春花,1995-02-16,12.0,12.02,11.86,11.95,12.1,75600.0,902912.0,179250000.0,810649760.0
sh600645,望春花,1995-02-17,11.9,11.95,11.79,11.82,11.95,64200.0,759520.0,177300000.0,801830976.0
sh600645,望春花,1995-02-20,12.18,12.18,11.88,11.92,11.82,68900.0,824687.0,178800000.0,808614656.0
sh600645,望春花,1995-02-21,11.88,12.13,11.88,12.1,11.92,49500.0,595028.0,181500000.0,820825280.0
sh600645,望春花,1995-02-22,12.1,13.6,12.1,13.5,12.1,670400.0,8765009.0,202500000.0,915796800.0
sh600645,望春花,1995-02-23,13.2,13.95,12.9,13.42,13.5,904200.0,12128960.0,201300000.0,910369856.0
sh600645,望春花,1995-02-24,13.6,13.7,12.27,12.58,13.42,434800.0,5615687.0,188700000.0,853386944.0
sh600645,望春花,1995-02-27,13.43,13.78,12.7,12.9,12.58,632000.0,8251553.0,193500000.0,875094720.0
sh600645,望春花,1995-02-28,12.73,12.85,12.22,12.5,12.9,175100.0,2179576.0,187500000.0,847960000.0
sh600645,望春花,1995-03-01,12.5,12.8,12.3,12.75,12.5,180200.0,2267503.0,191250000.0,864919200.0
sh600645,望春花,1995-03-02,12.7,13.15,12.57,13.0,12.75,459400.0,5951448.0,196050000.0,886626976.0
sh600645,望春花,1995-03-03,13.08,13.88,12.95,13.74,13.07,900100.0,12126690.0,206100000.0,932077632.0
sh600645,望春花,1995-03-06,13.98,15.5,13.72,15.15,13.74,1702800.0,24683468.0,224250000.0,1014160160.0
sh600645,望春花,1995-03-07,15.15,15.85,14.35,15.6,14.95,2049200.0,31092000.0,234000000.0,1058254080.0
sh600645,望春花,1995-03-08,16.1,16.4,15.42,15.62,15.6,2054800.0,32860403.0,240000000.0,1085388800.0
sh600645,望春花,1995-03-09,15.5,16.79,15.4,16.1,16.0,3087800.0,50434557.0,241500000.0,1092172480.0
sh600645,望春花,1995-03-10,16.0,16.06,15.3,15.37,16.1,1305000.0,20580250.0,230550000.0,1042651616.0
sh600645,望春花,1995-03-13,15.6,15.86,15.28,15.28,15.37,388000.0,5996963.0,229200000.0,1036546304.0
sh600645,望春花,1995-03-14,15.25,15.65,15.02,15.21,15.28,298600.0,4583735.0,228150000.0,1031797728.0
sh600645,望春花,1995-03-15,15.25,15.38,14.36,14.6,15.21,504800.0,7457392.0,219000000.0,990417280.0
sh600645,望春花,1995-03-16,14.51,14.91,14.48,14.79,14.6,196600.0,2882795.0,221850000.0,1003306272.0
sh600645,望春花,1995-03-17,14.8,15.4,14.68,15.3,14.79,280200.0,4228156.0,229500000.0,1037903040.0
sh600645,望春花,1995-03-20,15.4,15.78,14.92,14.95,15.3,361700.0,5560433.0,224250000.0,1014160160.0
sh600645,望春花,1995-03-21,14.85,15.18,14.61,15.0,14.95,170600.0,2540990.0,225000000.0,1017552000.0
sh600645,望春花,1995-03-22,15.3,16.15,14.92,16.15,15.0,455700.0,7090008.0,242250000.0,1095564320.0
sh600645,望春花,1995-03-23,16.2,16.77,15.91,16.19,16.15,1128300.0,18375401.0,242850000.0,1098277792.0
sh600645,望春花,1995-03-24,16.3,16.7,15.23,16.7,16.19,1243000.0,20124077.0,250500000.0,1132874560.0
sh600645,望春花,1995-03-27,16.66,17.75,16.41,17.51,16.7,2588300.0,44567887.0,262650000.0,1187822368.0
sh600645,望春花,1995-03-28,17.35,17.49,17.06,17.1,17.51,449700.0,7745297.0,256500000.0,1160009280.0
sh600645,望春花,1995-03-29,17.1,17.5,17.09,17.25,17.1,577700.0,9976002.0,258750000.0,1170184800.0
sh600645,望春花,1995-03-30,17.2,17.41,17.0,17.25,17.25,630400.0,10864092.0,258750000.0,1170184800.0
sh600645,望春花,1995-03-31,17.48,18.8,17.35,18.15,17.25,1527900.0,27350358.0,272250000.0,1231237920.0
sh600645,望春花,1995-04-03,18.35,18.35,17.75,18.14,18.15,633300.0,11388338.0,272100000.0,1230559552.0
sh600645,望春花,1995-04-04,18.0,18.26,17.8,18.0,18.14,487200.0,8763598.0,270000000.0,1221062400.0
sh600645,望春花,1995-04-05,18.0,18.19,17.66,17.8,18.0,1056100.0,18848332.0,267000000.0,1207495040.0
sh600645,望春花,1995-04-06,17.68,17.8,17.4,17.8,17.8,390100.0,6875584.0,267000000.0,1207495040.0
sh600645,望春花,1995-04-07,18.5,19.28,18.0,18.33,17.8,1767800.0,32677395.0,274950000.0,1243448544.0
sh600645,望春花,1995-04-10,18.5,18.55,17.88,17.99,18.33,211600.0,3849427.0,269850000.0,1220384032.0
sh600645,望春花,1995-04-11,17.6,18.2,17.5,17.5,17.99,220600.0,3922655.0,262500000.0,1187144000.0
sh600645,望春花,1995-04-12,17.4,17.88,17.25,17.82,17.5,708400.0,12402486.0,267300000.0,1208851776.0
sh600645,望春花,1995-04-13,17.79,17.99,17.5,17.5,17.82,134400.0,2379142.0,262500000.0,1187144000.0
sh600645,望春花,1995-04-14,17.5,18.15,17.2,17.9,17.5,165300.0,2918224.0,268500000.0,1214278720.0
sh600645,望春花,1995-04-17,17.5,17.85,17.41,17.5,17.9,133000.0,2338690.0,262500000.0,1187144000.0
sh600645,望春花,1995-04-19,17.45,17.45,17.05,17.4,17.5,155000.0,2674878.0,261000000.0,1180360320.0
sh600645,望春花,1995-04-20,17.0,17.81,17.0,17.41,17.4,289400.0,5035732.0,261150000.0,1181038688.0
sh600645,望春花,1995-04-21,17.42,17.8,17.1,17.15,17.41,469500.0,8157814.0,257250000.0,1163401120.0
sh600645,望春花,1995-04-24,17.0,17.0,16.01,16.05,17.15,481600.0,7849319.0,240750000.0,1088780640.0
sh600645,望春花,1995-04-25,12.12,13.58,12.12,13.38,16.05,1921600.0,25099965.0,200700000.0,907656384.0
sh600645,望春花,1995-04-26,13.3,13.5,12.81,13.0,13.38,1398000.0,18414815.0,195000000.0,881878400.0
sh600645,望春花,1995-04-27,12.19,13.7,12.12,13.04,13.0,1909600.0,24660311.0,195600000.0,884591872.0
sh600645,望春花,1995-04-28,13.3,13.47,13.1,13.38,13.04,1072800.0,14268707.0,200700000.0,907656384.0
sh600645,望春花,1995-05-02,13.4,13.65,13.34,13.5,13.38,824500.0,11140518.0,202500000.0,915796800.0
sh600645,望春花,1995-05-03,13.55,13.6,13.2,13.35,13.5,755900.0,10142962.0,200250000.0,905621280.0
sh600645,望春花,1995-05-04,13.28,13.35,12.7,12.96,13.35,532000.0,6873573.0,194400000.0,879164928.0
sh600645,望春花,1995-05-05,12.7,13.2,12.7,13.0,12.96,369000.0,4801752.0,195000000.0,881878400.0
sh600645,望春花,1995-05-08,13.1,13.47,13.05,13.38,13.0,844300.0,11212102.0,200700000.0,907656384.0
sh600645,望春花,1995-05-09,13.4,13.69,13.32,13.6,13.38,1137200.0,15413592.0,204000000.0,922580480.0
sh600645,望春花,1995-05-10,13.6,13.85,13.06,13.16,13.6,1343100.0,18059253.0,197400000.0,892732288.0
sh600645,望春花,1995-05-11,13.3,13.4,13.13,13.27,13.16,445700.0,5910630.0,199050000.0,900194336.0
sh600645,望春花,1995-05-12,13.25,13.78,13.2,13.58,13.27,1801700.0,24533830.0,203700000.0,921223744.0
sh600645,望春花,1995-05-15,13.58,13.77,13.4,13.77,13.58,888500.0,12086736.0,247860000.0,1120934457.0
sh600645,望春花,1995-05-16,13.8,13.86,13.5,13.6,13.77,783800.0,10757651.0,244800000.0,1107095760.0
sh600645,望春花,1995-05-17,13.6,13.68,13.45,13.63,13.6,295000.0,4006362.0,245340000.0,1109537883.0
sh600645,望春花,1995-05-18,17.5,18.57,16.5,18.0,13.63,6476100.0,114137339.0,324000000.0,1465273800.0
sh600645,望春花,1995-05-19,18.05,19.5,17.8,19.3,18.0,5388200.0,100746572.0,347400000.0,1571099130.0
sh600645,望春花,1995-05-22,21.0,21.0,18.6,19.48,19.3,3647200.0,71034668.0,350640000.0,1585751868.0
sh600645,望春花,1995-05-23,17.0,17.99,16.0,16.38,19.48,3015200.0,51767288.0,294840000.0,1333399158.0
sh600645,望春花,1995-05-24,16.5,17.35,15.8,16.28,16.38,1290500.0,21100145.0,293040000.0,1325258748.0
sh600645,望春花,1995-05-25,16.38,16.45,15.0,15.1,16.28,995000.0,15942453.0,271800000.0,1229201910.0
sh600645,望春花,1995-05-26,14.95,16.8,14.0,15.65,15.1,1782400.0,27370981.0,281700000.0,1273974165.0
sh600645,望春花,1995-05-29,15.41,15.5,15.0,15.38,15.65,560000.0,8530627.0,276840000.0,1251995058.0
sh600645,望春花,1995-05-30,15.3,15.6,15.1,15.3,15.38,384400.0,5919430.0,275400000.0,1245482730.0
sh600645,望春花,1995-05-31,15.01,15.25,14.91,15.08,15.3,426000.0,6403680.0,271440000.0,1227573828.0
sh600645,望春花,1995-06-01,15.28,15.4,15.1,15.2,15.08,228700.0,3477633.0,273600000.0,1237342320.0
sh600645,望春花,1995-06-02,15.25,15.55,15.21,15.48,15.2,503900.0,7771802.0,278640000.0,1260135468.0
sh600645,望春花,1995-06-05,15.5,15.5,14.8,14.85,15.48,326500.0,4914277.0,267300000.0,1208850885.0
sh600645,望春花,1995-06-06,14.5,14.78,14.2,14.78,14.85,334600.0,4856900.0,266040000.0,1203152598.0
sh600645,望春花,1995-06-07,14.8,15.4,14.6,15.4,14.78,396300.0,5918428.0,277200000.0,1253623140.0
sh600645,望春花,1995-06-08,15.2,15.48,14.75,14.88,15.4,582300.0,8790335.0,267840000.0,1211293008.0
sh600645,望春花,1995-06-09,14.84,15.06,14.84,14.95,14.88,172100.0,2574139.0,269100000.0,1216991295.0
sh600645,望春花,1995-06-12,14.9,14.95,14.51,14.69,14.95,214300.0,3139481.0,264420000.0,1195826229.0
sh600645,望春花,1995-06-13,15.0,15.0,14.7,14.8,14.69,104700.0,1550731.0,266400000.0,1204780680.0
sh600645,中源协和,1995-06-14,14.8,14.89,14.55,14.68,14.8,158100.0,2325077.0,264240000.0,1195012188.0
sh600645,望春花,1995-06-15,13.98,14.68,13.81,14.0,14.68,692300.0,9718243.0,252000000.0,1139657400.0
sh600645,望春花,1995-06-16,13.8,14.38,13.78,14.11,14.0,206300.0,2918920.0,255600000.0,1155938220.0
sh600645,望春花,1995-06-19,13.8,14.0,13.8,13.92,14.2,147600.0,2056734.0,250560000.0,1133145072.0
sh600645,望春花,1995-06-20,14.0,14.11,13.85,14.0,13.92,157300.0,2206727.0,252000000.0,1139657400.0
sh600645,望春花,1995-06-21,14.0,14.2,14.0,14.15,14.0,113500.0,1599488.0,254700000.0,1151868015.0
sh600645,望春花,1995-06-22,14.1,14.19,13.8,13.95,14.15,88800.0,1242151.0,251100000.0,1135587195.0
sh600645,望春花,1995-06-23,14.1,14.15,14.0,14.15,13.95,93800.0,1319318.0,254700000.0,1151868015.0
sh600645,望春花,1995-06-26,14.2,14.2,14.08,14.15,14.15,55300.0,781692.0,254700000.0,1151868015.0
sh600645,望春花,1995-06-27,14.2,14.2,13.95,13.95,14.15,95800.0,1350522.0,251100000.0,1135587195.0
sh600645,望春花,1995-06-28,13.89,14.05,13.87,13.94,13.95,80900.0,1126647.0,250920000.0,1134773154.0
sh600645,望春花,1995-06-29,13.94,14.0,13.9,13.92,13.94,102800.0,1433675.0,250740000.0,1133959113.0
sh600645,望春花,1995-06-30,13.8,13.88,13.5,13.69,13.93,207900.0,2847735.0,246420000.0,1114422129.0
sh600645,望春花,1995-07-03,13.5,13.5,13.2,13.2,13.69,203800.0,2709661.0,237600000.0,1074534120.0
sh600645,望春花,1995-07-04,13.0,13.4,13.0,13.36,13.2,154300.0,2047711.0,240480000.0,1087558776.0
sh600645,望春花,1995-07-05,13.5,13.7,13.4,13.67,13.36,141800.0,1926635.0,246060000.0,1112794047.0
sh600645,望春花,1995-07-06,13.7,13.89,13.5,13.58,13.67,205700.0,2825256.0,244440000.0,1105467678.0
sh600645,望春花,1995-07-07,13.6,14.25,13.55,14.2,13.58,279900.0,3894575.0,255600000.0,1155938220.0
sh600645,望春花,1995-07-10,14.48,14.48,13.85,14.0,14.2,274800.0,3879221.0,252000000.0,1139657400.0
sh600645,望春花,1995-07-11,14.0,14.1,13.6,13.68,14.0,162400.0,2248748.0,246240000.0,1113608088.0
sh600645,望春花,1995-07-12,13.88,13.88,13.68,13.78,13.68,134200.0,1852625.0,248040000.0,1121748498.0
sh600645,望春花,1995-07-13,13.78,13.99,13.73,13.8,13.78,80700.0,1115572.0,248400000.0,1123376580.0
sh600645,望春花,1995-07-14,13.75,14.1,13.75,13.8,13.8,168000.0,2350017.0,248400000.0,1123376580.0
sh600645,望春花,1995-07-17,13.67,16.0,13.67,14.82,13.8,935500.0,13744998.0,266760000.0,1206408762.0
sh600645,望春花,1995-07-18,14.8,14.9,14.04,14.55,14.82,484300.0,6995556.0,261900000.0,1184429655.0
sh600645,望春花,1995-07-19,14.55,14.65,13.87,13.93,14.55,347900.0,4996826.0,250740000.0,1133959113.0
sh600645,望春花,1995-07-20,13.95,14.2,13.95,14.08,13.93,135900.0,1912905.0,253440000.0,1146169728.0
sh600645,望春花,1995-07-21,14.6,14.6,14.08,14.15,14.08,113400.0,1606871.0,254700000.0,1151868015.0
sh600645,望春花,1995-07-24,14.5,14.5,13.9,14.1,14.15,178800.0,2524800.0,253800000.0,1147797810.0
sh600645,望春花,1995-07-25,14.05,14.3,14.0,14.08,14.1,121700.0,1712379.0,253440000.0,1146169728.0
sh600645,望春花,1995-07-26,14.2,14.5,14.0,14.1,14.08,322500.0,4627077.0,253800000.0,1147797810.0
sh600645,望春花,1995-07-27,14.08,14.1,14.0,14.1,14.1,104700.0,1472340.0,253800000.0,1147797810.0
sh600645,望春花,1995-07-28,14.18,14.18,14.02,14.15,14.1,150800.0,2128785.0,254700000.0,1151868015.0
sh600645,望春花,1995-07-31,14.1,14.22,14.0,14.11,14.15,106000.0,1494601.0,253980000.0,1148611851.0
sh600645,望春花,1995-08-01,14.1,14.49,14.0,14.4,14.11,158200.0,2258772.0,259200000.0,1172219040.0
sh600645,望春花,1995-08-02,14.5,14.8,12.9,14.08,14.4,432300.0,6281956.0,253440000.0,1146169728.0
sh600645,望春花,1995-08-03,14.08,14.4,14.01,14.2,14.08,113200.0,1606558.0,255600000.0,1155938220.0
sh600645,望春花,1995-08-04,14.2,14.4,14.11,14.23,14.2,81300.0,1158000.0,256140000.0,1158380343.0
sh600645,望春花,1995-08-07,14.0,14.28,14.0,14.22,14.23,67300.0,954848.0,255960000.0,1157566302.0
sh600645,望春花,1995-08-08,14.25,14.4,14.02,14.08,14.22,188800.0,2673212.0,253440000.0,1146169728.0
sh600645,望春花,1995-08-09,14.1,14.2,14.0,14.08,14.08,125400.0,1761646.0,253440000.0,1146169728.0
sh600645,望春花,1995-08-10,14.05,14.3,13.9,14.26,14.08,192300.0,2706831.0,256680000.0,1160822466.0
sh600645,望春花,1995-08-11,14.2,14.48,13.8,14.1,14.26,198800.0,2815381.0,253800000.0,1147797810.0
sh600645,望春花,1995-08-14,14.1,15.5,14.0,14.97,14.1,592300.0,8461069.0,269460000.0,1218619377.0
sh600645,望春花,1995-08-15,14.9,14.9,14.28,14.3,14.97,412700.0,6033283.0,257400000.0,1164078630.0
sh600645,望春花,1995-08-16,14.2,14.4,14.12,14.23,14.3,188900.0,2690032.0,256140000.0,1158380343.0
sh600645,望春花,1995-08-17,14.23,14.6,14.23,14.25,14.23,254700.0,3667988.0,256500000.0,1160008425.0
sh600645,望春花,1995-08-18,13.51,14.7,13.1,14.15,14.25,159500.0,2274047.0,254700000.0,1151868015.0
sh600645,望春花,1995-08-21,14.0,14.2,13.8,13.95,14.15,180300.0,2522571.0,251100000.0,1135587195.0
sh600645,望春花,1995-08-22,13.95,14.1,13.9,13.98,13.95,71000.0,990348.0,251640000.0,1138029318.0
sh600645,望春花,1995-08-23,14.01,14.05,13.9,13.9,13.98,54700.0,761919.0,250200000.0,1131516990.0
sh600645,望春花,1995-08-24,13.9,13.95,13.58,13.8,13.9,48700.0,672461.0,248400000.0,1123376580.0
sh600645,望春花,1995-08-25,13.7,13.93,13.7,13.75,13.8,63800.0,879670.0,247500000.0,1119306375.0
sh600645,望春花,1995-08-28,13.75,13.8,13.45,13.6,13.75,55900.0,764368.0,244800000.0,1107095760.0
sh600645,望春花,1995-08-29,13.48,13.8,13.3,13.5,13.6,117300.0,1582564.0,243000000.0,1098955350.0
sh600645,望春花,1995-08-30,13.36,13.51,13.28,13.32,13.5,95000.0,1269342.0,239760000.0,1084302612.0
sh600645,望春花,1995-08-31,13.3,13.54,13.28,13.35,13.32,84100.0,1124895.0,240300000.0,1086744735.0
sh600645,望春花,1995-09-01,13.41,13.5,13.4,13.45,13.35,40000.0,538396.0,242100000.0,1094885145.0
sh600645,望春花,1995-09-04,13.48,13.59,13.41,13.42,13.45,88500.0,1195391.0,241560000.0,1092443022.0
sh600645,望春花,1995-09-05,13.45,14.45,13.45,13.6,13.42,163000.0,2254223.0,244800000.0,1107095760.0
sh600645,望春花,1995-09-06,13.59,13.59,13.01,13.57,13.6,75900.0,1018602.0,244260000.0,1104653637.0
sh600645,望春花,1995-09-07,13.8,13.8,13.4,13.4,13.57,109900.0,1486865.0,241200000.0,1090814940.0
sh600645,望春花,1995-09-08,13.5,13.5,13.4,13.41,13.4,62900.0,844809.0,241380000.0,1091628981.0
sh600645,望春花,1995-09-11,13.79,13.89,13.42,13.63,13.41,61900.0,837912.0,245340000.0,1109537883.0
sh600645,望春花,1995-09-12,13.9,13.98,13.4,13.42,13.63,100900.0,1382223.0,241560000.0,1092443022.0
sh600645,望春花,1995-09-13,13.57,13.7,13.28,13.4,13.42,95700.0,1281761.0,241200000.0,1090814940.0
sh600645,望春花,1995-09-14,13.4,13.42,13.0,13.25,13.4,141100.0,1861281.0,238500000.0,1078604325.0
sh600645,望春花,1995-09-15,13.06,13.24,13.05,13.22,13.25,58300.0,769559.0,237960000.0,1076162202.0
sh600645,望春花,1995-09-18,13.36,13.36,13.1,13.1,13.22,77800.0,1020786.0,235800000.0,1066393710.0
sh600645,望春花,1995-09-19,13.3,13.3,13.0,13.0,13.1,62700.0,822128.0,234000000.0,1058253300.0
sh600645,望春花,1995-09-20,12.8,12.95,12.8,12.84,13.0,93800.0,1201716.0,231120000.0,1045228644.0
sh600645,望春花,1995-09-21,12.8,12.88,12.8,12.85,12.84,61600.0,792711.0,231300000.0,1046042685.0
sh600645,望春花,1995-09-22,12.85,12.91,12.8,12.84,12.85,55600.0,713411.0,231120000.0,1045228644.0
sh600645,望春花,1995-09-25,12.21,12.85,12.0,12.62,12.84,29600.0,374106.0,227160000.0,1027319742.0
sh600645,望春花,1995-09-26,12.6,12.8,12.6,12.65,12.62,26200.0,333348.0,227700000.0,1029761865.0
sh600645,望春花,1995-09-27,12.6,12.6,12.03,12.24,12.65,52000.0,639840.0,220320000.0,996386184.0
sh600645,望春花,1995-09-28,12.1,12.18,11.95,12.05,12.24,98500.0,1186448.0,216900000.0,980919405.0
sh600645,望春花,1995-09-29,12.03,12.48,12.03,12.47,12.05,62100.0,761238.0,224460000.0,1015109127.0
sh600645,望春花,1995-10-04,12.01,12.26,12.01,12.2,12.47,27400.0,335058.0,218700000.0,989059815.0
sh600645,望春花,1995-10-05,12.3,12.4,12.2,12.39,12.15,23200.0,286571.0,223020000.0,1008596799.0
sh600645,望春花,1995-10-06,12.4,12.5,12.21,12.28,12.39,53300.0,658956.0,221040000.0,999642348.0
sh600645,望春花,1995-10-09,12.28,12.3,12.0,12.01,12.28,53000.0,640104.0,216180000.0,977663241.0
sh600645,望春花,1995-10-10,11.91,12.3,11.91,11.94,12.01,59300.0,712636.0,214920000.0,971964954.0
sh600645,望春花,1995-10-11,11.94,12.02,11.62,11.73,11.94,76700.0,906855.0,211140000.0,954870093.0
sh600645,望春花,1995-10-12,11.6,11.8,11.52,11.56,11.73,98400.0,1141576.0,208080000.0,941031396.0
sh600645,望春花,1995-10-13,11.7,12.04,11.7,11.94,11.56,142100.0,1688353.0,214920000.0,971964954.0
sh600645,望春花,1995-10-16,11.94,12.05,11.9,12.02,11.94,84200.0,1009334.0,216360000.0,978477282.0
sh600645,望春花,1995-10-17,12.0,12.19,12.0,12.07,11.94,30200.0,365019.0,216360000.0,978477282.0
sh600645,望春花,1995-10-18,12.07,12.45,11.6,12.12,12.07,116400.0,1425366.0,218160000.0,986617692.0
sh600645,望春花,1995-10-19,12.22,12.22,12.0,12.03,12.12,87800.0,1059075.0,216540000.0,979291323.0
sh600645,望春花,1995-10-20,12.08,12.65,12.01,12.55,12.03,123800.0,1522798.0,225900000.0,1021621455.0
sh600645,望春花,1995-10-23,12.68,12.7,12.11,12.38,12.55,110600.0,1377097.0,222840000.0,1007782758.0
sh600645,望春花,1995-10-24,12.25,12.5,12.25,12.27,12.38,45200.0,557226.0,220860000.0,998828307.0
sh600645,望春花,1995-10-25,13.38,13.38,12.38,12.95,12.27,355200.0,4554610.0,233100000.0,1054183095.0
sh600645,望春花,1995-10-26,12.75,12.9,12.25,12.25,12.95,114800.0,1442661.0,220500000.0,997200225.0
sh600645,望春花,1995-10-27,12.18,12.38,12.08,12.1,12.25,73600.0,899289.0,217800000.0,984989610.0
sh600645,望春花,1995-10-30,12.0,12.1,11.95,12.03,12.1,74800.0,898478.0,216540000.0,979291323.0
sh600645,望春花,1995-10-31,12.08,12.08,11.9,12.0,12.03,42000.0,505167.0,216000000.0,976849200.0
sh600645,望春花,1995-11-01,12.0,12.5,11.98,12.1,12.0,37500.0,454037.0,217800000.0,984989610.0
sh600645,望春花,1995-11-02,12.2,12.2,12.06,12.1,12.1,20200.0,245774.0,217800000.0,984989610.0
sh600645,望春花,1995-11-03,12.05,12.16,12.05,12.14,12.1,31000.0,376641.0,218520000.0,988245774.0
sh600645,望春花,1995-11-06,12.18,12.35,12.18,12.25,12.14,31700.0,387676.0,220500000.0,997200225.0
sh600645,望春花,1995-11-07,12.38,12.4,12.15,12.2,12.25,37000.0,453461.0,219600000.0,993130020.0
sh600645,望春花,1995-11-08,12.08,12.1,11.92,12.0,12.2,73500.0,883261.0,216000000.0,976849200.0
sh600645,望春花,1995-11-09,12.01,12.05,11.91,11.94,12.0,39700.0,475988.0,214920000.0,971964954.0
sh600645,望春花,1995-11-10,11.94,12.0,11.9,11.98,11.94,21000.0,251558.0,215640000.0,975221118.0
sh600645,望春花,1995-11-13,11.94,11.94,11.55,11.8,11.98,60300.0,705749.0,212400000.0,960568380.0
sh600645,望春花,1995-11-14,11.9,11.9,11.7,11.79,11.8,49400.0,580609.0,212220000.0,959754339.0
sh600645,望春花,1995-11-15,11.79,11.8,11.55,11.7,11.79,27800.0,325440.0,210600000.0,952427970.0
sh600645,望春花,1995-11-16,11.75,11.75,11.6,11.66,11.7,25100.0,293094.0,209880000.0,949171806.0
sh600645,望春花,1995-11-17,11.6,11.8,11.6,11.62,11.66,33520.0,390488.0,209160000.0,945915642.0
sh600645,望春花,1995-11-20,11.61,11.71,11.61,11.7,11.62,21000.0,245000.0,210600000.0,952427970.0
sh600645,望春花,1995-11-21,11.9,11.9,11.7,11.75,11.7,22000.0,258411.0,211500000.0,956498175.0
sh600645,望春花,1995-11-22,11.7,11.75,11.6,11.62,11.75,26600.0,309575.0,209160000.0,945915642.0
sh600645,望春花,1995-11-23,11.99,11.99,11.41,11.51,11.62,28700.0,333565.0,207180000.0,936961191.0
sh600645,望春花,1995-11-24,11.5,11.69,11.5,11.63,11.51,22000.0,255396.0,209340000.0,946729683.0
sh600645,望春花,1995-11-27,10.65,11.7,10.65,11.6,11.63,50800.0,582708.0,208800000.0,944287560.0
sh600645,望春花,1995-11-28,11.6,11.7,11.58,11.7,11.6,56400.0,657321.0,210600000.0,952427970.0
sh600645,望春花,1995-11-29,11.8,11.8,11.51,11.62,11.7,27900.0,326257.0,209160000.0,945915642.0
sh600645,望春花,1995-11-30,11.51,11.85,11.48,11.7,11.62,35600.0,413382.0,210600000.0,952427970.0
sh600645,望春花,1995-12-01,11.55,11.65,11.1,11.61,11.7,28600.0,331042.0,208980000.0,945101601.0
sh600645,望春花,1995-12-04,11.6,11.6,11.48,11.57,11.61,14500.0,167478.0,208260000.0,941845437.0
sh600645,望春花,1995-12-05,11.52,11.7,11.52,11.6,11.57,11900.0,138073.0,208800000.0,944287560.0
sh600645,望春花,1995-12-06,11.62,11.7,11.56,11.59,11.6,18700.0,217323.0,208620000.0,943473519.0
sh600645,望春花,1995-12-07,11.6,11.85,11.5,11.66,11.59,25100.0,291521.0,209880000.0,949171806.0
sh600645,望春花,1995-12-08,11.8,11.8,11.35,11.63,11.66,23600.0,276149.0,209340000.0,946729683.0
sh600645,望春花,1995-12-11,11.78,11.8,11.2,11.5,11.63,43700.0,501663.0,207000000.0,936147150.0
sh600645,望春花,1995-12-12,11.38,11.78,11.05,11.6,11.5,67100.0,763692.0,208800000.0,944287560.0
sh600645,望春花,1995-12-13,11.8,11.8,11.16,11.2,11.6,38000.0,434744.0,201600000.0,911725920.0
sh600645,望春花,1995-12-14,11.3,11.45,11.3,11.31,11.2,5700.0,65180.0,203580000.0,920680371.0
sh600645,望春花,1995-12-15,11.3,11.34,11.21,11.26,11.31,27900.0,315093.0,202680000.0,916610166.0
sh600645,望春花,1995-12-18,11.3,11.3,11.16,11.2,11.26,19700.0,220910.0,201600000.0,911725920.0
sh600645,望春花,1995-12-19,11.16,11.2,11.0,11.0,11.2,24400.0,271962.0,198000000.0,895445100.0
sh600645,望春花,1995-12-20,11.28,11.3,11.1,11.2,11.0,18900.0,211455.0,201600000.0,911725920.0
sh600645,望春花,1995-12-21,11.1,11.2,11.05,11.08,11.2,27900.0,311154.0,199440000.0,901957428.0
sh600645,望春花,1995-12-22,11.02,11.2,10.95,11.2,11.08,60800.0,668395.0,201600000.0,911725920.0
sh600645,望春花,1995-12-25,10.88,10.9,10.75,10.75,11.2,42000.0,454980.0,193500000.0,875094075.0
sh600645,望春花,1995-12-26,10.72,10.72,10.3,10.35,10.75,70000.0,726587.0,186300000.0,842532435.0
sh600645,望春花,1995-12-27,10.5,10.5,10.1,10.35,10.35,26500.0,274238.0,186300000.0,842532435.0
sh600645,望春花,1995-12-28,10.15,10.48,10.1,10.12,10.35,24000.0,246251.0,182160000.0,823809492.0
sh600645,望春花,1995-12-29,10.1,10.24,10.05,10.1,10.12,43800.0,443568.0,181800000.0,822181410.0
sh600645,望春花,1996-01-02,9.9,10.0,9.7,9.85,10.1,34500.0,341638.0,177300000.0,801830385.0
sh600645,望春花,1996-01-03,9.5,10.12,9.5,9.88,9.85,34800.0,339448.0,177840000.0,804272508.0
sh600645,望春花,1996-01-04,9.9,10.2,9.9,10.2,9.88,44100.0,443428.0,183600000.0,830321820.0
sh600645,望春花,1996-01-05,10.2,10.5,9.86,9.91,10.2,54900.0,557023.0,178380000.0,806714631.0
sh600645,望春花,1996-01-08,9.8,9.9,9.72,9.9,9.91,37700.0,370473.0,178200000.0,805900590.0
sh600645,望春花,1996-01-09,9.98,10.2,9.98,10.2,9.9,24500.0,246953.0,183600000.0,830321820.0
sh600645,望春花,1996-01-10,10.2,10.2,9.71,10.0,10.2,25500.0,253592.0,180000000.0,814041000.0
sh600645,望春花,1996-01-11,10.0,10.05,9.9,9.95,10.0,16600.0,165332.0,179100000.0,809970795.0
sh600645,望春花,1996-01-12,9.91,10.0,9.8,9.9,9.95,16900.0,167209.0,178200000.0,805900590.0
sh600645,望春花,1996-01-15,9.38,10.0,9.38,9.86,9.9,11900.0,117935.0,177480000.0,802644426.0
sh600645,望春花,1996-01-16,9.86,10.0,9.86,9.92,9.86,14700.0,146559.0,178560000.0,807528672.0
sh600645,望春花,1996-01-17,9.85,9.9,9.85,9.85,9.92,10200.0,101432.0,177300000.0,801830385.0
sh600645,望春花,1996-01-18,9.08,9.98,9.08,9.45,9.85,36800.0,351291.0,170100000.0,769268745.0
sh600645,望春花,1996-01-19,9.14,10.48,9.14,9.41,9.45,26000.0,245692.0,169380000.0,766012581.0
sh600645,望春花,1996-01-22,9.79,9.79,9.34,9.35,9.41,18900.0,177481.0,168300000.0,761128335.0
sh600645,望春花,1996-01-23,9.08,9.47,9.07,9.3,9.35,12100.0,113258.0,167400000.0,757058130.0
sh600645,望春花,1996-01-24,9.63,11.88,9.32,9.46,9.3,16300.0,154330.0,170280000.0,770082786.0
sh600645,望春花,1996-01-25,9.7,9.76,9.31,9.45,9.46,22500.0,215023.0,170100000.0,769268745.0
sh600645,望春花,1996-01-26,9.38,9.5,9.38,9.47,9.45,26600.0,252000.0,170460000.0,770896827.0
sh600645,望春花,1996-01-29,9.58,9.58,9.35,9.35,9.47,52900.0,500476.0,168300000.0,761128335.0
sh600645,望春花,1996-01-30,9.59,9.59,9.33,9.4,9.35,24700.0,231927.0,169200000.0,765198540.0
sh600645,望春花,1996-01-31,9.02,9.46,9.01,9.39,9.4,12800.0,120068.0,169020000.0,764384499.0
sh600645,望春花,1996-02-01,9.14,9.39,9.14,9.35,9.39,8700.0,81691.0,168300000.0,761128335.0
sh600645,望春花,1996-02-02,9.35,9.35,9.3,9.35,9.35,12900.0,120454.0,168300000.0,761128335.0
sh600645,望春花,1996-02-05,9.5,9.5,9.3,9.3,9.35,12500.0,116848.0,167400000.0,757058130.0
sh600645,望春花,1996-02-06,9.3,9.3,9.17,9.2,9.3,19400.0,178567.0,165600000.0,748917720.0
sh600645,望春花,1996-02-07,9.38,9.38,9.15,9.25,9.2,6800.0,62936.0,166500000.0,752987925.0
sh600645,望春花,1996-02-08,9.35,10.44,9.18,9.29,9.25,12500.0,116773.0,167220000.0,756244089.0
sh600645,望春花,1996-02-09,9.29,9.39,9.29,9.3,9.29,8700.0,81000.0,167400000.0,757058130.0
sh600645,望春花,1996-02-12,9.2,9.33,9.15,9.3,9.3,8700.0,80828.0,167400000.0,757058130.0
sh600645,望春花,1996-02-13,9.2,9.57,8.18,9.45,9.3,14100.0,131000.0,170100000.0,769268745.0
sh600645,望春花,1996-02-14,9.58,9.58,9.4,9.5,9.45,17500.0,164947.0,171000000.0,773338950.0
sh600645,望春花,1996-02-15,9.18,9.55,9.18,9.5,9.5,27400.0,258788.0,171000000.0,773338950.0
sh600645,望春花,1996-02-16,9.35,9.84,9.35,9.82,9.5,89500.0,871937.0,176760000.0,799388262.0
sh600645,望春花,1996-03-04,10.38,10.6,10.2,10.46,9.82,171300.0,1777572.0,188280000.0,851486886.0
sh600645,望春花,1996-03-05,10.4,10.85,10.2,10.26,10.46,124600.0,1303411.0,184680000.0,835206066.0
sh600645,望春花,1996-03-06,10.1,10.35,9.7,9.78,10.26,40000.0,397805.0,176040000.0,796132098.0
sh600645,望春花,1996-03-07,9.5,10.08,9.5,9.88,9.78,21400.0,209803.0,177840000.0,804272508.0
sh600645,望春花,1996-03-08,9.55,10.18,9.55,10.18,9.88,51200.0,508596.0,183240000.0,828693738.0
sh600645,望春花,1996-03-11,10.15,10.15,9.95,10.0,10.18,37700.0,379776.0,180000000.0,814041000.0
sh600645,望春花,1996-03-12,9.79,10.0,9.79,9.98,10.0,19900.0,196667.0,179640000.0,812412918.0
sh600645,望春花,1996-03-13,10.14,10.15,9.86,9.98,9.98,19700.0,197157.0,179640000.0,812412918.0
sh600645,望春花,1996-03-14,10.09,10.09,9.88,9.98,9.98,16400.0,164822.0,179640000.0,812412918.0
sh600645,望春花,1996-03-15,9.68,10.04,9.68,9.98,9.98,9300.0,92890.0,179640000.0,812412918.0
sh600645,望春花,1996-03-18,9.99,10.05,9.93,9.99,9.98,15800.0,157721.0,179820000.0,813226959.0
sh600645,望春花,1996-03-19,10.08,10.14,10.0,10.08,9.99,32200.0,324663.0,181440000.0,820553328.0
sh600645,望春花,1996-03-20,10.05,10.05,9.99,9.99,10.08,19000.0,190513.0,179820000.0,813226959.0
sh600645,望春花,1996-03-21,10.0,10.0,9.95,9.95,9.99,32700.0,327346.0,179100000.0,809970795.0
sh600645,望春花,1996-03-22,9.99,10.17,9.98,10.09,9.95,27100.0,271275.0,181620000.0,821367369.0
sh600645,望春花,1996-03-25,10.19,10.19,9.89,9.89,10.09,15400.0,153751.0,178020000.0,805086549.0
sh600645,望春花,1996-03-26,9.98,9.98,9.89,9.9,9.89,17100.0,169574.0,178200000.0,805900590.0
sh600645,望春花,1996-03-27,9.68,9.89,9.68,9.85,9.9,12100.0,118652.0,177300000.0,801830385.0
sh600645,望春花,1996-03-28,10.04,10.04,9.68,9.68,9.85,31100.0,304524.0,174240000.0,787991688.0
sh600645,望春花,1996-03-29,9.58,9.9,9.58,9.66,9.68,23600.0,228046.0,173880000.0,786363606.0
sh600645,望春花,1996-04-01,10.0,10.07,9.71,9.92,9.66,71800.0,717267.0,178560000.0,807528672.0
sh600645,望春花,1996-04-02,10.0,10.0,9.75,9.75,9.92,18900.0,186905.0,175500000.0,793689975.0
sh600645,望春花,1996-04-03,10.18,10.18,9.63,9.85,9.75,23400.0,229556.0,177300000.0,801830385.0
sh600645,望春花,1996-04-04,9.63,10.08,9.63,9.94,9.85,14600.0,144000.0,178920000.0,809156754.0
sh600645,望春花,1996-04-05,10.04,10.25,9.98,10.21,9.93,104000.0,1052422.0,183780000.0,831135861.0
sh600645,望春花,1996-04-08,10.36,10.36,10.03,10.2,10.21,111300.0,1139054.0,183600000.0,830321820.0
sh600645,望春花,1996-04-09,10.2,10.2,10.01,10.16,10.2,80900.0,818795.0,182880000.0,827065656.0
sh600645,望春花,1996-04-10,10.1,10.15,10.05,10.08,10.16,26000.0,263750.0,181440000.0,820553328.0
sh600645,望春花,1996-04-11,9.8,10.1,9.8,10.05,10.08,36700.0,367878.0,180900000.0,818111205.0
sh600645,望春花,1996-04-12,10.1,10.5,10.1,10.22,10.05,88300.0,907724.0,183960000.0,831949902.0
sh600645,望春花,1996-04-15,10.05,10.25,10.0,10.14,10.22,35800.0,364662.0,182520000.0,825437574.0
sh600645,望春花,1996-04-16,10.34,10.34,10.16,10.21,10.14,58200.0,595053.0,183780000.0,831135861.0
sh600645,望春花,1996-04-17,10.35,10.4,10.22,10.25,10.21,79600.0,821998.0,184500000.0,834392025.0
sh600645,望春花,1996-04-18,10.25,10.3,10.11,10.3,10.25,30600.0,314422.0,185400000.0,838462230.0
sh600645,望春花,1996-04-19,10.42,10.81,10.42,10.8,10.3,209000.0,2221256.0,194400000.0,879164280.0
sh600645,望春花,1996-04-22,10.93,10.93,10.05,10.71,10.8,252800.0,2721388.0,192780000.0,871837911.0
sh600645,望春花,1996-04-23,10.5,10.75,10.45,10.69,10.71,95800.0,1015426.0,192420000.0,870209829.0
sh600645,望春花,1996-04-24,10.8,11.4,10.8,11.3,10.69,301800.0,3356808.0,203400000.0,919866330.0
sh600645,望春花,1996-04-25,11.4,11.97,11.25,11.3,11.3,343100.0,3983566.0,203400000.0,919866330.0
sh600645,望春花,1996-04-26,11.25,12.5,11.25,12.4,11.3,707200.0,8589411.0,223200000.0,1009410840.0
sh600645,望春花,1996-04-29,13.0,13.8,12.62,13.4,12.4,358500.0,4679598.0,238320000.0,1077790284.0
sh600645,望春花,1996-04-30,13.3,13.3,11.99,11.99,13.4,500400.0,6318741.0,215820000.0,976035159.0
sh600645,望春花,1996-05-02,12.58,13.39,11.3,11.61,11.99,363600.0,4399848.0,208980000.0,945101601.0
sh600645,望春花,1996-05-03,11.4,11.8,11.28,11.39,11.61,144400.0,1652044.0,205020000.0,927192699.0
sh600645,望春花,1996-05-06,11.6,11.65,11.4,11.56,11.39,77100.0,890626.0,208080000.0,941031396.0
sh600645,望春花,1996-05-07,11.4,12.39,11.4,11.61,11.56,144900.0,1686102.0,208980000.0,945101601.0
sh600645,望春花,1996-05-08,11.5,11.62,11.5,11.5,11.61,55000.0,634074.0,207000000.0,936147150.0
sh600645,望春花,1996-05-09,11.4,11.56,11.4,11.45,11.5,89500.0,1026869.0,206100000.0,932076945.0
sh600645,望春花,1996-05-10,11.5,11.6,11.2,11.38,11.45,34100.0,386250.0,204840000.0,926378658.0
sh600645,望春花,1996-05-13,11.5,11.98,11.36,11.43,11.38,47500.0,546320.0,205740000.0,930448863.0
sh600645,望春花,1996-05-14,11.5,11.52,11.3,11.38,11.43,43800.0,501592.0,204840000.0,926378658.0
sh600645,望春花,1996-05-15,11.47,11.6,11.4,11.6,11.38,32500.0,373661.0,208800000.0,944287560.0
sh600645,望春花,1996-05-16,11.6,11.9,11.56,11.56,11.6,96500.0,1123237.0,208080000.0,941031396.0
sh600645,望春花,1996-05-17,11.5,12.5,11.4,12.05,11.56,137100.0,1619331.0,216900000.0,980919405.0
sh600645,望春花,1996-05-20,12.25,12.6,12.0,12.0,12.05,273600.0,3378613.0,216000000.0,976849200.0
sh600645,望春花,1996-05-21,11.95,12.29,11.23,11.23,12.0,127300.0,1498374.0,202140000.0,914168043.0
sh600645,望春花,1996-05-22,11.2,11.48,11.2,11.4,11.23,104100.0,1179154.0,204840000.0,926378658.0
sh600645,望春花,1996-05-23,11.3,11.39,10.9,10.98,11.4,104700.0,1167986.0,197640000.0,893817018.0
sh600645,望春花,1996-05-24,10.86,10.95,10.65,10.8,10.98,61500.0,662021.0,194400000.0,879164280.0
sh600645,望春花,1996-05-27,10.7,10.8,10.31,10.8,10.8,58500.0,619377.0,194400000.0,879164280.0
sh600645,望春花,1996-05-28,10.85,10.98,10.85,10.92,10.8,26100.0,285623.0,196560000.0,888932772.0
sh600645,望春花,1996-05-29,10.89,11.0,10.82,10.91,10.92,22400.0,244949.0,196380000.0,888118731.0
sh600645,望春花,1996-05-30,10.95,10.95,10.33,10.74,10.91,21900.0,235118.0,193320000.0,874280034.0
sh600645,望春花,1996-05-31,10.5,10.95,10.5,10.89,10.74,42900.0,461878.0,196020000.0,886490649.0
sh600645,望春花,1996-06-03,10.43,10.8,10.43,10.5,10.89,56700.0,600514.0,189000000.0,854743050.0
sh600645,望春花,1996-06-04,10.58,10.75,10.5,10.53,10.5,100600.0,1064045.0,189540000.0,857185173.0
sh600645,望春花,1996-06-05,10.7,11.38,10.6,11.38,10.53,175800.0,1934858.0,204840000.0,926378658.0
sh600645,望春花,1996-06-07,11.77,11.8,10.4,11.5,11.38,277900.0,3218220.0,207000000.0,936147150.0
sh600645,望春花,1996-06-10,11.8,12.28,11.68,11.78,11.5,336800.0,3975897.0,212040000.0,958940298.0
sh600645,望春花,1996-06-11,11.8,11.98,11.5,11.5,11.78,196100.0,2282062.0,207000000.0,936147150.0
sh600645,望春花,1996-06-12,11.4,11.89,11.4,11.65,11.5,256100.0,2981503.0,209700000.0,948357765.0
sh600645,望春花,1996-06-13,11.75,11.8,11.45,11.5,11.65,206200.0,2376245.0,207000000.0,936147150.0
sh600645,望春花,1996-06-14,11.5,11.7,11.5,11.58,11.5,260200.0,3011302.0,208440000.0,942659478.0
sh600645,望春花,1996-06-17,11.58,11.6,11.21,11.26,11.58,147100.0,1686421.0,202680000.0,916610166.0
sh600645,望春花,1996-06-18,11.47,11.98,11.3,11.9,11.26,222700.0,2633518.0,214200000.0,968708790.0
sh600645,望春花,1996-06-19,12.0,12.8,11.95,12.36,11.9,635500.0,7854252.0,222480000.0,1006154676.0
sh600645,望春花,1996-06-20,12.2,12.3,12.0,12.16,12.36,285500.0,3487578.0,218880000.0,989873856.0
sh600645,望春花,1996-06-21,12.16,12.64,12.0,12.1,12.16,237100.0,2894033.0,219420000.0,992315979.0
sh600645,望春花,1996-06-24,10.08,10.2,10.08,10.13,10.08,202400.0,2049531.0,218808000.0,989548037.0
sh600645,望春花,1996-06-25,9.6,9.98,9.5,9.82,10.13,160900.0,1590169.0,212112000.0,959265718.0
sh600645,望春花,1996-06-26,9.79,10.0,9.72,9.92,9.82,124300.0,1228788.0,214272000.0,969034208.0
sh600645,望春花,1996-06-27,9.92,10.0,9.85,9.86,9.92,242500.0,2414668.0,212976000.0,963173114.0
sh600645,望春花,1996-06-28,9.9,10.0,9.51,9.62,9.86,150800.0,1461315.0,207792000.0,939728738.0
sh600645,望春花,1996-07-01,9.6,9.6,8.5,8.92,9.62,193600.0,1744502.0,192672000.0,871349308.0
sh600645,望春花,1996-07-02,8.99,9.05,8.9,8.98,8.92,103600.0,930164.0,193968000.0,877210402.0
sh600645,望春花,1996-07-03,8.98,9.0,8.51,8.86,8.98,124500.0,1103710.0,191376000.0,865488214.0
sh600645,望春花,1996-07-04,8.85,8.9,8.41,8.42,8.86,231600.0,1980146.0,181872000.0,822506858.0
sh600645,望春花,1996-07-05,8.8,8.81,8.47,8.63,8.42,218900.0,1887266.0,186408000.0,843020687.0
sh600645,望春花,1996-07-08,8.5,8.55,8.0,8.28,8.63,220300.0,1838000.0,178848000.0,808830972.0
sh600645,望春花,1996-07-09,8.1,8.5,8.0,8.5,8.28,312100.0,2533553.0,183600000.0,830321650.0
sh600645,望春花,1996-07-10,8.5,8.52,8.11,8.5,8.5,268600.0,2269010.0,183600000.0,830321650.0
sh600645,望春花,1996-07-11,8.5,8.5,8.32,8.33,8.5,171000.0,1435995.0,179928000.0,813715217.0
sh600645,望春花,1996-07-12,8.3,8.35,8.08,8.2,8.33,134000.0,1091749.0,177120000.0,801016180.0
sh600645,望春花,1996-07-15,8.1,8.3,8.1,8.14,8.2,111100.0,906536.0,175824000.0,795155086.0
sh600645,望春花,1996-07-16,8.25,8.58,8.2,8.55,8.14,180000.0,1498174.0,184680000.0,835205895.0
sh600645,望春花,1996-07-17,8.68,9.1,8.58,8.7,8.55,414900.0,3714356.0,187920000.0,849858630.0
sh600645,望春花,1996-07-18,8.65,8.86,8.6,8.75,8.7,139200.0,1214847.0,189000000.0,854742875.0
sh600645,望春花,1996-07-19,8.8,9.99,8.71,9.72,8.75,902000.0,8497681.0,209952000.0,949497228.0
sh600645,望春花,1996-07-22,9.99,10.38,9.7,9.9,9.72,913600.0,9129459.0,213840000.0,967080510.0
sh600645,望春花,1996-07-23,10.0,10.05,9.35,9.4,9.9,440000.0,4201403.0,203040000.0,918238060.0
sh600645,望春花,1996-07-24,9.52,9.69,9.4,9.54,9.4,325200.0,3089644.0,206064000.0,931913946.0
sh600645,望春花,1996-07-25,9.9,9.9,9.3,9.46,9.54,276500.0,2632169.0,204336000.0,924099154.0
sh600645,望春花,1996-07-26,9.2,9.46,9.08,9.1,9.46,238300.0,2211296.0,196560000.0,888932590.0
sh600645,望春花,1996-07-29,9.05,9.2,8.8,9.15,9.1,180100.0,1616744.0,197640000.0,893816835.0
sh600645,望春花,1996-07-30,9.24,9.38,8.9,8.92,9.15,162100.0,1472339.0,192672000.0,871349308.0
sh600645,望春花,1996-07-31,8.95,8.95,8.6,8.78,8.92,121600.0,1072214.0,189648000.0,857673422.0
sh600645,望春花,1996-08-01,8.85,9.2,8.65,8.96,8.78,143200.0,1275466.0,193536000.0,875256704.0
sh600645,望春花,1996-08-02,9.1,9.25,8.81,8.95,8.96,136000.0,1233019.0,193320000.0,874279855.0
sh600645,望春花,1996-08-05,8.92,9.0,8.22,8.98,8.95,77600.0,689004.0,193968000.0,877210402.0
sh600645,望春花,1996-08-06,9.06,9.08,9.0,9.06,8.98,118800.0,1073276.0,195696000.0,885025194.0
sh600645,望春花,1996-08-07,9.0,9.19,8.95,8.97,9.06,211400.0,1917938.0,193752000.0,876233553.0
sh600645,望春花,1996-08-08,9.0,9.2,9.0,9.2,8.97,224000.0,2042370.0,198720000.0,898701080.0
sh600645,望春花,1996-08-09,9.35,9.69,9.3,9.39,9.2,496000.0,4691394.0,202824000.0,917261211.0
sh600645,望春花,1996-08-12,9.42,9.65,9.42,9.55,9.39,313700.0,2998331.0,206280000.0,932890795.0
sh600645,望春花,1996-08-13,9.55,9.55,9.23,9.23,9.55,160600.0,1496217.0,199368000.0,901631627.0
sh600645,望春花,1996-08-14,9.2,9.37,9.12,9.15,9.23,99400.0,912000.0,197640000.0,893816835.0
sh600645,望春花,1996-08-15,9.2,9.25,9.15,9.2,9.15,125900.0,1159557.0,198720000.0,898701080.0
sh600645,望春花,1996-08-16,9.08,9.15,8.9,8.98,9.2,138400.0,1243170.0,193968000.0,877210402.0
sh600645,望春花,1996-08-19,8.98,8.98,8.7,8.75,8.98,84700.0,750609.0,189000000.0,854742875.0
sh600645,望春花,1996-08-20,8.75,9.0,8.7,8.75,8.75,70100.0,616323.0,189000000.0,854742875.0
sh600645,望春花,1996-08-21,8.75,9.0,8.75,8.88,8.75,66800.0,593443.0,191808000.0,867441912.0
sh600645,望春花,1996-08-22,8.81,9.01,8.61,8.78,8.88,66300.0,589877.0,189648000.0,857673422.0
sh600645,望春花,1996-08-23,8.8,8.9,8.45,8.6,8.78,116100.0,996543.0,185760000.0,840090140.0
sh600645,望春花,1996-08-26,8.3,8.38,8.05,8.05,8.6,48200.0,392667.0,173880000.0,786363445.0
sh600645,望春花,1996-08-27,8.04,8.4,8.01,8.22,8.05,105200.0,856633.0,177552000.0,802969878.0
sh600645,望春花,1996-08-28,8.28,8.3,8.1,8.15,8.22,74700.0,612991.0,176040000.0,796131935.0
sh600645,望春花,1996-08-29,8.2,8.23,8.1,8.15,8.15,66900.0,544304.0,176040000.0,796131935.0
sh600645,望春花,1996-08-30,8.2,8.3,8.18,8.24,8.15,90400.0,744130.0,177984000.0,804923576.0
sh600645,望春花,1996-09-02,8.4,8.45,8.24,8.25,8.24,93400.0,773913.0,178200000.0,805900425.0
sh600645,望春花,1996-09-03,8.2,8.38,8.15,8.2,8.25,113300.0,932000.0,177120000.0,801016180.0
sh600645,望春花,1996-09-04,8.2,8.21,8.0,8.15,8.2,81200.0,659778.0,176040000.0,796131935.0
sh600645,望春花,1996-09-05,8.15,8.43,8.1,8.24,8.15,152100.0,1261565.0,177984000.0,804923576.0
sh600645,望春花,1996-09-06,8.2,8.3,8.06,8.06,8.24,91800.0,748733.0,174096000.0,787340294.0
sh600645,望春花,1996-09-09,8.02,8.02,7.9,7.9,8.06,96100.0,762077.0,170640000.0,771710710.0
sh600645,望春花,1996-09-10,7.81,7.98,7.76,7.78,7.9,117300.0,920518.0,168048000.0,759988522.0
sh600645,望春花,1996-09-11,7.78,7.95,7.7,7.83,7.78,100900.0,789950.0,169128000.0,764872767.0
sh600645,望春花,1996-09-12,8.0,8.08,7.85,7.85,7.83,122400.0,977146.0,169560000.0,766826465.0
sh600645,望春花,1996-09-13,7.95,8.1,7.85,8.1,7.85,119600.0,954341.0,174960000.0,791247690.0
sh600645,望春花,1996-09-16,8.1,8.48,8.1,8.45,8.1,335100.0,2807579.0,182520000.0,825437405.0
sh600645,望春花,1996-09-17,8.45,8.45,8.1,8.34,8.45,139600.0,1160709.0,180144000.0,814692066.0
sh600645,望春花,1996-09-18,8.37,8.37,7.92,7.98,8.34,108200.0,885038.0,172368000.0,779525502.0
sh600645,望春花,1996-09-19,7.95,8.35,7.95,8.18,7.98,182400.0,1478337.0,176688000.0,799062482.0
sh600645,望春花,1996-09-20,8.2,8.3,8.04,8.3,8.18,114800.0,941222.0,179280000.0,810784670.0
sh600645,望春花,1996-09-23,8.35,8.6,8.18,8.55,8.3,403900.0,3406188.0,184680000.0,835205895.0
sh600645,望春花,1996-09-24,8.72,9.3,8.7,8.94,8.55,927700.0,8389591.0,193104000.0,873303006.0
sh600645,望春花,1996-09-25,9.0,9.05,8.4,8.5,8.94,444600.0,3898957.0,183600000.0,830321650.0
sh600645,望春花,1996-09-26,8.51,8.74,8.51,8.65,8.5,188600.0,1629142.0,186840000.0,844974385.0
sh600645,望春花,1996-09-27,8.7,8.9,8.6,8.7,8.65,194700.0,1689259.0,187920000.0,849858630.0
sh600645,望春花,1996-10-03,9.0,9.55,9.0,9.0,8.7,813100.0,7528143.0,194400000.0,879164100.0
sh600645,望春花,1996-10-04,9.02,9.29,9.02,9.06,9.0,336300.0,3073663.0,195696000.0,885025194.0
sh600645,望春花,1996-10-07,9.3,9.3,8.88,8.97,9.06,180900.0,1641040.0,193752000.0,876233553.0
sh600645,望春花,1996-10-08,9.0,9.05,8.77,8.9,8.97,229500.0,2035132.0,192240000.0,869395610.0
sh600645,望春花,1996-10-09,9.0,9.0,8.8,8.83,8.9,180500.0,1596354.0,190728000.0,862557667.0
sh600645,望春花,1996-10-10,8.9,9.24,8.78,9.05,8.83,211900.0,1913781.0,195480000.0,884048345.0
sh600645,望春花,1996-10-11,9.2,9.2,8.91,8.95,9.05,231000.0,2080775.0,193320000.0,874279855.0
sh600645,望春花,1996-10-14,9.02,9.47,9.02,9.4,8.95,457300.0,4193776.0,203040000.0,918238060.0
sh600645,望春花,1996-10-15,9.39,9.39,9.0,9.24,9.4,278600.0,2553685.0,199584000.0,902608476.0
sh600645,望春花,1996-10-16,9.3,9.3,9.05,9.13,9.24,338100.0,3103602.0,197208000.0,891863137.0
sh600645,望春花,1996-10-17,9.1,9.1,8.7,9.05,9.13,200100.0,1804793.0,195480000.0,884048345.0
sh600645,望春花,1996-10-18,9.1,9.28,8.82,8.83,9.05,209100.0,1876507.0,190728000.0,862557667.0
sh600645,望春花,1996-10-21,8.83,9.0,8.83,8.91,8.83,153400.0,1361563.0,192456000.0,870372459.0
sh600645,望春花,1996-10-22,8.9,9.1,8.8,9.01,8.91,195100.0,1750852.0,194616000.0,880140949.0
sh600645,望春花,1996-10-23,9.1,9.8,9.1,9.68,9.01,1139500.0,10873995.0,209088000.0,945589832.0
sh600645,望春花,1996-10-24,9.75,10.18,9.71,10.18,9.68,1421800.0,14279394.0,219888000.0,994432282.0
sh600645,望春花,1996-10-25,10.3,10.98,10.2,10.7,10.18,1532700.0,16156425.0,231120000.0,1045228430.0
sh600645,望春花,1996-10-28,10.7,11.1,10.31,10.8,10.7,1067400.0,11586672.0,233280000.0,1054996920.0
sh600645,望春花,1996-10-29,11.0,11.05,10.44,10.45,10.8,765400.0,8125889.0,225720000.0,1020807205.0
sh600645,望春花,1996-10-30,10.3,10.3,9.3,9.4,10.45,640900.0,6285472.0,203040000.0,918238060.0
sh600645,望春花,1996-10-31,9.4,9.79,9.2,9.48,9.4,339000.0,3204824.0,204768000.0,926052852.0
sh600645,望春花,1996-11-01,9.4,9.48,8.7,9.0,9.48,360300.0,3266409.0,194400000.0,879164100.0
sh600645,望春花,1996-11-04,9.0,9.1,8.8,9.1,9.0,201600.0,1805558.0,196560000.0,888932590.0
sh600645,望春花,1996-11-05,9.1,9.1,8.9,8.94,9.1,175300.0,1578571.0,193104000.0,873303006.0
sh600645,望春花,1996-11-06,8.94,8.94,8.7,8.8,8.94,144500.0,1275656.0,190080000.0,859627120.0
sh600645,望春花,1996-11-07,8.8,8.9,8.8,8.9,8.8,240800.0,2132985.0,192240000.0,869395610.0
sh600645,望春花,1996-11-08,8.89,8.99,8.75,8.85,8.9,134400.0,1192341.0,191160000.0,864511365.0
sh600645,望春花,1996-11-11,8.8,8.98,8.75,8.97,8.85,116200.0,1028198.0,193752000.0,876233553.0
sh600645,望春花,1996-11-12,8.97,9.05,8.91,8.91,8.97,108200.0,970456.0,192456000.0,870372459.0
sh600645,望春花,1996-11-13,8.9,9.0,8.84,8.88,8.91,94700.0,844196.0,191808000.0,867441912.0
sh600645,望春花,1996-11-14,8.9,9.36,8.88,9.2,8.88,207500.0,1889678.0,198720000.0,898701080.0
sh600645,望春花,1996-11-15,9.16,9.29,8.9,9.0,9.2,170000.0,1539478.0,194400000.0,879164100.0
sh600645,望春花,1996-11-18,9.0,9.45,8.9,9.45,9.0,323200.0,2981063.0,204120000.0,923122305.0
sh600645,望春花,1996-11-19,9.68,10.1,9.5,9.65,9.45,613600.0,6050229.0,208440000.0,942659285.0
sh600645,望春花,1996-11-20,9.44,9.57,9.11,9.5,9.65,302300.0,2837531.0,205200000.0,928006550.0
sh600645,望春花,1996-11-21,9.58,9.65,8.5,8.9,9.5,257700.0,2374947.0,192240000.0,869395610.0
sh600645,望春花,1996-11-22,8.0,9.1,8.0,9.1,8.9,181900.0,1585937.0,196560000.0,888932590.0
sh600645,望春花,1996-11-25,9.0,9.29,8.77,9.2,9.1,221100.0,1988262.0,198720000.0,898701080.0
sh600645,望春花,1996-11-26,9.21,9.46,9.0,9.04,9.2,182500.0,1656489.0,195264000.0,883071496.0
sh600645,望春花,1996-11-27,9.1,9.35,9.0,9.2,9.04,217600.0,1996657.0,198720000.0,898701080.0
sh600645,望春花,1996-11-28,9.25,9.3,9.02,9.24,9.2,223800.0,2060661.0,199584000.0,902608476.0
sh600645,望春花,1996-11-29,9.35,9.6,9.3,9.6,9.24,558000.0,5291188.0,207360000.0,937775040.0
sh600645,望春花,1996-12-02,9.72,10.5,9.61,10.4,9.6,1213800.0,12382065.0,224640000.0,1015922960.0
sh600645,望春花,1996-12-03,10.78,11.18,10.2,10.2,10.4,1865300.0,20126426.0,220320000.0,996385980.0
sh600645,望春花,1996-12-04,10.2,10.8,10.06,10.75,10.2,985600.0,10206737.0,232200000.0,1050112675.0
sh600645,望春花,1996-12-05,11.0,11.15,10.5,10.9,10.75,1623600.0,17662587.0,235440000.0,1064765410.0
sh600645,望春花,1996-12-06,11.0,11.8,10.81,11.5,10.9,3389600.0,38848144.0,248400000.0,1123376350.0
sh600645,望春花,1996-12-09,11.9,12.6,11.8,12.28,11.5,2995400.0,36745154.0,265248000.0,1199570572.0
sh600645,望春花,1996-12-10,12.1,12.18,11.5,11.8,12.28,1690200.0,19925645.0,254880000.0,1152681820.0
sh600645,望春花,1996-12-11,11.9,12.18,11.5,11.8,11.8,1089000.0,12826979.0,254880000.0,1152681820.0
sh600645,望春花,1996-12-12,11.68,11.8,10.82,10.92,11.8,1004100.0,11220930.0,235872000.0,1066719108.0
sh600645,望春花,1996-12-13,10.88,10.9,10.2,10.2,10.92,572100.0,6072094.0,220320000.0,996385980.0
sh600645,望春花,1996-12-16,9.18,9.18,9.18,9.18,10.2,175300.0,1609254.0,198288000.0,896747382.0
sh600645,望春花,1996-12-17,8.26,8.66,8.26,8.26,9.18,608100.0,5065851.0,178416000.0,806877274.0
sh600645,望春花,1996-12-18,7.6,8.9,7.6,8.8,8.26,593300.0,4977477.0,190080000.0,859627120.0
sh600645,望春花,1996-12-19,8.8,8.88,7.92,7.98,8.8,603300.0,5004006.0,172368000.0,779525502.0
sh600645,望春花,1996-12-20,7.92,8.1,7.88,8.01,7.98,275100.0,2201468.0,173016000.0,782456049.0
sh600645,望春花,1996-12-23,8.2,8.3,8.06,8.14,8.01,192000.0,1562310.0,175824000.0,795155086.0
sh600645,望春花,1996-12-24,8.28,8.28,7.8,7.88,8.14,169200.0,1368504.0,170208000.0,769757012.0
sh600645,望春花,1996-12-25,7.88,8.1,7.81,8.0,7.88,146800.0,1171317.0,172800000.0,781479200.0
sh600645,望春花,1996-12-26,7.99,8.21,7.99,8.2,8.0,223300.0,1811431.0,177120000.0,801016180.0
sh600645,望春花,1996-12-27,8.22,8.25,8.0,8.13,8.2,182600.0,1483261.0,175608000.0,794178237.0
sh600645,望春花,1996-12-30,8.13,8.25,8.05,8.2,8.13,358300.0,2923876.0,177120000.0,801016180.0
sh600645,望春花,1996-12-31,8.2,8.2,7.97,8.08,8.2,155100.0,1254032.0,174528000.0,789293992.0
sh600645,望春花,1997-01-02,8.0,8.09,7.96,8.0,8.08,99900.0,800575.0,172800000.0,781479200.0
sh600645,望春花,1997-01-03,8.05,8.1,7.88,7.9,8.0,162000.0,1290546.0,170640000.0,771710710.0
sh600645,望春花,1997-01-06,7.9,7.9,7.7,7.77,7.9,81100.0,632604.0,167832000.0,759011673.0
sh600645,望春花,1997-01-07,7.6,7.9,7.6,7.85,7.77,89800.0,699301.0,169560000.0,766826465.0
sh600645,望春花,1997-01-08,7.95,7.97,7.73,7.88,7.85,56300.0,441691.0,170208000.0,769757012.0
sh600645,望春花,1997-01-09,7.68,7.97,7.68,7.88,7.88,61300.0,485097.0,170208000.0,769757012.0
sh600645,望春花,1997-01-10,7.99,8.11,7.98,8.03,7.88,133300.0,1072306.0,173448000.0,784409747.0
sh600645,望春花,1997-01-13,8.1,8.18,8.0,8.08,8.03,136000.0,1096437.0,174528000.0,789293992.0
sh600645,望春花,1997-01-14,8.1,8.17,7.9,7.95,8.08,92900.0,741992.0,171720000.0,776594955.0
sh600645,望春花,1997-01-15,7.8,8.09,7.8,8.0,7.95,100200.0,798465.0,172800000.0,781479200.0
sh600645,望春花,1997-01-16,8.05,8.11,7.91,8.05,8.0,85400.0,685554.0,173880000.0,786363445.0
sh600645,望春花,1997-01-17,8.1,8.1,7.85,8.0,8.05,41500.0,332493.0,172800000.0,781479200.0
sh600645,望春花,1997-01-20,7.95,8.0,7.95,7.99,8.0,111100.0,886758.0,172584000.0,780502351.0
sh600645,望春花,1997-01-21,7.95,8.19,7.9,8.05,7.99,186700.0,1511542.0,173880000.0,786363445.0
sh600645,望春花,1997-01-22,8.05,8.1,7.91,8.1,8.05,137400.0,1103135.0,174960000.0,791247690.0
sh600645,望春花,1997-01-23,8.12,8.15,8.0,8.1,8.1,164500.0,1330270.0,174960000.0,791247690.0
sh600645,望春花,1997-01-24,8.08,8.15,8.0,8.14,8.1,181300.0,1466764.0,175824000.0,795155086.0
sh600645,望春花,1997-01-27,8.15,8.21,8.14,8.18,8.14,225500.0,1843181.0,176688000.0,799062482.0
sh600645,望春花,1997-01-28,8.2,8.3,8.18,8.22,8.18,251500.0,2067189.0,177552000.0,802969878.0
sh600645,望春花,1997-01-29,8.3,8.33,8.24,8.28,8.22,191900.0,1589880.0,178848000.0,808830972.0
sh600645,望春花,1997-01-30,8.28,8.28,8.21,8.24,8.28,160600.0,1325122.0,177984000.0,804923576.0
sh600645,望春花,1997-01-31,8.28,8.4,8.27,8.3,8.24,200600.0,1668271.0,179280000.0,810784670.0
sh600645,望春花,1997-02-17,8.32,8.71,8.32,8.7,8.3,315200.0,2697000.0,187920000.0,849858630.0
sh600645,望春花,1997-02-18,8.7,9.1,8.01,8.19,8.7,639200.0,5465000.0,176904000.0,800039331.0
sh600645,望春花,1997-02-19,8.5,9.01,8.19,9.01,8.19,808800.0,7082000.0,194616000.0,880140949.0
sh600645,望春花,1997-02-20,8.12,9.5,8.12,9.4,9.01,1833500.0,16607000.0,203040000.0,918238060.0
sh600645,望春花,1997-02-21,9.38,9.8,9.21,9.76,9.4,1442900.0,13652000.0,210816000.0,953404624.0
sh600645,望春花,1997-02-24,9.6,9.76,9.28,9.4,9.76,913000.0,8560000.0,203040000.0,918238060.0
sh600645,望春花,1997-02-25,9.3,9.56,9.2,9.25,9.4,462700.0,4309000.0,199800000.0,903585325.0
sh600645,望春花,1997-02-26,9.21,9.47,9.18,9.41,9.25,283800.0,2636000.0,203256000.0,919214909.0
sh600645,望春花,1997-02-27,9.4,9.4,9.15,9.2,9.41,393500.0,3634000.0,198720000.0,898701080.0
sh600645,望春花,1997-02-28,9.15,9.48,9.1,9.45,9.2,440400.0,4083000.0,204120000.0,923122305.0
sh600645,望春花,1997-03-03,9.45,9.67,9.33,9.64,9.45,672700.0,6401528.0,208224000.0,941682436.0
sh600645,望春花,1997-03-04,9.6,9.95,9.31,9.76,9.64,814000.0,7701147.0,210816000.0,953404624.0
sh600645,望春花,1997-03-05,9.8,9.95,9.62,9.68,9.76,569300.0,5555462.0,209088000.0,945589832.0
sh600645,望春花,1997-03-06,9.48,10.16,9.48,10.16,9.68,865500.0,8535793.0,219456000.0,992478584.0
sh600645,望春花,1997-03-07,10.1,10.15,9.88,10.06,10.16,791100.0,7938968.0,217296000.0,982710094.0
sh600645,望春花,1997-03-10,10.06,10.16,10.02,10.06,10.06,555600.0,5604016.0,217296000.0,982710094.0
sh600645,望春花,1997-03-11,10.08,10.38,10.03,10.2,10.06,590700.0,6015041.0,220320000.0,996385980.0
sh600645,望春花,1997-03-12,10.3,10.34,10.08,10.25,10.2,461000.0,4692159.0,221400000.0,1001270225.0
sh600645,望春花,1997-03-13,10.29,10.29,10.0,10.15,10.25,552400.0,5599850.0,219240000.0,991501735.0
sh600645,望春花,1997-03-14,10.0,10.1,9.9,10.1,10.15,459100.0,4587852.0,218160000.0,986617490.0
sh600645,望春花,1997-03-17,10.1,10.72,10.08,10.71,10.1,912900.0,9405850.0,231336000.0,1046205279.0
sh600645,望春花,1997-03-18,10.84,11.34,10.84,11.08,10.71,1292000.0,14288939.0,239328000.0,1082348692.0
sh600645,望春花,1997-03-19,11.1,11.18,10.85,11.0,11.08,718000.0,7891598.0,237600000.0,1074533900.0
sh600645,望春花,1997-03-20,10.9,11.19,10.65,10.68,11.0,521400.0,5657283.0,230688000.0,1043274732.0
sh600645,望春花,1997-03-21,10.61,11.75,10.56,11.75,10.68,694300.0,7584809.0,253800000.0,1147797575.0
sh600645,望春花,1997-03-24,11.85,12.65,11.75,11.99,11.75,1026100.0,12464227.0,258984000.0,1171241951.0
sh600645,望春花,1997-03-25,12.05,12.1,11.5,11.7,11.99,569100.0,6670352.0,252720000.0,1142913330.0
sh600645,望春花,1997-03-26,11.8,11.95,11.6,11.75,11.7,775100.0,9091134.0,253800000.0,1147797575.0
sh600645,望春花,1997-03-27,11.8,11.9,11.65,11.9,11.75,626300.0,7375951.0,257040000.0,1162450310.0
sh600645,望春花,1997-03-28,12.0,12.0,11.75,11.88,11.9,405800.0,4816398.0,256608000.0,1160496612.0
sh600645,望春花,1997-03-31,11.9,12.48,11.9,12.29,11.88,797200.0,9805608.0,265464000.0,1200547421.0
sh600645,望春花,1997-04-01,12.3,12.45,12.16,12.23,12.29,515200.0,6326662.0,264168000.0,1194686327.0
sh600645,望春花,1997-04-02,12.2,12.23,11.98,11.98,12.23,451700.0,5476498.0,258768000.0,1170265102.0
sh600645,望春花,1997-04-03,12.03,12.5,12.0,12.34,11.98,636400.0,7775849.0,266544000.0,1205431666.0
sh600645,望春花,1997-04-04,12.4,12.48,12.1,12.3,12.34,623900.0,7674359.0,265680000.0,1201524270.0
sh600645,望春花,1997-04-07,12.31,12.74,12.1,12.7,12.3,1020900.0,12692776.0,274320000.0,1240598230.0
sh600645,望春花,1997-04-08,12.68,12.68,12.26,12.28,12.7,591400.0,7341843.0,265248000.0,1199570572.0
sh600645,望春花,1997-04-09,12.3,13.1,12.3,13.0,12.28,1326000.0,16981910.0,280800000.0,1269903700.0
sh600645,望春花,1997-04-10,13.0,13.17,12.7,12.75,13.0,948500.0,12231468.0,275400000.0,1245482475.0
sh600645,望春花,1997-04-11,12.8,12.9,12.35,12.8,12.75,940300.0,11893058.0,276480000.0,1250366720.0
sh600645,望春花,1997-04-14,12.9,13.58,12.9,13.5,12.8,1988200.0,26627006.0,291600000.0,1318746150.0
sh600645,望春花,1997-04-15,13.5,13.88,13.12,13.81,13.5,1133500.0,15301676.0,298296000.0,1349028469.0
sh600645,望春花,1997-04-16,13.98,14.39,13.8,14.32,13.81,1296000.0,18194826.0,309312000.0,1398847768.0
sh600645,望春花,1997-04-17,14.0,14.3,13.86,14.16,14.32,1009800.0,14256197.0,305856000.0,1383218184.0
sh600645,望春花,1997-04-18,14.35,14.35,13.85,14.3,14.16,809400.0,11414372.0,308880000.0,1396894070.0
sh600645,望春花,1997-04-21,14.65,15.1,14.6,14.8,14.3,1390100.0,20554124.0,319680000.0,1445736520.0
sh600645,望春花,1997-04-22,14.8,15.15,14.68,14.98,14.8,1317400.0,19620869.0,323568000.0,1463319802.0
sh600645,望春花,1997-04-23,15.0,15.06,14.68,14.86,14.98,964300.0,14316614.0,320976000.0,1451597614.0
sh600645,望春花,1997-04-24,14.7,14.83,14.51,14.77,14.86,900700.0,13214985.0,319032000.0,1442805973.0
sh600645,望春花,1997-04-25,14.77,15.47,14.6,15.08,14.77,1365500.0,20724341.0,325728000.0,1473088292.0
sh600645,望春花,1997-04-28,15.18,15.3,14.51,14.65,15.08,857600.0,12694570.0,316440000.0,1431083785.0
sh600645,望春花,1997-04-29,14.58,14.85,14.2,14.47,14.65,464300.0,6705064.0,312552000.0,1413500503.0
sh600645,望春花,1997-04-30,14.6,15.0,14.35,14.82,14.47,891800.0,13029812.0,320112000.0,1447690218.0
sh600645,望春花,1997-05-05,14.9,14.98,14.6,14.76,14.82,827000.0,12237700.0,318816000.0,1441829124.0
sh600645,望春花,1997-05-06,15.18,15.4,15.0,15.1,14.76,689900.0,10471091.0,326160000.0,1475041990.0
sh600645,望春花,1997-05-07,15.1,15.3,14.9,15.12,15.1,945100.0,14238704.0,326592000.0,1476995688.0
sh600645,望春花,1997-05-08,15.1,15.1,14.0,14.18,15.12,542200.0,8024591.0,306288000.0,1385171882.0
sh600645,望春花,1997-05-09,14.5,15.0,14.2,15.0,14.18,741700.0,10898498.0,324000000.0,1465273500.0
sh600645,望春花,1997-05-12,11.55,11.7,11.22,11.41,15.0,751100.0,8559139.0,320392800.0,1448960566.69
sh600645,望春花,1997-05-13,11.3,11.31,10.93,11.18,11.41,558400.0,6187275.0,313934400.0,1419752772.62
sh600645,望春花,1997-05-14,10.8,11.0,10.28,10.88,11.18,485300.0,5221639.0,305510400.0,1381655649.92
sh600645,望春花,1997-05-15,10.7,11.08,10.58,11.0,10.88,412200.0,4443878.0,308880000.0,1396894499.0
sh600645,望春花,1997-05-16,10.4,10.6,9.9,9.9,11.0,696600.0,7054662.0,277992000.0,1257205049.1
sh600645,望春花,1997-05-19,9.7,10.17,9.5,10.17,9.9,352000.0,3458956.0,285573600.0,1291492459.53
sh600645,望春花,1997-05-20,10.1,10.19,9.91,10.0,10.17,484400.0,4872963.0,280800000.0,1269904090.0
sh600645,望春花,1997-05-21,10.1,10.1,9.76,9.8,10.0,264600.0,2610042.0,275184000.0,1244506008.2
sh600645,望春花,1997-05-22,8.82,9.3,8.82,8.82,9.8,340600.0,3022128.0,247665600.0,1120055407.38
sh600645,望春花,1997-05-23,8.8,8.88,8.51,8.79,8.82,266800.0,2305601.0,246823200.0,1116245695.11
sh600645,望春花,1997-05-26,8.79,8.85,8.51,8.6,8.79,159700.0,1385976.0,241488000.0,1092117517.4
sh600645,望春花,1997-05-27,8.61,9.0,8.6,8.99,8.6,238600.0,2094982.0,252439200.0,1141643776.91
sh600645,望春花,1997-05-28,8.9,8.98,8.66,8.8,8.99,186300.0,1646272.0,247104000.0,1117515599.2
sh600645,望春花,1997-05-29,9.08,9.08,8.7,8.88,8.8,174200.0,1541093.0,249350400.0,1127674831.92
sh600645,望春花,1997-05-30,9.0,9.06,8.85,9.04,8.88,165500.0,1480933.0,253843200.0,1147993297.36
sh600645,望春花,1997-06-02,9.0,9.4,8.98,9.3,9.04,250600.0,2300213.0,261144000.0,1181010803.7
sh600645,望春花,1997-06-03,9.3,9.32,9.04,9.13,9.3,295400.0,2696373.0,256370400.0,1159422434.17
sh600645,望春花,1997-06-04,9.1,9.5,9.1,9.37,9.13,358700.0,3349802.0,263109600.0,1189900132.33
sh600645,望春花,1997-06-05,9.37,9.37,9.13,9.21,9.37,240800.0,2225028.0,258616800.0,1169581666.89
sh600645,望春花,1997-06-06,8.41,8.8,8.32,8.4,9.21,431200.0,3663671.0,235872000.0,1066719435.6
sh600645,望春花,1997-06-09,8.4,8.6,8.4,8.57,8.4,170900.0,1457191.0,240645600.0,1088307805.13
sh600645,望春花,1997-06-10,8.6,8.74,8.2,8.4,8.57,90900.0,769464.0,235872000.0,1066719435.6
sh600645,望春花,1997-06-11,8.4,8.4,8.01,8.25,8.4,206200.0,1680627.0,231660000.0,1047670874.25
sh600645,望春花,1997-06-12,8.39,8.46,8.26,8.37,8.25,131700.0,1103423.0,235029600.0,1062909723.33
sh600645,望春花,1997-06-13,8.08,8.55,8.05,8.55,8.37,215000.0,1794450.0,240084000.0,1085767996.95
sh600645,望春花,1997-06-16,8.53,8.75,8.4,8.7,8.55,292100.0,2488042.0,244296000.0,1104816558.3
sh600645,望春花,1997-06-17,8.42,8.59,8.42,8.5,8.7,94000.0,798218.0,238680000.0,1079418476.5
sh600645,望春花,1997-06-18,8.48,8.5,8.4,8.42,8.5,112000.0,946978.0,236433600.0,1069259243.78
sh600645,望春花,1997-06-19,8.61,8.61,8.2,8.24,8.42,187600.0,1569508.0,231379200.0,1046400970.16
sh600645,望春花,1997-06-20,8.55,8.58,8.12,8.5,8.24,184700.0,1559855.0,238680000.0,1079418476.5
sh600645,望春花,1997-06-23,8.65,8.8,8.3,8.48,8.5,205700.0,1768233.0,238118400.0,1076878668.32
sh600645,望春花,1997-06-24,8.5,8.5,8.38,8.45,8.48,103400.0,871885.0,237276000.0,1073068956.05
sh600645,望春花,1997-06-25,8.58,8.58,8.38,8.39,8.45,201200.0,1697310.0,235591200.0,1065449531.51
sh600645,望春花,1997-06-26,8.45,8.63,8.32,8.62,8.39,658700.0,5581816.0,242049600.0,1094657325.58
sh600645,望春花,1997-06-27,8.78,9.25,8.73,9.13,8.62,1659900.0,15009457.0,256370400.0,1159422434.17
sh600645,望春花,1997-07-02,9.6,9.67,8.9,9.59,9.13,1622100.0,15317157.0,269287200.0,1217838022.31
sh600645,望春花,1997-07-03,9.55,9.55,8.8,9.0,9.59,524600.0,4782055.0,252720000.0,1142913681.0
sh600645,望春花,1997-07-04,8.9,9.08,8.66,8.9,9.0,337700.0,2986945.0,249912000.0,1130214640.1
sh600645,望春花,1997-07-07,9.15,9.2,8.1,8.4,8.9,324000.0,2808174.0,235872000.0,1066719435.6
sh600645,望春花,1997-07-08,8.3,8.6,8.17,8.54,8.4,234700.0,1970702.0,239803200.0,1084498092.86
sh600645,望春花,1997-07-09,8.41,8.69,8.4,8.65,8.54,153400.0,1312638.0,242892000.0,1098467037.85
sh600645,望春花,1997-07-10,8.5,8.99,8.5,8.84,8.65,205700.0,1792899.0,248227200.0,1122595215.56
sh600645,望春花,1997-07-11,8.78,9.18,8.78,9.18,8.84,243200.0,2170837.0,257774400.0,1165771954.62
sh600645,望春花,1997-07-14,9.3,10.04,9.0,10.04,9.18,1798500.0,17419069.0,281923200.0,1274983706.36
sh600645,望春花,1997-07-15,10.0,10.35,9.63,10.1,10.04,1405500.0,13998021.0,283608000.0,1282603130.9
sh600645,望春花,1997-07-16,10.12,10.48,9.93,10.35,10.1,1289900.0,13230983.0,290628000.0,1314350733.15
sh600645,望春花,1997-07-17,10.38,10.4,9.76,10.1,10.35,1010500.0,10176560.0,283608000.0,1282603130.9
sh600645,望春花,1997-07-18,10.11,10.28,9.5,10.15,10.1,713300.0,7168676.0,285012000.0,1288952651.35
sh600645,望春花,1997-07-21,10.22,10.78,10.1,10.6,10.15,1278400.0,13459921.0,297648000.0,1346098335.4
sh600645,望春花,1997-07-22,10.68,11.0,10.2,11.0,10.6,1426500.0,15263776.0,308880000.0,1396894499.0
sh600645,望春花,1997-07-23,11.0,11.09,10.45,10.48,11.0,829000.0,8943552.0,294278400.0,1330859486.32
sh600645,望春花,1997-07-24,10.5,10.7,9.95,9.97,10.48,740400.0,7562550.0,279957600.0,1266094377.73
sh600645,望春花,1997-07-25,9.9,10.14,9.67,10.08,9.97,537600.0,5350043.0,283046400.0,1280063322.72
sh600645,望春花,1997-07-28,9.82,10.2,9.8,9.98,10.08,293600.0,2938314.0,280238400.0,1267364281.82
sh600645,望春花,1997-07-29,10.0,10.25,9.9,10.16,9.98,317900.0,3214742.0,285292800.0,1290222555.44
sh600645,望春花,1997-07-30,10.15,10.62,10.15,10.6,10.16,722000.0,7498743.0,297648000.0,1346098335.4
sh600645,望春花,1997-07-31,10.6,10.68,10.33,10.39,10.6,361800.0,3798529.0,291751200.0,1319430349.51
sh600645,望春花,1997-08-01,10.28,10.37,10.08,10.2,10.39,300000.0,3062090.0,286416000.0,1295302171.8
sh600645,望春花,1997-08-04,10.18,10.18,9.81,10.07,10.2,612500.0,6080325.0,282765600.0,1278793418.63
sh600645,望春花,1997-08-05,10.1,10.15,9.85,9.88,10.07,311400.0,3089282.0,277430400.0,1254665240.92
sh600645,望春花,1997-08-06,9.86,10.17,9.65,9.8,9.88,365500.0,3635754.0,275184000.0,1244506008.2
sh600645,望春花,1997-08-07,9.8,9.98,9.67,9.95,9.8,247300.0,2424220.0,279396000.0,1263554569.55
sh600645,望春花,1997-08-08,10.0,10.05,9.73,9.96,9.95,466400.0,4585541.0,279676800.0,1264824473.64
sh600645,望春花,1997-08-11,10.0,10.49,10.0,10.35,9.96,910400.0,9386116.0,290628000.0,1314350733.15
sh600645,望春花,1997-08-12,10.3,10.35,9.5,9.6,10.35,472000.0,4735889.0,269568000.0,1219107926.4
sh600645,望春花,1997-08-13,9.1,9.5,8.64,8.64,9.6,545600.0,4765124.0,242611200.0,1097197133.76
sh600645,望春花,1997-08-14,8.51,9.0,8.45,8.95,8.64,349800.0,3077547.0,251316000.0,1136564160.55
sh600645,望春花,1997-08-15,9.09,9.1,8.7,8.8,8.95,340400.0,3020714.0,247104000.0,1117515599.2
sh600645,望春花,1997-08-18,8.7,8.9,8.69,8.72,8.8,251400.0,2198247.0,244857600.0,1107356366.48
sh600645,望春花,1997-08-19,8.7,9.0,8.7,8.85,8.72,149100.0,1326013.0,248508000.0,1123865119.65
sh600645,望春花,1997-08-20,8.86,8.89,8.77,8.84,8.85,149100.0,1316154.0,248227200.0,1122595215.56
sh600645,望春花,1997-08-21,8.85,9.1,8.84,9.05,8.84,328600.0,2941000.0,254124000.0,1149263201.45
sh600645,望春花,1997-08-22,8.9,9.09,8.9,9.06,9.05,226100.0,2037187.0,254404800.0,1150533105.54
sh600645,望春花,1997-08-25,9.06,9.3,9.06,9.28,9.06,281700.0,2597517.0,260582400.0,1178470995.52
sh600645,望春花,1997-08-26,9.28,9.37,9.05,9.35,9.28,466000.0,4277312.0,262548000.0,1187360324.15
sh600645,望春花,1997-08-27,9.31,9.45,9.0,9.35,9.35,277600.0,2573790.0,262548000.0,1187360324.15
sh600645,望春花,1997-08-28,9.35,9.35,9.16,9.23,9.35,158700.0,1464232.0,259178400.0,1172121475.07
sh600645,望春花,1997-08-29,9.3,9.36,9.22,9.24,9.23,184300.0,1710553.0,259459200.0,1173391379.16
sh600645,望春花,1997-09-01,9.2,9.28,9.05,9.25,9.24,285300.0,2620219.0,259740000.0,1174661283.25
sh600645,望春花,1997-09-02,9.3,9.7,9.3,9.6,9.25,450000.0,4291832.0,269568000.0,1219107926.4
sh600645,望春花,1997-09-03,9.7,9.7,9.38,9.65,9.6,223400.0,2127748.0,270972000.0,1225457446.85
sh600645,望春花,1997-09-04,9.63,9.86,9.44,9.78,9.65,403900.0,3899603.0,274622400.0,1241966200.02
sh600645,望春花,1997-09-05,9.78,9.86,9.51,9.77,9.78,209400.0,2032893.0,274341600.0,1240696295.93
sh600645,望春花,1997-09-08,9.8,10.0,9.53,9.93,9.77,312000.0,3082770.0,278834400.0,1261014761.37
sh600645,望春花,1997-09-09,9.93,9.96,9.6,9.8,9.93,339600.0,3336722.0,275184000.0,1244506008.2
sh600645,望春花,1997-09-10,9.6,9.85,9.6,9.85,9.8,150100.0,1452733.0,276588000.0,1250855528.65
sh600645,望春花,1997-09-11,9.85,9.98,9.31,9.89,9.85,317200.0,3123962.0,277711200.0,1255935145.01
sh600645,望春花,1997-09-12,9.8,9.85,9.4,9.4,9.89,399300.0,3819043.0,263952000.0,1193709844.6
sh600645,望春花,1997-09-15,9.55,9.7,9.16,9.23,9.4,376300.0,3570076.0,259178400.0,1172121475.07
sh600645,望春花,1997-09-16,9.23,9.35,9.0,9.23,9.23,441100.0,4077770.0,259178400.0,1172121475.07
sh600645,望春花,1997-09-17,9.23,9.52,9.2,9.29,9.23,459700.0,4276223.0,260863200.0,1179740899.61
sh600645,望春花,1997-09-18,9.29,9.47,9.23,9.43,9.29,321900.0,3003729.0,264794400.0,1197519556.87
sh600645,望春花,1997-09-19,9.5,9.73,9.45,9.71,9.43,571700.0,5478176.0,272656800.0,1233076871.39
sh600645,望春花,1997-09-22,9.85,9.95,9.1,9.52,9.71,1326200.0,12797582.0,267321600.0,1208948693.68
sh600645,望春花,1997-09-23,9.4,9.55,8.57,8.59,9.52,779700.0,7122112.0,241207200.0,1090847613.31
sh600645,望春花,1997-09-24,8.9,9.26,8.66,9.18,8.59,373800.0,3362734.0,257774400.0,1165771954.62
sh600645,望春花,1997-09-25,9.18,9.52,9.08,9.35,9.18,465300.0,4316668.0,262548000.0,1187360324.15
sh600645,望春花,1997-09-26,9.35,9.39,8.9,9.0,9.35,236900.0,2164805.0,252720000.0,1142913681.0
sh600645,望春花,1997-09-29,8.9,8.9,8.56,8.61,9.0,167800.0,1460403.0,241768800.0,1093387421.49
sh600645,望春花,1997-09-30,8.65,8.8,8.6,8.7,8.61,110000.0,953084.0,244296000.0,1104816558.3
sh600645,望春花,1997-10-06,8.65,8.8,8.59,8.63,8.7,59600.0,515587.0,242330400.0,1095927229.67
sh600645,望春花,1997-10-07,8.65,8.65,8.4,8.5,8.63,86600.0,735306.0,238680000.0,1079418476.5
sh600645,望春花,1997-10-08,8.8,8.86,8.6,8.79,8.5,130400.0,1139577.0,246823200.0,1116245695.11
sh600645,望春花,1997-10-09,8.74,8.86,8.74,8.77,8.79,66700.0,588029.0,246261600.0,1113705886.93
sh600645,望春花,1997-10-10,8.7,9.1,8.7,9.08,8.77,211900.0,1903197.0,254966400.0,1153072913.72
sh600645,望春花,1997-10-13,9.15,9.24,8.8,8.85,9.08,102600.0,922214.0,248508000.0,1123865119.65
sh600645,望春花,1997-10-14,8.81,9.1,8.75,9.1,8.85,68400.0,608359.0,255528000.0,1155612721.9
sh600645,望春花,1997-10-15,9.1,9.23,8.9,9.08,9.1,208300.0,1891508.0,254966400.0,1153072913.72
sh600645,望春花,1997-10-16,9.01,9.2,8.81,9.1,9.08,267700.0,2401836.0,255528000.0,1155612721.9
sh600645,望春花,1997-10-17,9.03,9.18,9.0,9.1,9.1,257000.0,2336132.0,255528000.0,1155612721.9
sh600645,望春花,1997-10-20,9.25,9.25,9.0,9.1,9.1,271400.0,2471902.0,255528000.0,1155612721.9
sh600645,望春花,1997-10-21,9.11,9.18,8.98,9.02,9.1,197300.0,1788312.0,253281600.0,1145453489.18
sh600645,望春花,1997-10-22,9.02,9.02,8.73,8.88,9.02,354300.0,3131517.0,249350400.0,1127674831.92
sh600645,望春花,1997-10-23,8.88,8.99,8.8,8.8,8.88,291400.0,2593013.0,247104000.0,1117515599.2
sh600645,望春花,1997-10-24,8.9,8.9,8.76,8.85,8.8,255600.0,2256648.0,248508000.0,1123865119.65
sh600645,望春花,1997-10-27,8.85,9.25,8.85,9.25,8.85,386300.0,3515120.0,259740000.0,1174661283.25
sh600645,望春花,1997-10-28,9.28,9.32,8.6,8.72,9.25,259000.0,2322280.0,244857600.0,1107356366.48
sh600645,望春花,1997-10-29,8.61,8.88,8.61,8.8,8.72,186300.0,1622593.0,247104000.0,1117515599.2
sh600645,望春花,1997-10-30,8.82,8.88,8.64,8.64,8.8,183800.0,1601782.0,242611200.0,1097197133.76
sh600645,望春花,1997-10-31,8.6,8.84,8.6,8.76,8.64,123000.0,1066030.0,245980800.0,1112435982.84
sh600645,望春花,1997-11-03,8.85,8.85,8.59,8.59,8.76,104800.0,905867.0,241207200.0,1090847613.31
sh600645,望春花,1997-11-04,8.6,9.1,8.6,8.95,8.59,272200.0,2434694.0,251316000.0,1136564160.55
sh600645,望春花,1997-11-05,8.9,8.97,8.68,8.74,8.95,145300.0,1278494.0,245419200.0,1109896174.66
sh600645,望春花,1997-11-06,8.7,8.8,8.63,8.69,8.74,154300.0,1342616.0,244015200.0,1103546654.21
sh600645,望春花,1997-11-07,8.7,8.8,8.6,8.8,8.69,170300.0,1484346.0,247104000.0,1117515599.2
sh600645,望春花,1997-11-10,8.76,9.1,8.13,8.83,8.8,240800.0,2146269.0,247946400.0,1121325311.47
sh600645,望春花,1997-11-11,8.85,8.98,8.76,8.9,8.83,108400.0,961520.0,249912000.0,1130214640.1
sh600645,望春花,1997-11-12,8.9,8.95,8.65,8.8,8.9,131500.0,1154986.0,247104000.0,1117515599.2
sh600645,望春花,1997-11-13,8.81,8.81,8.65,8.69,8.8,68200.0,592391.0,244015200.0,1103546654.21
sh600645,望春花,1997-11-14,8.71,8.88,8.67,8.8,8.69,125400.0,1098340.0,247104000.0,1117515599.2
sh600645,望春花,1997-11-17,8.88,8.9,8.8,8.8,8.8,95000.0,843546.0,247104000.0,1117515599.2
sh600645,望春花,1997-11-18,8.8,8.88,8.62,8.65,8.8,81300.0,706753.0,242892000.0,1098467037.85
sh600645,望春花,1997-11-19,8.7,8.78,8.61,8.67,8.65,84700.0,733042.0,243453600.0,1101006846.03
sh600645,望春花,1997-11-20,8.65,8.65,8.56,8.56,8.67,78400.0,673731.0,240364800.0,1087037901.04
sh600645,望春花,1997-11-21,8.6,8.63,8.38,8.4,8.56,60700.0,514160.0,235872000.0,1066719435.6
sh600645,望春花,1997-11-24,8.3,8.3,8.02,8.1,8.4,89800.0,730770.0,227448000.0,1028622312.9
sh600645,望春花,1997-11-25,8.1,8.15,8.03,8.15,8.1,56400.0,455997.0,228852000.0,1034971833.35
sh600645,望春花,1997-11-26,8.16,8.2,8.07,8.2,8.15,111700.0,907000.0,230256000.0,1041321353.8
sh600645,望春花,1997-11-27,8.18,8.18,8.06,8.06,8.2,65100.0,528000.0,226324800.0,1023542696.54
sh600645,望春花,1997-11-28,8.02,8.15,8.02,8.15,8.06,74700.0,603000.0,228852000.0,1034971833.35
sh600645,望春花,1997-12-01,8.16,8.31,8.16,8.31,8.15,57300.0,471898.0,233344800.0,1055290298.79
sh600645,望春花,1997-12-02,8.4,8.5,8.25,8.26,8.31,107600.0,897890.0,231940800.0,1048940778.34
sh600645,望春花,1997-12-03,8.37,8.38,8.2,8.28,8.26,80900.0,668807.0,232502400.0,1051480586.52
sh600645,望春花,1997-12-04,8.3,8.35,8.2,8.35,8.28,83200.0,688368.0,234468000.0,1060369915.15
sh600645,望春花,1997-12-05,8.35,8.37,8.27,8.28,8.35,110200.0,917984.0,232502400.0,1051480586.52
sh600645,望春花,1997-12-08,8.32,8.36,8.2,8.25,8.28,101600.0,840640.0,231660000.0,1047670874.25
sh600645,望春花,1997-12-09,8.25,8.27,8.14,8.27,8.25,69600.0,569847.0,232221600.0,1050210682.43
sh600645,望春花,1997-12-10,8.59,8.59,8.3,8.35,8.27,154700.0,1298277.0,234468000.0,1060369915.15
sh600645,望春花,1997-12-11,8.4,8.98,8.4,8.8,8.35,1462100.0,12596418.0,247104000.0,1117515599.2
sh600645,望春花,1997-12-12,8.77,8.77,8.6,8.62,8.8,363600.0,3153353.0,242049600.0,1094657325.58
sh600645,望春花,1997-12-15,8.6,8.65,8.41,8.6,8.62,358200.0,3063119.0,241488000.0,1092117517.4
sh600645,望春花,1997-12-16,8.6,8.68,8.4,8.41,8.6,501100.0,4260561.0,236152800.0,1067989339.69
sh600645,望春花,1997-12-17,8.31,8.5,8.25,8.5,8.41,761500.0,6365000.0,238680000.0,1079418476.5
sh600645,望春花,1997-12-18,7.38,7.54,7.3,7.52,8.5,252900.0,1889096.0,211161600.0,954967875.68
sh600645,望春花,1997-12-19,7.63,7.95,7.63,7.72,7.52,409000.0,3170374.0,216777600.0,980365957.48
sh600645,望春花,1997-12-22,7.72,7.95,7.72,7.95,7.72,1114100.0,8723053.0,223236000.0,1009573751.55
sh600645,望春花,1997-12-23,7.5,8.14,7.5,8.11,7.95,1018000.0,8162288.0,227728800.0,1029892216.99
sh600645,望春花,1997-12-24,8.01,8.08,7.88,7.93,8.11,310200.0,2466760.0,222674400.0,1007033943.37
sh600645,望春花,1997-12-25,7.93,8.01,7.86,7.87,7.93,190700.0,1507388.0,220989600.0,999414518.83
sh600645,望春花,1997-12-26,7.99,8.08,7.82,7.87,7.87,455500.0,3597149.0,220989600.0,999414518.83
sh600645,望春花,1997-12-29,8.0,8.4,7.9,8.21,7.87,1197300.0,9762253.0,230536800.0,1042591257.89
sh600645,望春花,1997-12-30,8.16,8.58,8.15,8.51,8.21,1245800.0,10561287.0,238960800.0,1080688380.59
sh600645,望春花,1997-12-31,8.51,8.6,8.28,8.46,8.51,530600.0,4485159.0,237556800.0,1074338860.14
sh600645,望春花,1998-01-05,8.5,8.95,8.41,8.79,8.46,787000.0,6889858.0,246823200.0,1116245695.11
sh600645,望春花,1998-01-06,8.85,9.1,8.66,8.96,8.79,1515700.0,13588826.0,251596800.0,1137834064.64
sh600645,望春花,1998-01-07,9.06,9.29,8.95,9.12,8.96,1009000.0,9241410.0,256089600.0,1158152530.08
sh600645,望春花,1998-01-08,9.18,9.3,9.05,9.09,9.12,617800.0,5648601.0,255247200.0,1154342817.81
sh600645,望春花,1998-01-09,9.01,9.29,9.01,9.2,9.09,937100.0,8591723.0,258336000.0,1168311762.8
sh600645,望春花,1998-01-12,8.9,9.17,8.8,8.96,9.2,817000.0,7304378.0,251596800.0,1137834064.64
sh600645,望春花,1998-01-13,8.82,8.82,8.06,8.38,8.96,658600.0,5540309.0,235310400.0,1064179627.42
sh600645,望春花,1998-01-14,8.68,8.68,8.41,8.65,8.38,421500.0,3611246.0,242892000.0,1098467037.85
sh600645,望春花,1998-01-15,8.8,8.9,8.62,8.8,8.65,268500.0,2350059.0,247104000.0,1117515599.2
sh600645,望春花,1998-01-16,8.7,9.18,8.7,9.0,8.8,417200.0,3734256.0,252720000.0,1142913681.0
sh600645,望春花,1998-01-19,9.25,9.66,9.2,9.49,9.0,1110000.0,10494601.0,266479200.0,1205138981.41
sh600645,望春花,1998-01-20,9.4,9.45,9.0,9.17,9.49,475000.0,4387395.0,257493600.0,1164502050.53
sh600645,望春花,1998-01-21,9.21,9.5,9.19,9.19,9.17,340600.0,3158196.0,258055200.0,1167041858.71
sh600645,望春花,1998-01-22,9.25,9.35,9.0,9.09,9.19,238400.0,2172855.0,255247200.0,1154342817.81
sh600645,望春花,1998-01-23,9.1,9.29,9.0,9.22,9.09,208400.0,1913839.0,258897600.0,1170851570.98
sh600645,望春花,1998-02-09,9.8,9.9,9.5,9.75,9.22,1143000.0,11084406.0,273780000.0,1238156487.75
sh600645,望春花,1998-02-10,9.88,10.12,9.65,10.1,9.75,1335000.0,13215476.0,283608000.0,1282603130.9
sh600645,望春花,1998-02-11,10.12,10.2,9.95,10.1,10.1,1191200.0,12005078.0,283608000.0,1282603130.9
sh600645,望春花,1998-02-12,10.1,10.1,9.82,9.96,10.1,924600.0,9189285.0,279676800.0,1264824473.64
sh600645,望春花,1998-02-13,9.87,10.11,9.58,10.01,9.96,1388000.0,13734903.0,281080800.0,1271173994.09
sh600645,望春花,1998-02-16,10.1,10.1,9.7,9.9,10.01,799200.0,7893272.0,277992000.0,1257205049.1
sh600645,望春花,1998-02-17,9.7,9.9,9.57,9.75,9.9,1045400.0,10133373.0,336960000.0,1523608076.25
sh600645,望春花,1998-02-18,9.75,9.8,9.57,9.65,9.75,520600.0,5035989.0,333504000.0,1507981326.75
sh600645,望春花,1998-02-19,9.65,9.67,9.45,9.51,9.65,454600.0,4330761.0,328665600.0,1486103877.45
sh600645,望春花,1998-02-20,9.55,9.59,9.3,9.35,9.51,448200.0,4208324.0,323136000.0,1461101078.25
sh600645,望春花,1998-02-23,9.33,9.35,9.0,9.33,9.35,472100.0,4326576.0,322444800.0,1457975728.35
sh600645,望春花,1998-02-24,9.33,9.33,9.12,9.25,9.33,267300.0,2467642.0,319680000.0,1445474328.75
sh600645,望春花,1998-02-25,9.2,9.33,9.06,9.28,9.25,262600.0,2430915.0,320716800.0,1450162353.6
sh600645,望春花,1998-02-26,9.26,9.46,9.2,9.39,9.28,261000.0,2438868.0,324518400.0,1467351778.05
sh600645,望春花,1998-02-27,9.35,9.7,9.35,9.66,9.39,513800.0,4929665.0,333849600.0,1509544001.7
sh600645,望春花,1998-03-02,9.98,9.98,9.13,9.15,9.66,539100.0,5106848.0,316224000.0,1429847579.25
sh600645,望春花,1998-03-03,9.2,9.38,9.15,9.34,9.15,512300.0,4720322.0,322790400.0,1459538403.3
sh600645,望春花,1998-03-04,9.34,9.34,9.2,9.31,9.34,386100.0,3578581.0,321753600.0,1454850378.45
sh600645,望春花,1998-03-05,9.28,9.35,9.24,9.33,9.31,325000.0,3018731.0,322444800.0,1457975728.35
sh600645,望春花,1998-03-06,9.28,9.36,9.28,9.29,9.33,316500.0,2943901.0,321062400.0,1451725028.55
sh600645,望春花,1998-03-09,9.25,9.29,8.88,8.95,9.29,547500.0,4938018.0,309312000.0,1398594080.25
sh600645,望春花,1998-03-10,8.92,8.92,8.65,8.72,8.95,535200.0,4681593.0,301363200.0,1362652556.4
sh600645,望春花,1998-03-11,8.75,9.02,8.7,9.0,8.72,621700.0,5469309.0,311040000.0,1406407455.0
sh600645,望春花,1998-03-12,9.1,9.52,9.1,9.36,9.0,1635300.0,15387977.0,323481600.0,1462663753.2
sh600645,望春花,1998-03-13,9.36,9.48,9.05,9.14,9.36,632200.0,5828252.0,315878400.0,1428284904.3
sh600645,望春花,1998-03-16,9.2,9.41,9.17,9.36,9.14,691300.0,6404121.0,323481600.0,1462663753.2
sh600645,望春花,1998-03-17,9.42,9.42,9.26,9.3,9.36,585400.0,5446571.0,321408000.0,1453287703.5
sh600645,望春花,1998-03-18,9.31,9.39,9.04,9.18,9.3,634100.0,5827801.0,317260800.0,1434535604.1
sh600645,望春花,1998-03-19,9.1,9.17,8.9,9.0,9.18,316500.0,2850607.0,311040000.0,1406407455.0
sh600645,望春花,1998-03-20,9.0,9.18,8.8,9.18,9.0,527500.0,4751317.0,317260800.0,1434535604.1
sh600645,望春花,1998-03-23,9.35,9.6,9.2,9.46,9.18,1754000.0,16533245.0,326937600.0,1478290502.7
sh600645,望春花,1998-03-24,9.52,10.15,9.51,9.95,9.46,4087500.0,40662643.0,343872000.0,1554861575.25
sh600645,望春花,1998-03-25,9.98,10.1,9.65,9.88,9.95,1877500.0,18626646.0,341452800.0,1543922850.6
sh600645,望春花,1998-03-26,9.9,10.64,9.9,10.4,9.88,2843800.0,29282807.0,359424000.0,1625181948.0
sh600645,望春花,1998-03-27,10.4,10.88,10.0,10.1,10.4,3056900.0,31940394.0,349056000.0,1578301699.5
sh600645,望春花,1998-03-30,10.15,11.1,9.92,10.7,10.1,3545800.0,37552424.0,369792000.0,1672062196.5
sh600645,望春花,1998-03-31,10.1,11.0,10.1,10.6,10.7,2368300.0,25259843.0,366336000.0,1656435447.0
sh600645,望春花,1998-04-01,10.5,11.5,10.46,11.46,10.6,3551400.0,39851034.0,396057600.0,1790825492.7
sh600645,望春花,1998-04-02,11.48,11.79,11.11,11.22,11.46,3386100.0,38604956.0,387763200.0,1753321293.9
sh600645,望春花,1998-04-03,11.33,11.79,11.03,11.58,11.22,2357200.0,26778252.0,400204800.0,1809577592.1
sh600645,望春花,1998-04-06,11.6,12.22,11.36,11.74,11.58,2199900.0,25917693.0,405734400.0,1834580391.3
sh600645,望春花,1998-04-07,11.74,11.9,11.51,11.65,11.74,1584000.0,18476810.0,402624000.0,1820516316.75
sh600645,望春花,1998-04-08,11.65,12.28,11.58,11.86,11.65,2927900.0,34957747.0,409881600.0,1853332490.7
sh600645,望春花,1998-04-09,11.9,12.0,10.7,10.9,11.86,2640500.0,29665909.0,376704000.0,1703315695.5
sh600645,望春花,1998-04-10,10.75,11.2,10.4,11.02,10.9,1755200.0,18774653.0,380851200.0,1722067794.9
sh600645,望春花,1998-04-13,11.0,11.1,10.6,10.75,11.02,980600.0,10512374.0,371520000.0,1679875571.25
sh600645,望春花,1998-04-14,10.75,10.88,10.66,10.85,10.75,723800.0,7808697.0,374976000.0,1695502320.75
sh600645,望春花,1998-04-15,10.95,11.71,10.9,11.36,10.85,1567500.0,17950231.0,392601600.0,1775198743.2
sh600645,望春花,1998-04-16,11.55,11.6,11.2,11.46,11.36,1394100.0,15917729.0,396057600.0,1790825492.7
sh600645,望春花,1998-04-17,11.4,11.45,11.0,11.16,11.46,993200.0,11111682.0,385689600.0,1743945244.2
sh600645,望春花,1998-04-20,11.1,11.96,11.0,11.83,11.16,2892900.0,33631912.0,408844800.0,1848644465.85
sh600645,望春花,1998-04-21,11.91,12.25,11.7,11.95,11.83,2221300.0,26528470.0,412992000.0,1867396565.25
sh600645,望春花,1998-04-22,12.0,12.13,11.71,11.99,11.95,1572600.0,18716946.0,414374400.0,1873647265.05
sh600645,望春花,1998-04-23,12.1,12.21,11.78,11.82,11.99,1607900.0,19328539.0,408499200.0,1847081790.9
sh600645,望春花,1998-04-24,11.87,11.9,11.25,11.3,11.82,1515200.0,17420310.0,390528000.0,1765822693.5
sh600645,望春花,1998-04-27,11.3,11.38,10.73,10.79,11.3,1003000.0,11063322.0,372902400.0,1686126271.05
sh600645,望春花,1998-04-28,10.82,11.29,10.8,10.98,10.79,1008500.0,11092036.0,379468800.0,1715817095.1
sh600645,望春花,1998-04-29,11.02,11.21,10.9,11.06,10.98,763100.0,8440764.0,382233600.0,1728318494.7
sh600645,望春花,1998-04-30,11.21,11.5,11.21,11.39,11.06,900000.0,10261677.0,393638400.0,1779886768.05
sh600645,望春花,1998-05-04,11.7,11.75,11.46,11.59,11.39,1126400.0,13060159.0,400550400.0,1811140267.05
sh600645,望春花,1998-05-05,11.69,12.1,11.61,11.99,11.59,2633700.0,31418374.0,414374400.0,1873647265.05
sh600645,望春花,1998-05-06,11.99,12.1,11.4,11.54,11.99,1843200.0,21534073.0,398822400.0,1803326892.3
sh600645,望春花,1998-05-07,11.49,11.66,11.18,11.2,11.54,974600.0,11152712.0,387072000.0,1750195944.0
sh600645,望春花,1998-05-11,11.7,12.32,11.3,12.32,11.2,3906500.0,47131742.0,425779200.0,1925215538.4
sh600645,望春花,1998-05-12,12.82,12.87,11.87,12.11,12.32,2666300.0,32828967.0,418521600.0,1892399364.45
sh600645,望春花,1998-05-13,12.33,13.25,12.15,13.17,12.11,5520600.0,71582344.0,455155200.0,2058042909.15
sh600645,望春花,1998-05-14,13.17,13.3,12.6,12.7,13.17,1933900.0,24774227.0,438912000.0,1984597186.5
sh600645,望春花,1998-05-15,12.67,12.82,12.15,12.35,12.7,2179100.0,27119696.0,426816000.0,1929903563.25
sh600645,望春花,1998-05-18,12.51,12.6,12.12,12.34,12.35,838100.0,10262978.0,426470400.0,1928340888.3
sh600645,望春花,1998-05-19,12.35,12.7,12.22,12.3,12.34,1072000.0,13319668.0,425088000.0,1922090188.5
sh600645,望春花,1998-05-20,12.3,12.48,12.0,12.1,12.3,783800.0,9610147.0,418176000.0,1890836689.5
sh600645,望春花,1998-05-21,12.01,12.25,11.71,11.98,12.1,1327000.0,15759157.0,414028800.0,1872084590.1
sh600645,望春花,1998-05-22,12.02,12.25,11.98,12.1,11.98,1481900.0,17955040.0,418176000.0,1890836689.5
sh600645,望春花,1998-05-25,12.2,12.85,12.2,12.66,12.1,2315100.0,29165201.0,437529600.0,1978346486.7
sh600645,望春花,1998-05-26,12.8,13.28,12.6,12.77,12.66,2032300.0,26125318.0,441331200.0,1995535911.15
sh600645,望春花,1998-05-27,12.85,12.93,12.42,12.6,12.77,1124000.0,14176039.0,435456000.0,1968970437.0
sh600645,望春花,1998-05-28,12.68,13.28,12.49,12.94,12.6,2162000.0,27808536.0,447206400.0,2022101385.3
sh600645,望春花,1998-05-29,13.06,13.69,13.06,13.15,12.94,3147300.0,42125168.0,454464000.0,2054917559.25
sh600645,望春花,1998-06-01,13.55,14.05,13.55,13.8,13.15,3505200.0,48287910.0,476928000.0,2156491431.0
sh600645,望春花,1998-06-02,14.01,14.08,13.5,13.78,13.8,1577500.0,21571518.0,476236800.0,2153366081.1
sh600645,望春花,1998-06-03,13.81,13.98,13.62,13.69,13.78,888400.0,12191882.0,473126400.0,2139302006.55
sh600645,望春花,1998-06-04,13.8,13.9,13.5,13.53,13.69,1170300.0,16075266.0,467596800.0,2114299207.35
sh600645,望春花,1998-06-05,13.56,13.64,13.05,13.52,13.53,1871000.0,24908833.0,467251200.0,2112736532.4
sh600645,望春花,1998-06-08,13.48,13.62,13.2,13.4,13.52,946200.0,12698751.0,463104000.0,2093984433.0
sh600645,望春花,1998-06-09,13.4,13.42,12.68,12.89,13.4,1121000.0,14634292.0,445478400.0,2014288010.55
sh600645,望春花,1998-06-10,12.85,13.17,12.75,12.98,12.89,720000.0,9351472.0,448588800.0,2028352085.1
sh600645,望春花,1998-06-11,13.0,13.35,12.8,12.82,12.98,743500.0,9724127.0,443059200.0,2003349285.9
sh600645,望春花,1998-06-12,13.1,13.45,13.0,13.44,12.82,848400.0,11222482.0,464486400.0,2100235132.8
sh600645,望春花,1998-06-15,13.6,13.9,13.48,13.78,13.44,1237000.0,16924693.0,476236800.0,2153366081.1
sh600645,望春花,1998-06-16,13.69,13.76,13.3,13.71,13.78,715000.0,9672647.0,473817600.0,2142427356.45
sh600645,望春花,1998-06-17,13.88,13.9,13.47,13.5,13.71,639500.0,8736675.0,466560000.0,2109611182.5
sh600645,望春花,1998-06-18,13.5,13.7,13.32,13.45,13.5,373700.0,5053506.0,464832000.0,2101797807.75
sh600645,望春花,1998-06-19,13.5,13.9,13.5,13.8,13.45,869800.0,11981846.0,476928000.0,2156491431.0
sh600645,望春花,1998-06-22,13.9,14.0,13.5,13.51,13.8,802800.0,10972450.0,466905600.0,2111173857.45
sh600645,望春花,1998-06-23,13.58,14.45,13.5,14.45,13.51,1819800.0,25540090.0,499392000.0,2258065302.75
sh600645,望春花,1998-06-24,14.4,14.49,14.0,14.15,14.45,1210500.0,17262756.0,489024000.0,2211185054.25
sh600645,望春花,1998-06-25,14.2,14.2,13.6,13.88,14.15,678500.0,9456149.0,479692800.0,2168992830.6
sh600645,望春花,1998-06-26,13.88,14.0,13.6,13.69,13.88,500300.0,6866574.0,473126400.0,2139302006.55
sh600645,望春花,1998-06-29,13.65,13.65,13.28,13.39,13.69,590300.0,7916683.0,462758400.0,2092421758.05
sh600645,望春花,1998-06-30,13.41,13.5,12.7,12.98,13.39,370900.0,4861582.0,448588800.0,2028352085.1
sh600645,望春花,1998-07-01,13.38,13.38,12.5,12.58,12.98,638900.0,8177622.0,434764800.0,1965845087.1
sh600645,望春花,1998-07-02,12.5,12.6,12.1,12.58,12.58,445400.0,5500692.0,434764800.0,1965845087.1
sh600645,望春花,1998-07-03,12.85,12.85,12.38,12.73,12.58,476900.0,6023485.0,439948800.0,1989285211.35
sh600645,望春花,1998-07-06,12.5,12.99,12.5,12.52,12.73,426300.0,5415140.0,432691200.0,1956469037.4
sh600645,望春花,1998-07-07,12.6,13.13,12.55,12.9,12.52,805500.0,10463276.0,445824000.0,2015850685.5
sh600645,望春花,1998-07-08,13.0,13.01,12.7,12.8,12.9,222900.0,2863484.0,442368000.0,2000223936.0
sh600645,望春花,1998-07-09,12.97,13.07,12.8,13.03,12.8,199700.0,2581966.0,450316800.0,2036165459.85
sh600645,望春花,1998-07-10,13.05,13.15,12.8,12.98,13.03,527300.0,6799978.0,448588800.0,2028352085.1
sh600645,望春花,1998-07-13,13.07,13.07,12.48,12.5,12.98,611900.0,7689446.0,432000000.0,1953343687.5
sh600645,望春花,1998-07-14,12.5,12.59,12.02,12.1,12.5,797300.0,9746559.0,418176000.0,1890836689.5
sh600645,望春花,1998-07-15,12.11,12.44,12.06,12.13,12.1,521300.0,6322877.0,419212800.0,1895524714.35
sh600645,望春花,1998-07-16,12.2,12.4,11.8,12.0,12.13,442300.0,5295177.0,414720000.0,1875209940.0
sh600645,望春花,1998-07-17,12.0,12.0,11.5,11.51,12.0,707300.0,8204694.0,397785600.0,1798638867.45
sh600645,望春花,1998-07-20,11.45,11.45,11.0,11.18,11.51,448400.0,5037597.0,386380800.0,1747070594.1
sh600645,望春花,1998-07-21,11.1,11.6,11.08,11.55,11.18,185600.0,2111851.0,399168000.0,1804889567.25
sh600645,望春花,1998-07-22,11.58,11.87,11.5,11.65,11.55,257700.0,3001819.0,402624000.0,1820516316.75
sh600645,望春花,1998-07-23,11.48,11.8,11.47,11.78,11.65,111100.0,1302154.0,407116800.0,1840831091.1
sh600645,望春花,1998-07-24,11.78,11.85,11.7,11.8,11.78,230000.0,2707690.0,407808000.0,1843956441.0
sh600645,望春花,1998-07-27,11.81,11.82,11.2,11.45,11.8,272100.0,3100481.0,395712000.0,1789262817.75
sh600645,望春花,1998-07-28,11.45,11.45,11.25,11.33,11.45,235200.0,2663232.0,391564800.0,1770510718.35
sh600645,望春花,1998-07-29,11.35,11.57,11.28,11.36,11.33,168400.0,1917793.0,392601600.0,1775198743.2
sh600645,望春花,1998-07-30,11.49,11.49,11.26,11.35,11.36,175200.0,1988727.0,392256000.0,1773636068.25
sh600645,望春花,1998-07-31,11.5,11.84,11.35,11.8,11.35,372700.0,4351734.0,407808000.0,1843956441.0
sh600645,望春花,1998-08-03,11.8,12.3,11.66,12.17,11.8,744700.0,8999914.0,420595200.0,1901775414.15
sh600645,望春花,1998-08-04,12.15,12.27,11.92,12.03,12.17,423800.0,5115111.0,415756800.0,1879897964.85
sh600645,望春花,1998-08-05,12.05,12.13,12.0,12.1,12.03,133300.0,1609152.0,418176000.0,1890836689.5
sh600645,望春花,1998-08-06,12.1,12.28,11.9,12.0,12.1,220500.0,2670769.0,414720000.0,1875209940.0
sh600645,望春花,1998-08-07,11.9,11.98,11.52,11.52,12.0,265600.0,3105076.0,398131200.0,1800201542.4
sh600645,望春花,1998-08-10,11.47,11.69,11.28,11.31,11.52,323600.0,3708462.0,390873600.0,1767385368.45
sh600645,望春花,1998-08-11,11.23,11.53,11.2,11.21,11.31,163300.0,1854370.0,387417600.0,1751758618.95
sh600645,望春花,1998-08-12,11.22,11.4,11.02,11.3,11.21,315300.0,3522920.0,390528000.0,1765822693.5
sh600645,望春花,1998-08-13,11.46,11.55,11.39,11.45,11.3,146100.0,1675002.0,395712000.0,1789262817.75
sh600645,望春花,1998-08-14,11.48,11.48,10.8,11.0,11.45,336900.0,3724216.0,380160000.0,1718942445.0
sh600645,望春花,1998-08-17,11.19,11.59,10.33,10.4,11.0,462900.0,5133854.0,359424000.0,1625181948.0
sh600645,望春花,1998-08-18,10.1,10.7,10.0,10.23,10.4,223600.0,2313829.0,353548800.0,1598616473.85
sh600645,望春花,1998-08-19,10.3,10.74,10.15,10.6,10.23,423400.0,4386651.0,366336000.0,1656435447.0
sh600645,望春花,1998-08-20,10.59,10.78,10.31,10.75,10.6,347000.0,3644611.0,371520000.0,1679875571.25
sh600645,望春花,1998-08-21,10.7,10.87,10.53,10.8,10.75,211500.0,2259918.0,373248000.0,1687688946.0
sh600645,望春花,1998-08-24,11.2,11.88,11.2,11.88,10.8,723100.0,8461322.0,410572800.0,1856457840.6
sh600645,望春花,1998-08-25,12.6,12.65,11.89,12.22,11.88,2285600.0,27995204.0,422323200.0,1909588788.9
sh600645,望春花,1998-08-26,12.2,12.2,11.6,11.68,12.22,671100.0,7996940.0,403660800.0,1825204341.6
sh600645,望春花,1998-08-27,11.53,11.98,11.42,11.7,11.68,465000.0,5466917.0,404352000.0,1828329691.5
sh600645,望春花,1998-08-28,11.68,11.85,11.5,11.65,11.7,299900.0,3517520.0,402624000.0,1820516316.75
sh600645,望春花,1998-08-31,11.49,11.75,10.8,11.72,11.65,474000.0,5358840.0,405043200.0,1831455041.4
sh600645,望春花,1998-09-01,11.65,11.65,11.26,11.32,11.72,317100.0,3623316.0,391219200.0,1768948043.4
sh600645,望春花,1998-09-02,11.26,11.36,11.11,11.2,11.32,244700.0,2750054.0,387072000.0,1750195944.0
sh600645,望春花,1998-09-03,11.21,11.49,11.21,11.39,11.2,146700.0,1658912.0,393638400.0,1779886768.05
sh600645,望春花,1998-09-04,11.58,11.7,11.47,11.57,11.39,196200.0,2272100.0,399859200.0,1808014917.15
sh600645,望春花,1998-09-07,11.6,11.78,11.51,11.67,11.57,162400.0,1894350.0,403315200.0,1823641666.65
sh600645,望春花,1998-09-08,11.7,11.76,11.3,11.55,11.67,319300.0,3689771.0,399168000.0,1804889567.25
sh600645,望春花,1998-09-09,11.55,11.98,11.31,11.91,11.55,565600.0,6661480.0,411609600.0,1861145865.45
sh600645,望春花,1998-09-10,11.92,12.08,11.72,11.98,11.91,734000.0,8773781.0,414028800.0,1872084590.1
sh600645,望春花,1998-09-11,11.82,12.25,11.71,12.14,11.98,865800.0,10417084.0,419558400.0,1897087389.3
sh600645,望春花,1998-09-14,12.15,12.79,12.11,12.67,12.14,1587900.0,19733388.0,437875200.0,1979909161.65
sh600645,望春花,1998-09-15,12.7,12.79,12.18,12.39,12.67,826300.0,10276765.0,428198400.0,1936154263.05
sh600645,望春花,1998-09-16,12.2,12.5,12.0,12.4,12.39,813100.0,9979201.0,428544000.0,1937716938.0
sh600645,望春花,1998-09-17,12.58,12.93,12.05,12.11,12.4,1907200.0,23966583.0,418521600.0,1892399364.45
sh600645,望春花,1998-09-18,12.05,12.48,11.9,11.99,12.11,961800.0,11720567.0,414374400.0,1873647265.05
sh600645,望春花,1998-09-21,11.85,12.23,11.75,12.12,11.99,331000.0,3999451.0,418867200.0,1893962039.4
sh600645,望春花,1998-09-22,12.12,12.35,12.0,12.05,12.12,355900.0,4325823.0,416448000.0,1883023314.75
sh600645,望春花,1998-09-23,12.16,12.5,11.99,12.44,12.05,534200.0,6538890.0,429926400.0,1943967637.8
sh600645,望春花,1998-09-24,12.5,12.58,11.98,11.99,12.44,410000.0,4995381.0,414374400.0,1873647265.05
sh600645,望春花,1998-09-25,11.81,12.07,11.8,12.0,11.99,328200.0,3912966.0,414720000.0,1875209940.0
sh600645,望春花,1998-09-28,12.03,12.22,11.81,11.86,12.0,353300.0,4217740.0,409881600.0,1853332490.7
sh600645,望春花,1998-09-29,11.8,12.06,11.8,11.95,11.86,141900.0,1695258.0,412992000.0,1867396565.25
sh600645,望春花,1998-09-30,11.95,12.16,11.95,12.16,11.95,274200.0,3302772.0,420249600.0,1900212739.2
sh600645,望春花,1998-10-05,12.21,12.33,11.9,11.95,12.16,317300.0,3853544.0,412992000.0,1867396565.25
sh600645,望春花,1998-10-06,12.0,12.01,11.83,11.87,11.95,255200.0,3040817.0,410227200.0,1854895165.65
sh600645,望春花,1998-10-07,11.81,11.9,11.65,11.69,11.87,215400.0,2545228.0,404006400.0,1826767016.55
sh600645,望春花,1998-10-08,11.68,12.08,11.68,12.07,11.69,214600.0,2544693.0,417139200.0,1886148664.65
sh600645,望春花,1998-10-09,12.17,12.3,11.98,12.2,12.07,486800.0,5917191.0,421632000.0,1906463439.0
sh600645,望春花,1998-10-12,12.25,12.9,12.24,12.76,12.2,2052900.0,25916089.0,440985600.0,1993973236.2
sh600645,望春花,1998-10-13,12.98,13.06,12.35,12.4,12.76,1562900.0,20017766.0,428544000.0,1937716938.0
sh600645,望春花,1998-10-14,12.5,12.6,12.3,12.52,12.4,471200.0,5869264.0,432691200.0,1956469037.4
sh600645,望春花,1998-10-15,13.17,13.2,12.53,13.0,12.52,1282100.0,16472809.0,449280000.0,2031477435.0
sh600645,望春花,1998-10-16,13.01,13.44,12.81,13.1,13.0,2490500.0,32827836.0,452736000.0,2047104184.5
sh600645,望春花,1998-10-19,13.16,13.34,12.7,12.85,13.1,948900.0,12246933.0,444096000.0,2008037310.75
sh600645,望春花,1998-10-20,12.9,12.93,12.62,12.85,12.85,489400.0,6264213.0,444096000.0,2008037310.75
sh600645,望春花,1998-10-21,12.8,12.81,12.23,12.3,12.85,607000.0,7575340.0,425088000.0,1922090188.5
sh600645,望春花,1998-10-22,12.31,12.62,12.3,12.55,12.3,781000.0,9738992.0,433728000.0,1961157062.25
sh600645,望春花,1998-10-23,12.71,13.7,12.71,13.29,12.55,3432700.0,46009510.0,459302400.0,2076795008.55
sh600645,望春花,1998-10-26,13.45,13.82,13.35,13.6,13.29,2038000.0,27695505.0,470016000.0,2125237932.0
sh600645,望春花,1998-10-27,13.6,13.62,13.1,13.32,13.6,894300.0,11888056.0,460339200.0,2081483033.4
sh600645,望春花,1998-10-28,13.31,13.79,13.27,13.51,13.32,1303800.0,17762706.0,466905600.0,2111173857.45
sh600645,望春花,1998-10-29,13.54,13.7,13.1,13.12,13.51,812500.0,10781722.0,453427200.0,2050229534.4
sh600645,望春花,1998-10-30,13.1,13.25,12.71,12.78,13.12,949800.0,12243967.0,441676800.0,1997098586.1
sh600645,望春花,1998-11-02,12.78,13.05,12.58,12.71,12.78,553200.0,7061530.0,439257600.0,1986159861.45
sh600645,望春花,1998-11-03,12.75,13.04,12.7,13.04,12.71,536400.0,6917244.0,450662400.0,2037728134.8
sh600645,望春花,1998-11-04,13.15,13.2,12.65,12.67,13.04,677300.0,8648261.0,437875200.0,1979909161.65
sh600645,望春花,1998-11-05,12.78,12.85,12.46,12.68,12.67,1155800.0,14570774.0,438220800.0,1981471836.6
sh600645,望春花,1998-11-06,12.8,12.88,12.6,12.62,12.68,968600.0,12307297.0,436147200.0,1972095786.9
sh600645,望春花,1998-11-09,12.7,12.93,12.68,12.77,12.62,735100.0,9383301.0,441331200.0,1995535911.15
sh600645,望春花,1998-11-10,12.78,12.85,12.48,12.65,12.77,800600.0,10062088.0,437184000.0,1976783811.75
sh600645,望春花,1998-11-11,12.65,12.9,12.52,12.9,12.65,674400.0,8594961.0,445824000.0,2015850685.5
sh600645,望春花,1998-11-12,13.0,13.15,12.78,12.78,12.9,606300.0,7835039.0,441676800.0,1997098586.1
sh600645,望春花,1998-11-13,12.8,12.9,12.52,12.6,12.78,287700.0,3639055.0,435456000.0,1968970437.0
sh600645,望春花,1998-11-16,12.6,12.65,12.3,12.33,12.6,800200.0,9938679.0,426124800.0,1926778213.35
sh600645,望春花,1998-11-17,12.33,12.5,12.08,12.15,12.33,363200.0,4431442.0,419904000.0,1898650064.25
sh600645,望春花,1998-11-18,12.1,12.37,12.09,12.27,12.15,364600.0,4453430.0,424051200.0,1917402163.65
sh600645,望春花,1998-11-19,12.28,12.3,11.95,11.98,12.27,661700.0,7955378.0,414028800.0,1872084590.1
sh600645,望春花,1998-11-20,12.01,12.08,11.8,11.9,11.98,398800.0,4746587.0,411264000.0,1859583190.5
sh600645,望春花,1998-11-23,11.92,11.99,11.75,11.77,11.9,302600.0,3575443.0,406771200.0,1839268416.15
sh600645,望春花,1998-11-24,11.8,11.98,11.7,11.98,11.77,294000.0,3483572.0,414028800.0,1872084590.1
sh600645,望春花,1998-11-25,12.05,12.15,11.84,11.85,11.98,229800.0,2756815.0,409536000.0,1851769815.75
sh600645,望春花,1998-11-26,11.76,11.9,11.71,11.78,11.85,150600.0,1776000.0,407116800.0,1840831091.1
sh600645,望春花,1998-11-27,11.78,12.0,11.78,11.9,11.78,161400.0,1914000.0,411264000.0,1859583190.5
sh600645,望春花,1998-11-30,11.98,12.25,11.85,12.15,11.9,243900.0,2955000.0,419904000.0,1898650064.25
sh600645,望春花,1998-12-01,12.2,12.2,11.7,11.76,12.15,156800.0,1866517.0,406425600.0,1837705741.2
sh600645,望春花,1998-12-02,11.76,11.76,11.41,11.55,11.76,288300.0,3324791.0,399168000.0,1804889567.25
sh600645,望春花,1998-12-03,11.55,11.75,11.4,11.41,11.55,212200.0,2432284.0,394329600.0,1783012117.95
sh600645,望春花,1998-12-04,11.45,11.46,11.18,11.2,11.41,245900.0,2772695.0,387072000.0,1750195944.0
sh600645,望春花,1998-12-07,11.31,11.44,10.58,10.7,11.2,758800.0,8217252.0,369792000.0,1672062196.5
sh600645,望春花,1998-12-08,10.75,11.04,10.75,10.99,10.7,253400.0,2759872.0,379814400.0,1717379770.05
sh600645,望春花,1998-12-09,10.99,11.1,10.75,10.99,10.99,116200.0,1263454.0,379814400.0,1717379770.05
sh600645,望春花,1998-12-10,10.75,11.0,10.75,10.8,10.99,115500.0,1256643.0,373248000.0,1687688946.0
sh600645,望春花,1998-12-11,10.8,11.08,10.78,11.07,10.8,163700.0,1782781.0,382579200.0,1729881169.65
sh600645,望春花,1998-12-14,11.01,11.07,10.8,10.8,11.07,79300.0,863274.0,373248000.0,1687688946.0
sh600645,望春花,1998-12-15,10.71,10.8,10.59,10.75,10.8,142400.0,1517107.0,371520000.0,1679875571.25
sh600645,望春花,1998-12-16,10.77,10.77,10.3,10.4,10.75,207700.0,2183817.0,359424000.0,1625181948.0
sh600645,望春花,1998-12-17,10.36,10.39,10.13,10.16,10.4,182800.0,1870784.0,351129600.0,1587677749.2
sh600645,望春花,1998-12-18,10.1,10.38,10.08,10.15,10.16,129500.0,1318678.0,350784000.0,1586115074.25
sh600645,望春花,1998-12-21,10.17,10.33,10.17,10.29,10.15,72400.0,744454.0,355622400.0,1607992523.55
sh600645,望春花,1998-12-22,10.78,10.78,10.3,10.64,10.29,125600.0,1317716.0,367718400.0,1662686146.8
sh600645,望春花,1998-12-23,10.66,10.68,10.4,10.44,10.64,85700.0,898113.0,360806400.0,1631432647.8
sh600645,望春花,1998-12-24,10.38,10.43,10.2,10.26,10.44,96800.0,995302.0,354585600.0,1603304498.7
sh600645,望春花,1998-12-25,10.28,10.4,10.24,10.38,10.26,62400.0,645161.0,358732800.0,1622056598.1
sh600645,望春花,1998-12-28,10.42,10.42,10.18,10.2,10.38,117400.0,1204468.0,352512000.0,1593928449.0
sh600645,望春花,1998-12-29,10.2,10.22,9.85,9.92,10.2,278600.0,2794236.0,342835200.0,1550173550.4
sh600645,望春花,1998-12-30,9.92,10.11,9.75,9.88,9.92,168300.0,1665436.0,341452800.0,1543922850.6
sh600645,望春花,1998-12-31,9.9,10.0,9.86,9.86,9.88,89900.0,891019.0,340761600.0,1540797500.7
sh600645,望春花,1999-01-04,9.68,9.81,9.6,9.6,9.86,76700.0,741026.0,331776000.0,1500167952.0
sh600645,望春花,1999-01-05,9.58,9.58,9.11,9.33,9.6,129000.0,1203461.0,322444800.0,1457975728.35
sh600645,望春花,1999-01-06,9.38,9.57,9.3,9.57,9.33,165700.0,1568899.0,330739200.0,1495479927.15
sh600645,望春花,1999-01-07,10.52,10.52,9.69,9.95,9.57,417100.0,4216766.0,343872000.0,1554861575.25
sh600645,望春花,1999-01-08,9.95,10.47,9.85,10.3,9.95,338400.0,3426134.0,355968000.0,1609555198.5
sh600645,望春花,1999-01-11,10.26,10.26,9.93,10.16,10.3,204700.0,2066208.0,351129600.0,1587677749.2
sh600645,望春花,1999-01-12,10.16,10.16,9.98,9.98,10.16,150400.0,1510502.0,344908800.0,1559549600.1
sh600645,望春花,1999-01-13,9.8,9.88,9.65,9.69,9.98,168600.0,1650794.0,334886400.0,1514232026.55
sh600645,望春花,1999-01-14,9.68,9.7,9.58,9.66,9.69,136500.0,1316268.0,333849600.0,1509544001.7
sh600645,望春花,1999-01-15,9.68,9.69,9.35,9.35,9.66,141700.0,1343943.0,323136000.0,1461101078.25
sh600645,望春花,1999-01-18,9.3,9.68,9.2,9.6,9.35,147900.0,1385331.0,331776000.0,1500167952.0
sh600645,望春花,1999-01-19,9.6,9.6,9.42,9.55,9.6,151500.0,1438982.0,330048000.0,1492354577.25
sh600645,望春花,1999-01-20,9.52,9.7,9.5,9.58,9.55,88300.0,847670.0,331084800.0,1497042602.1
sh600645,望春花,1999-01-21,9.4,9.6,9.4,9.59,9.58,164300.0,1560781.0,331430400.0,1498605277.05
sh600645,望春花,1999-01-22,9.68,9.8,9.6,9.7,9.59,150900.0,1463551.0,335232000.0,1515794701.5
sh600645,望春花,1999-01-25,9.7,9.7,9.58,9.58,9.7,122200.0,1177749.0,331084800.0,1497042602.1
sh600645,望春花,1999-01-26,9.5,9.5,9.33,9.4,9.58,99900.0,940876.0,324864000.0,1468914453.0
sh600645,望春花,1999-01-27,9.35,9.48,9.31,9.48,9.4,160300.0,1501932.0,327628800.0,1481415852.6
sh600645,望春花,1999-01-28,9.53,9.53,9.2,9.39,9.48,175900.0,1644296.0,324518400.0,1467351778.05
sh600645,望春花,1999-01-29,9.4,9.45,9.2,9.3,9.39,176700.0,1644772.0,321408000.0,1453287703.5
sh600645,望春花,1999-02-01,9.21,9.3,9.18,9.23,9.3,110000.0,1013947.0,318988800.0,1442348978.85
sh600645,望春花,1999-02-02,9.24,9.3,9.18,9.28,9.23,91400.0,843806.0,320716800.0,1450162353.6
sh600645,望春花,1999-02-03,9.28,9.47,9.28,9.33,9.28,62200.0,583354.0,322444800.0,1457975728.35
sh600645,望春花,1999-02-04,9.35,10.26,9.35,10.22,9.33,1661600.0,16663237.0,353203200.0,1597053798.9
sh600645,望春花,1999-02-05,10.0,10.09,9.61,9.68,10.22,695200.0,6823821.0,334540800.0,1512669351.6
sh600645,望春花,1999-02-08,9.65,10.43,9.55,10.12,9.68,1048600.0,10602225.0,349747200.0,1581427049.4
sh600645,望春花,1999-02-09,10.07,10.38,10.05,10.29,10.12,711500.0,7276416.0,355622400.0,1607992523.55
sh600645,望春花,1999-03-01,10.32,10.5,9.9,10.43,10.29,519400.0,5322890.0,360460800.0,1629869972.85
sh600645,望春花,1999-03-02,10.35,10.5,10.13,10.3,10.43,384000.0,3951237.0,355968000.0,1609555198.5
sh600645,望春花,1999-03-03,10.3,10.98,10.25,10.73,10.3,715200.0,7628014.0,370828800.0,1676750221.35
sh600645,望春花,1999-03-04,10.7,10.76,10.5,10.66,10.73,431200.0,4568943.0,368409600.0,1665811496.7
sh600645,望春花,1999-03-05,10.6,10.86,10.4,10.48,10.66,389600.0,4140717.0,362188800.0,1637683347.6
sh600645,望春花,1999-03-08,10.48,10.8,10.48,10.8,10.48,374800.0,3986846.0,373248000.0,1687688946.0
sh600645,望春花,1999-03-09,10.81,10.88,10.5,10.5,10.8,307900.0,3283483.0,362880000.0,1640808697.5
sh600645,望春花,1999-03-10,10.5,10.5,10.2,10.31,10.5,414300.0,4262835.0,356313600.0,1611117873.45
sh600645,望春花,1999-03-11,10.3,10.65,10.2,10.52,10.31,305700.0,3201251.0,363571200.0,1643934047.4
sh600645,望春花,1999-03-12,10.46,10.75,10.46,10.58,10.52,314100.0,3336937.0,365644800.0,1653310097.1
sh600645,望春花,1999-03-15,10.62,11.27,10.6,10.99,10.58,973900.0,10716242.0,379814400.0,1717379770.05
sh600645,望春花,1999-03-16,10.9,10.98,10.72,10.95,10.99,347200.0,3772602.0,378432000.0,1711129070.25
sh600645,望春花,1999-03-17,10.95,10.96,10.59,10.59,10.95,355500.0,3827657.0,365990400.0,1654872772.05
sh600645,望春花,1999-03-18,10.59,10.69,10.46,10.46,10.59,288100.0,3041168.0,361497600.0,1634557997.7
sh600645,望春花,1999-03-19,10.46,10.85,10.45,10.8,10.46,306400.0,3284480.0,373248000.0,1687688946.0
sh600645,望春花,1999-03-22,10.9,10.94,10.5,10.56,10.8,291600.0,3093016.0,364953600.0,1650184747.2
sh600645,望春花,1999-03-23,10.5,10.7,10.41,10.48,10.56,281200.0,2948956.0,362188800.0,1637683347.6
sh600645,望春花,1999-03-24,10.5,10.62,10.43,10.46,10.48,249000.0,2614210.0,361497600.0,1634557997.7
sh600645,望春花,1999-03-25,10.45,10.85,10.4,10.48,10.46,248200.0,2638345.0,362188800.0,1637683347.6
sh600645,望春花,1999-03-26,10.48,10.65,10.4,10.5,10.48,149400.0,1564965.0,362880000.0,1640808697.5
sh600645,望春花,1999-03-29,10.5,10.97,10.46,10.89,10.5,434700.0,4693722.0,376358400.0,1701753020.55
sh600645,望春花,1999-03-30,10.88,10.93,10.55,10.59,10.89,189400.0,2040562.0,365990400.0,1654872772.05
sh600645,望春花,1999-03-31,10.52,10.78,10.51,10.77,10.59,235100.0,2503145.0,372211200.0,1683000921.15
sh600645,望春花,1999-04-01,10.92,11.48,10.8,11.39,10.77,1715200.0,19204704.0,393638400.0,1779886768.05
sh600645,望春花,1999-04-02,11.2,11.58,11.1,11.39,11.39,924500.0,10487379.0,393638400.0,1779886768.05
sh600645,望春花,1999-04-05,11.5,11.54,11.23,11.27,11.39,349000.0,3953348.0,389491200.0,1761134668.65
sh600645,望春花,1999-04-06,11.33,11.33,11.01,11.09,11.27,381200.0,4250873.0,383270400.0,1733006519.55
sh600645,望春花,1999-04-07,11.1,11.5,10.85,11.35,11.09,830400.0,9255834.0,392256000.0,1773636068.25
sh600645,望春花,1999-04-08,11.3,11.3,10.96,11.06,11.35,282600.0,3135828.0,382233600.0,1728318494.7
sh600645,望春花,1999-04-09,11.0,11.05,10.81,10.85,11.06,472900.0,5151419.0,374976000.0,1695502320.75
sh600645,望春花,1999-04-12,10.9,11.05,10.51,10.55,10.85,545500.0,5857209.0,364608000.0,1648622072.25
sh600645,望春花,1999-04-13,10.2,10.48,9.8,9.95,10.55,453200.0,4603855.0,343872000.0,1554861575.25
sh600645,望春花,1999-04-14,9.96,10.08,9.7,9.73,9.95,450700.0,4431086.0,336268800.0,1520482726.35
sh600645,望春花,1999-04-15,9.74,9.9,9.58,9.59,9.73,392500.0,3810204.0,331430400.0,1498605277.05
sh600645,望春花,1999-04-16,9.61,9.93,9.5,9.8,9.59,286200.0,2779824.0,338688000.0,1531421451.0
sh600645,望春花,1999-04-19,9.78,9.78,9.68,9.7,9.8,208700.0,2028238.0,335232000.0,1515794701.5
sh600645,望春花,1999-04-20,9.71,10.0,9.71,9.85,9.7,171500.0,1683408.0,340416000.0,1539234825.75
sh600645,望春花,1999-04-21,9.89,9.9,9.55,9.57,9.85,181100.0,1745554.0,330739200.0,1495479927.15
sh600645,望春花,1999-04-22,9.5,9.57,9.28,9.31,9.57,318000.0,2976951.0,321753600.0,1454850378.45
sh600645,望春花,1999-04-23,9.33,9.45,9.33,9.36,9.31,156500.0,1471027.0,323481600.0,1462663753.2
sh600645,望春花,1999-04-26,9.4,9.44,8.92,8.95,9.36,244300.0,2237776.0,309312000.0,1398594080.25
sh600645,望春花,1999-04-27,8.98,8.98,8.64,8.64,8.95,194400.0,1715165.0,298598400.0,1350151156.8
sh600645,望春花,1999-04-28,8.7,8.9,8.66,8.69,8.64,230300.0,2012087.0,300326400.0,1357964531.55
sh600645,望春花,1999-04-29,8.7,8.98,8.7,8.95,8.69,126400.0,1118331.0,309312000.0,1398594080.25
sh600645,望春花,1999-04-30,9.0,9.14,8.9,9.0,8.95,108300.0,970570.0,311040000.0,1406407455.0
sh600645,望春花,1999-05-04,9.05,9.1,8.83,8.83,9.0,68600.0,613673.0,305164800.0,1379841980.85
sh600645,望春花,1999-05-05,8.81,8.96,8.71,8.96,8.83,77800.0,683165.0,309657600.0,1400156755.2
sh600645,望春花,1999-05-06,8.9,9.16,8.8,9.09,8.96,131800.0,1187804.0,314150400.0,1420471529.55
sh600645,望春花,1999-05-07,9.1,9.18,9.02,9.05,9.09,107800.0,978836.0,312768000.0,1414220829.75
sh600645,望春花,1999-05-10,8.85,8.85,8.51,8.52,9.05,179500.0,1557187.0,294451200.0,1331399057.4
sh600645,望春花,1999-05-11,8.6,8.68,8.58,8.66,8.52,93300.0,804310.0,299289600.0,1353276506.7
sh600645,望春花,1999-05-12,8.6,8.65,8.5,8.64,8.66,71400.0,614809.0,298598400.0,1350151156.8
sh600645,望春花,1999-05-13,8.64,9.38,8.64,8.99,8.64,508700.0,4632441.0,310694400.0,1404844780.05
sh600645,望春花,1999-05-14,8.91,9.04,8.63,8.73,8.99,159000.0,1397444.0,301708800.0,1364215231.35
sh600645,望春花,1999-05-17,8.73,8.85,8.6,8.77,8.73,109700.0,957754.0,303091200.0,1370465931.15
sh600645,望春花,1999-05-18,8.88,9.18,8.83,9.06,8.77,282800.0,2553013.0,313113600.0,1415783504.7
sh600645,望春花,1999-05-19,9.1,9.47,9.1,9.46,9.06,552000.0,5143194.0,326937600.0,1478290502.7
sh600645,望春花,1999-05-20,9.55,9.7,9.35,9.68,9.46,634000.0,6068389.0,334540800.0,1512669351.6
sh600645,望春花,1999-05-21,9.75,9.88,9.42,9.87,9.68,659900.0,6364459.0,341107200.0,1542360175.65
sh600645,望春花,1999-05-24,9.88,9.95,9.55,9.87,9.87,841600.0,8199074.0,341107200.0,1542360175.65
sh600645,望春花,1999-05-25,9.9,9.91,9.32,9.43,9.87,703900.0,6830928.0,325900800.0,1473602477.85
sh600645,望春花,1999-05-26,9.43,9.55,9.23,9.47,9.43,548700.0,5152507.0,327283200.0,1479853177.65
sh600645,望春花,1999-05-27,9.5,10.09,9.46,10.08,9.47,1064400.0,10353617.0,348364800.0,1575176349.6
sh600645,望春花,1999-05-28,10.1,10.18,9.53,9.57,10.08,629100.0,6131577.0,330739200.0,1495479927.15
sh600645,望春花,1999-05-31,9.5,9.78,9.25,9.35,9.57,738000.0,6991006.0,323136000.0,1461101078.25
sh600645,望春花,1999-06-01,9.6,9.8,9.41,9.8,9.35,700600.0,6769907.0,338688000.0,1531421451.0
sh600645,望春花,1999-06-02,9.8,10.19,9.75,9.86,9.8,1468800.0,14602188.0,340761600.0,1540797500.7
sh600645,望春花,1999-06-03,9.9,9.91,9.4,9.45,9.86,464100.0,4444026.0,326592000.0,1476727827.75
sh600645,望春花,1999-06-04,9.4,9.63,9.38,9.52,9.45,402700.0,3825201.0,329011200.0,1487666552.4
sh600645,望春花,1999-06-07,9.51,9.87,9.48,9.77,9.52,638200.0,6208868.0,337651200.0,1526733426.15
sh600645,望春花,1999-06-09,10.18,10.4,9.88,9.9,9.77,779600.0,7814680.0,342144000.0,1547048200.5
sh600645,望春花,1999-06-10,10.05,10.1,9.68,9.9,9.9,1089500.0,10735321.0,342144000.0,1547048200.5
sh600645,望春花,1999-06-11,9.88,10.2,9.8,10.0,9.9,1111700.0,11168509.0,345600000.0,1562674950.0
sh600645,望春花,1999-06-14,10.16,10.6,10.16,10.6,10.0,1404500.0,14586142.0,366336000.0,1656435447.0
sh600645,望春花,1999-06-15,10.8,10.98,9.6,9.6,10.6,1424600.0,14965152.0,331776000.0,1500167952.0
sh600645,望春花,1999-06-16,9.94,10.2,9.65,10.19,9.6,923500.0,9178107.0,352166400.0,1592365774.05
sh600645,望春花,1999-06-17,10.3,10.78,10.15,10.66,10.19,1625800.0,16873390.0,368409600.0,1665811496.7
sh600645,望春花,1999-06-18,10.61,11.2,10.3,11.08,10.66,3028500.0,32866003.0,382924800.0,1731443844.6
sh600645,望春花,1999-06-21,11.3,12.19,11.3,12.19,11.08,4148300.0,48908397.0,421286400.0,1904900764.05
sh600645,望春花,1999-06-22,12.3,12.9,11.8,12.77,12.19,4432400.0,54512246.0,441331200.0,1995535911.15
sh600645,望春花,1999-06-23,12.8,12.85,12.2,12.45,12.77,4150100.0,51684308.0,430272000.0,1945530312.75
sh600645,望春花,1999-06-24,12.48,12.75,12.22,12.5,12.45,2356100.0,29425275.0,432000000.0,1953343687.5
sh600645,望春花,1999-06-25,12.45,12.5,11.3,11.52,12.5,2662900.0,32184981.0,398131200.0,1800201542.4
sh600645,望春花,1999-06-28,11.6,12.61,11.45,12.55,11.52,2032800.0,24275734.0,433728000.0,1961157062.25
sh600645,望春花,1999-06-29,12.6,12.7,11.81,12.39,12.55,1813100.0,21927921.0,428198400.0,1936154263.05
sh600645,望春花,1999-06-30,12.34,12.34,11.51,11.6,12.39,1195900.0,14178270.0,400896000.0,1812702942.0
sh600645,望春花,1999-07-01,11.6,11.6,10.44,10.44,11.6,828000.0,8950598.0,360806400.0,1631432647.8
sh600645,望春花,1999-07-02,10.3,10.77,10.2,10.74,10.44,903500.0,9549298.0,371174400.0,1678312896.3
sh600645,望春花,1999-07-05,10.74,10.74,10.23,10.23,10.74,578000.0,6041295.0,353548800.0,1598616473.85
sh600645,望春花,1999-07-06,10.1,10.55,9.93,10.5,10.23,456100.0,4658905.0,362880000.0,1640808697.5
sh600645,望春花,1999-07-07,10.6,11.0,10.45,10.95,10.5,849700.0,9200737.0,378432000.0,1711129070.25
sh600645,望春花,1999-07-08,10.85,10.98,10.5,10.82,10.95,444200.0,4799715.0,373939200.0,1690814295.9
sh600645,望春花,1999-07-09,10.9,10.9,10.5,10.6,10.82,247200.0,2627303.0,366336000.0,1656435447.0
sh600645,望春花,1999-07-12,10.7,10.7,10.25,10.27,10.6,367000.0,3785668.0,354931200.0,1604867173.65
sh600645,望春花,1999-07-13,10.18,10.5,10.0,10.48,10.27,371700.0,3757982.0,362188800.0,1637683347.6
sh600645,望春花,1999-07-14,10.48,10.8,10.4,10.7,10.48,453400.0,4801037.0,369792000.0,1672062196.5
sh600645,望春花,1999-07-15,10.71,11.2,10.58,11.18,10.7,1148000.0,12691831.0,386380800.0,1747070594.1
sh600645,望春花,1999-07-16,11.19,11.56,10.71,11.21,11.18,1958300.0,21967318.0,387417600.0,1751758618.95
sh600645,望春花,1999-07-19,11.2,11.49,10.81,11.12,11.21,630472.0,7022130.0,384307200.0,1737694544.4
sh600645,望春花,1999-07-20,11.2,11.64,11.1,11.56,11.12,625300.0,7143000.0,399513600.0,1806452242.2
sh600645,望春花,1999-07-21,11.56,11.98,11.2,11.89,11.56,1013100.0,11830205.0,410918400.0,1858020515.55
sh600645,望春花,1999-07-22,11.79,11.79,11.21,11.21,11.89,612200.0,7041439.0,387417600.0,1751758618.95
sh600645,望春花,1999-07-23,11.15,11.47,11.08,11.23,11.21,249600.0,2813875.0,388108800.0,1754883968.85
sh600645,望春花,1999-07-26,11.23,11.32,11.1,11.25,11.23,271900.0,3046330.0,388800000.0,1758009318.75
sh600645,望春花,1999-07-27,11.25,11.79,11.25,11.4,11.25,257800.0,2950756.0,393984000.0,1781449443.0
sh600645,望春花,1999-07-28,11.26,11.58,11.0,11.28,11.4,269600.0,3072457.0,389836800.0,1762697343.6
sh600645,望春花,1999-07-29,11.45,11.5,11.15,11.2,11.28,200200.0,2258949.0,387072000.0,1750195944.0
sh600645,望春花,1999-07-30,11.17,11.2,11.0,11.07,11.2,261000.0,2891430.0,382579200.0,1729881169.65
sh600645,望春花,1999-08-02,11.1,11.45,11.1,11.3,11.07,241000.0,2722494.0,390528000.0,1765822693.5
sh600645,望春花,1999-08-03,11.3,11.78,11.3,11.73,11.3,639100.0,7403345.0,405388800.0,1833017716.35
sh600645,望春花,1999-08-04,11.85,11.93,11.2,11.86,11.73,846000.0,9893536.0,409881600.0,1853332490.7
sh600645,望春花,1999-08-05,11.86,11.86,11.3,11.6,11.86,731800.0,8442420.0,400896000.0,1812702942.0
sh600645,望春花,1999-08-06,11.55,11.8,11.31,11.74,11.6,698900.0,8123250.0,405734400.0,1834580391.3
sh600645,望春花,1999-08-09,11.95,12.44,11.94,12.08,11.74,1739800.0,21265795.0,417484800.0,1887711339.6
sh600645,望春花,1999-08-10,12.0,12.08,11.81,11.91,12.08,828600.0,9890614.0,411609600.0,1861145865.45
sh600645,望春花,1999-08-11,11.9,11.9,11.52,11.58,11.91,390900.0,4549649.0,400204800.0,1809577592.1
sh600645,望春花,1999-08-12,11.55,11.65,11.3,11.3,11.58,233000.0,2675230.0,390528000.0,1765822693.5
sh600645,望春花,1999-08-13,11.3,11.51,11.23,11.49,11.3,255500.0,2897199.0,397094400.0,1795513517.55
sh600645,望春花,1999-08-16,11.45,11.45,11.0,11.0,11.49,229800.0,2562764.0,380160000.0,1718942445.0
sh600645,望春花,1999-08-17,11.03,11.48,11.03,11.33,11.0,296200.0,3350370.0,391564800.0,1770510718.35
sh600645,望春花,1999-08-18,11.2,11.7,11.2,11.6,11.33,427100.0,4890434.0,400896000.0,1812702942.0
sh600645,望春花,1999-08-19,11.67,12.17,11.63,11.79,11.6,1326800.0,15825848.0,407462400.0,1842393766.05
sh600645,望春花,1999-08-20,11.79,12.1,11.23,11.83,11.79,1620500.0,19193852.0,408844800.0,1848644465.85
sh600645,望春花,1999-08-23,12.0,12.52,12.0,12.5,11.83,2238700.0,27769038.0,432000000.0,1953343687.5
sh600645,望春花,1999-08-24,12.71,12.78,12.2,12.28,12.5,1121700.0,13868601.0,424396800.0,1918964838.6
sh600645,望春花,1999-08-25,12.45,12.45,11.95,12.15,12.28,799400.0,9737000.0,419904000.0,1898650064.25
sh600645,望春花,1999-08-26,12.1,12.45,12.0,12.45,12.15,767400.0,9398991.0,430272000.0,1945530312.75
sh600645,望春花,1999-08-27,12.5,12.5,12.15,12.34,12.45,720700.0,8882934.0,426470400.0,1928340888.3
sh600645,望春花,1999-08-30,12.45,12.6,12.18,12.2,12.34,494400.0,6126279.0,421632000.0,1906463439.0
sh600645,望春花,1999-08-31,12.22,12.45,12.0,12.2,12.2,295100.0,3595000.0,421632000.0,1906463439.0
sh600645,望春花,1999-09-01,12.08,12.3,11.88,11.88,12.2,285500.0,3426656.0,410572800.0,1856457840.6
sh600645,望春花,1999-09-02,11.81,11.95,11.6,11.8,11.88,281500.0,3302207.0,407808000.0,1843956441.0
sh600645,望春花,1999-09-03,11.8,11.97,11.65,11.8,11.8,149600.0,1762506.0,407808000.0,1843956441.0
sh600645,望春花,1999-09-06,11.8,11.8,11.48,11.58,11.8,149300.0,1732454.0,400204800.0,1809577592.1
sh600645,望春花,1999-09-07,11.54,11.93,11.54,11.74,11.58,163700.0,1927394.0,405734400.0,1834580391.3
sh600645,望春花,1999-09-08,11.74,11.93,11.66,11.89,11.74,131800.0,1560985.0,410918400.0,1858020515.55
sh600645,望春花,1999-09-09,11.9,12.33,11.9,12.25,11.89,582700.0,7113749.0,423360000.0,1914276813.75
sh600645,望春花,1999-09-10,12.28,12.44,11.88,12.15,12.25,631600.0,7617211.0,419904000.0,1898650064.25
sh600645,望春花,1999-09-13,12.15,12.55,12.06,12.5,12.15,1023500.0,12741922.0,432000000.0,1953343687.5
sh600645,望春花,1999-09-14,12.5,12.8,12.36,12.62,12.5,1281100.0,16165958.0,436147200.0,1972095786.9
sh600645,望春花,1999-09-15,12.62,12.62,12.2,12.27,12.62,291400.0,3606511.0,424051200.0,1917402163.65
sh600645,望春花,1999-09-16,12.2,12.45,12.15,12.34,12.27,431800.0,5313138.0,426470400.0,1928340888.3
sh600645,望春花,1999-09-17,12.3,12.3,12.04,12.08,12.34,252400.0,3070652.0,417484800.0,1887711339.6
sh600645,望春花,1999-09-20,12.08,12.5,12.08,12.38,12.08,700800.0,8690867.0,427852800.0,1934591588.1
sh600645,望春花,1999-09-21,12.38,12.45,12.18,12.35,12.38,123400.0,1516107.0,426816000.0,1929903563.25
sh600645,望春花,1999-09-22,12.3,12.75,12.25,12.29,12.35,337500.0,4242000.0,424742400.0,1920527513.55
sh600645,望春花,1999-09-23,12.25,12.25,11.9,11.94,12.29,162900.0,1959000.0,412646400.0,1865833890.3
sh600645,望春花,1999-09-24,12.08,12.28,11.94,12.15,11.94,122500.0,1476599.0,419904000.0,1898650064.25
sh600645,望春花,1999-09-27,12.49,12.49,11.9,12.38,12.15,216900.0,2621547.0,427852800.0,1934591588.1
sh600645,望春花,1999-09-28,12.37,12.37,11.93,12.2,12.38,83700.0,1017761.0,421632000.0,1906463439.0
sh600645,望春花,1999-09-29,12.18,12.29,11.85,11.85,12.2,142154.0,1700541.0,409536000.0,1851769815.75
sh600645,望春花,1999-09-30,12.08,12.08,11.7,11.76,11.85,103600.0,1223988.0,406425600.0,1837705741.2
sh600645,望春花,1999-10-08,11.62,11.97,11.01,11.01,11.76,441500.0,4936030.0,380505600.0,1720505119.95
sh600645,望春花,1999-10-11,11.3,11.3,10.58,10.67,11.01,398000.0,4294410.0,368755200.0,1667374171.65
sh600645,望春花,1999-10-12,10.9,11.18,10.7,11.18,10.67,118100.0,1294977.0,386380800.0,1747070594.1
sh600645,望春花,1999-10-13,11.05,11.23,10.85,11.18,11.18,143600.0,1586261.0,386380800.0,1747070594.1
sh600645,望春花,1999-10-14,10.9,11.25,10.7,11.18,11.18,129000.0,1431040.0,386380800.0,1747070594.1
sh600645,望春花,1999-10-15,11.18,11.74,10.75,11.48,11.18,167400.0,1914312.0,396748800.0,1793950842.6
sh600645,望春花,1999-10-18,11.5,11.7,11.15,11.25,11.48,150800.0,1731247.0,388800000.0,1758009318.75
sh600645,望春花,1999-10-19,11.05,11.29,11.0,11.19,11.25,95500.0,1065289.0,386726400.0,1748633269.05
sh600645,望春花,1999-10-20,11.18,11.6,11.1,11.6,11.19,120900.0,1374000.0,400896000.0,1812702942.0
sh600645,望春花,1999-10-21,11.47,11.55,11.2,11.36,11.6,100600.0,1148001.0,392601600.0,1775198743.2
sh600645,望春花,1999-10-22,11.3,11.69,11.3,11.59,11.36,161300.0,1868561.0,400550400.0,1811140267.05
sh600645,望春花,1999-10-25,11.55,11.55,11.17,11.18,11.59,42600.0,479087.0,386380800.0,1747070594.1
sh600645,望春花,1999-10-26,11.28,11.49,11.12,11.37,11.18,47200.0,533212.0,392947200.0,1776761418.15
sh600645,望春花,1999-10-27,11.52,11.68,11.4,11.63,11.37,234400.0,2709434.0,401932800.0,1817390966.85
sh600645,望春花,1999-10-28,11.56,11.6,11.23,11.32,11.63,116500.0,1331465.0,391219200.0,1768948043.4
sh600645,望春花,1999-10-29,11.3,11.54,10.9,11.25,11.32,288600.0,3193434.0,388800000.0,1758009318.75
sh600645,望春花,1999-11-01,11.06,11.49,11.0,11.4,11.25,460800.0,5161800.0,393984000.0,1781449443.0
sh600645,望春花,1999-11-02,11.34,11.43,11.17,11.28,11.4,44500.0,501734.0,389836800.0,1762697343.6
sh600645,望春花,1999-11-03,11.28,11.3,11.08,11.08,11.28,22100.0,247711.0,382924800.0,1731443844.6
sh600645,望春花,1999-11-04,11.0,11.1,10.85,10.9,11.08,73900.0,807875.0,376704000.0,1703315695.5
sh600645,望春花,1999-11-05,10.9,11.25,10.7,10.8,10.9,163200.0,1771999.0,373248000.0,1687688946.0
sh600645,望春花,1999-11-08,10.72,10.98,10.6,10.78,10.8,77900.0,842310.0,372556800.0,1684563596.1
sh600645,望春花,1999-11-09,10.82,10.82,10.68,10.79,10.78,62200.0,666483.0,372902400.0,1686126271.05
sh600645,望春花,1999-11-10,10.77,10.94,10.5,10.81,10.79,90300.0,959959.0,373593600.0,1689251620.95
sh600645,望春花,1999-11-11,10.66,10.88,10.5,10.55,10.81,85800.0,910667.0,364608000.0,1648622072.25
sh600645,望春花,1999-11-12,10.6,10.81,10.6,10.62,10.55,43200.0,460740.0,367027200.0,1659560796.9
sh600645,望春花,1999-11-15,10.8,11.2,10.62,11.1,10.62,153800.0,1696275.0,383616000.0,1734569194.5
sh600645,望春花,1999-11-16,11.35,11.48,11.2,11.37,11.1,386200.0,4381125.0,392947200.0,1776761418.15
sh600645,望春花,1999-11-17,11.3,11.61,11.08,11.54,11.37,449100.0,5152744.0,398822400.0,1803326892.3
sh600645,望春花,1999-11-18,11.38,11.75,11.3,11.65,11.54,532800.0,6184457.0,402624000.0,1820516316.75
sh600645,望春花,1999-11-19,11.63,11.7,11.4,11.52,11.65,248400.0,2867772.0,398131200.0,1800201542.4
sh600645,望春花,1999-11-22,11.3,11.55,11.3,11.52,11.52,124600.0,1424217.0,398131200.0,1800201542.4
sh600645,望春花,1999-11-23,11.54,11.7,11.2,11.48,11.52,155000.0,1763507.0,396748800.0,1793950842.6
sh600645,望春花,1999-11-24,11.54,11.55,11.2,11.25,11.48,62800.0,709202.0,388800000.0,1758009318.75
sh600645,望春花,1999-11-25,11.25,11.25,11.1,11.1,11.25,33700.0,375523.0,383616000.0,1734569194.5
sh600645,望春花,1999-11-26,11.1,11.37,11.06,11.19,11.1,91500.0,1029264.0,386726400.0,1748633269.05
sh600645,望春花,1999-11-29,11.18,11.5,11.1,11.35,11.19,111800.0,1273842.0,392256000.0,1773636068.25
sh600645,望春花,1999-11-30,11.48,11.71,11.4,11.65,11.35,431300.0,5011914.0,402624000.0,1820516316.75
sh600645,望春花,1999-12-01,11.7,11.84,11.65,11.75,11.65,511600.0,6012602.0,406080000.0,1836143066.25
sh600645,望春花,1999-12-02,11.75,11.91,11.5,11.8,11.75,855500.0,10073860.0,407808000.0,1843956441.0
sh600645,望春花,1999-12-03,11.79,11.89,11.59,11.68,11.8,267500.0,3145376.0,403660800.0,1825204341.6
sh600645,望春花,1999-12-06,11.68,11.78,11.48,11.58,11.68,197500.0,2297413.0,400204800.0,1809577592.1
sh600645,望春花,1999-12-07,11.58,11.69,11.41,11.43,11.58,71300.0,821199.0,395020800.0,1786137467.85
sh600645,望春花,1999-12-08,11.43,11.6,11.36,11.51,11.43,62800.0,719641.0,397785600.0,1798638867.45
sh600645,望春花,1999-12-09,11.46,11.68,11.36,11.6,11.51,85600.0,982005.0,400896000.0,1812702942.0
sh600645,望春花,1999-12-10,11.6,11.66,11.46,11.57,11.6,72700.0,840590.0,399859200.0,1808014917.15
sh600645,望春花,1999-12-13,11.57,11.57,11.27,11.47,11.57,87400.0,993889.0,396403200.0,1792388167.65
sh600645,望春花,1999-12-14,11.47,11.5,11.27,11.41,11.47,79200.0,901576.0,394329600.0,1783012117.95
sh600645,望春花,1999-12-15,11.41,11.75,11.29,11.64,11.41,346300.0,4025893.0,402278400.0,1818953641.8
sh600645,望春花,1999-12-16,11.64,11.64,11.28,11.28,11.64,118400.0,1351458.0,389836800.0,1762697343.6
sh600645,望春花,1999-12-17,11.49,11.49,11.28,11.4,11.28,62300.0,706355.0,393984000.0,1781449443.0
sh600645,望春花,1999-12-21,11.3,11.3,10.78,10.95,11.4,127000.0,1394009.0,378432000.0,1711129070.25
sh600645,望春花,1999-12-22,10.91,10.91,10.65,10.8,10.95,67800.0,733609.0,373248000.0,1687688946.0
sh600645,望春花,1999-12-23,10.76,10.85,10.65,10.65,10.8,57400.0,617828.0,368064000.0,1664248821.75
sh600645,望春花,1999-12-24,10.6,10.9,10.56,10.68,10.65,153700.0,1638183.0,369100800.0,1668936846.6
sh600645,望春花,1999-12-27,10.75,10.96,10.5,10.85,10.68,239100.0,2578805.0,374976000.0,1695502320.75
sh600645,望春花,1999-12-28,10.8,10.94,10.72,10.77,10.85,110300.0,1193924.0,372211200.0,1683000921.15
sh600645,望春花,1999-12-29,10.61,11.1,10.61,11.09,10.77,97000.0,1052406.0,383270400.0,1733006519.55
sh600645,望春花,1999-12-30,11.1,11.28,10.7,11.2,11.09,130400.0,1458718.0,387072000.0,1750195944.0
sh600645,望春花,2000-01-04,11.18,11.5,10.71,11.3,11.2,204300.0,2303231.0,390528000.0,1765822693.5
sh600645,望春花,2000-01-05,11.1,11.38,11.03,11.3,11.3,93800.0,1055891.0,390528000.0,1765822693.5
sh600645,望春花,2000-01-06,11.1,11.4,11.0,11.4,11.3,235700.0,2644961.0,393984000.0,1781449443.0
sh600645,望春花,2000-01-07,11.72,11.81,11.4,11.73,11.4,621900.0,7236141.0,405388800.0,1833017716.35
sh600645,望春花,2000-01-10,11.8,12.1,11.5,11.95,11.73,1249500.0,14804420.0,412992000.0,1867396565.25
sh600645,望春花,2000-01-11,11.96,11.96,11.36,11.5,11.95,517400.0,6007003.0,397440000.0,1797076192.5
sh600645,望春花,2000-01-12,11.58,11.58,10.58,11.08,11.5,637200.0,6984788.0,382924800.0,1731443844.6
sh600645,望春花,2000-01-13,11.0,11.25,10.8,11.14,11.08,153100.0,1693155.0,384998400.0,1740819894.3
sh600645,望春花,2000-01-14,11.18,11.35,10.95,11.25,11.14,534300.0,6024204.0,388800000.0,1758009318.75
sh600645,望春花,2000-01-17,11.3,11.61,11.0,11.5,11.25,590700.0,6793072.0,397440000.0,1797076192.5
sh600645,望春花,2000-01-18,11.5,11.5,11.0,11.18,11.5,469600.0,5226021.0,386380800.0,1747070594.1
sh600645,望春花,2000-01-19,11.24,11.24,10.8,11.0,11.18,272700.0,2975564.0,380160000.0,1718942445.0
sh600645,望春花,2000-01-20,11.1,11.26,10.88,11.0,11.0,282000.0,3108445.0,380160000.0,1718942445.0
sh600645,望春花,2000-01-21,11.0,11.3,10.9,11.1,11.0,514700.0,5691628.0,383616000.0,1734569194.5
sh600645,望春花,2000-01-24,11.0,11.21,10.8,11.15,11.1,619000.0,6777747.0,385344000.0,1742382569.25
sh600645,望春花,2000-01-25,11.14,11.28,10.9,11.28,11.15,378200.0,4171940.0,389836800.0,1762697343.6
sh600645,望春花,2000-01-26,11.28,11.44,11.1,11.3,11.28,379600.0,4275583.0,390528000.0,1765822693.5
sh600645,望春花,2000-01-27,11.3,11.39,10.81,11.06,11.3,676500.0,7457030.0,382233600.0,1728318494.7
sh600645,望春花,2000-01-28,11.3,11.6,10.85,10.95,11.06,981800.0,11007192.0,378432000.0,1711129070.25
sh600645,望春花,2000-02-14,11.08,11.86,10.98,11.86,10.95,1214700.0,13948000.0,409881600.0,1853332490.7
sh600645,望春花,2000-02-15,11.87,12.34,11.4,11.7,11.86,2146000.0,25448921.0,404352000.0,1828329691.5
sh600645,望春花,2000-02-16,11.65,12.18,11.63,12.1,11.7,2043600.0,24362501.0,418176000.0,1890836689.5
sh600645,望春花,2000-02-17,12.4,12.7,11.75,11.9,12.1,2604200.0,31540778.0,411264000.0,1859583190.5
sh600645,望春花,2000-02-18,11.89,11.89,11.4,11.7,11.9,692000.0,8033230.0,404352000.0,1828329691.5
sh600645,望春花,2000-02-21,11.78,12.5,11.78,12.38,11.7,2025000.0,24809946.0,427852800.0,1934591588.1
sh600645,望春花,2000-02-22,12.48,12.7,11.79,11.9,12.38,1160900.0,14166427.0,411264000.0,1859583190.5
sh600645,望春花,2000-02-23,11.81,11.9,11.45,11.78,11.9,701400.0,8184589.0,407116800.0,1840831091.1
sh600645,望春花,2000-02-24,11.58,12.09,11.58,11.9,11.78,387600.0,4602334.0,411264000.0,1859583190.5
sh600645,望春花,2000-02-25,11.7,11.85,11.6,11.8,11.9,430000.0,5028001.0,407808000.0,1843956441.0
sh600645,望春花,2000-02-28,12.01,12.05,11.71,11.86,11.8,711400.0,8472664.0,409881600.0,1853332490.7
sh600645,望春花,2000-02-29,11.88,12.44,11.83,12.35,11.86,2477200.0,30176239.0,426816000.0,1929903563.25
sh600645,望春花,2000-03-01,12.45,12.8,12.18,12.42,12.35,2150000.0,26907266.0,429235200.0,1940842287.9
sh600645,望春花,2000-03-02,12.43,13.66,12.43,13.66,12.42,6704300.0,89103784.0,472089600.0,2134613981.7
sh600645,望春花,2000-03-03,13.7,13.85,13.2,13.39,13.66,3425700.0,46083458.0,462758400.0,2092421758.05
sh600645,望春花,2000-03-06,13.4,13.7,12.38,12.99,13.39,1861000.0,24423255.0,448934400.0,2029914760.05
sh600645,望春花,2000-03-07,12.61,12.8,12.21,12.7,12.99,908500.0,11362930.0,438912000.0,1984597186.5
sh600645,望春花,2000-03-08,12.6,12.94,12.4,12.85,12.7,709100.0,8981286.0,444096000.0,2008037310.75
sh600645,望春花,2000-03-09,12.85,13.2,12.68,13.18,12.85,865100.0,11137132.0,455500800.0,2059605584.1
sh600645,望春花,2000-03-10,13.18,13.2,12.44,12.7,13.18,999200.0,12778233.0,438912000.0,1984597186.5
sh600645,望春花,2000-03-13,12.7,13.5,12.7,13.25,12.7,1234400.0,16321007.0,457920000.0,2070544308.75
sh600645,望春花,2000-03-14,12.65,12.92,11.93,12.13,13.25,2560900.0,31275084.0,419212800.0,1895524714.35
sh600645,望春花,2000-03-15,12.11,12.13,11.01,11.95,12.13,2068300.0,24229824.0,412992000.0,1867396565.25
sh600645,望春花,2000-03-16,11.78,11.78,11.09,11.48,11.95,751300.0,8507742.0,396748800.0,1793950842.6
sh600645,望春花,2000-03-17,11.39,11.95,11.22,11.6,11.48,605800.0,7005078.0,400896000.0,1812702942.0
sh600645,望春花,2000-03-20,11.3,11.52,11.18,11.42,11.6,745000.0,8412140.0,394675200.0,1784574792.9
sh600645,望春花,2000-03-21,11.42,11.73,11.35,11.5,11.42,590200.0,6808195.0,397440000.0,1797076192.5
sh600645,望春花,2000-03-22,11.5,11.65,11.47,11.53,11.5,494600.0,5691486.0,398476800.0,1801764217.35
sh600645,望春花,2000-03-23,11.5,11.85,11.49,11.62,11.53,589200.0,6834303.0,401587200.0,1815828291.9
sh600645,望春花,2000-03-24,11.68,11.72,11.3,11.37,11.62,744700.0,8515439.0,392947200.0,1776761418.15
sh600645,望春花,2000-03-27,11.3,11.8,11.15,11.75,11.37,827900.0,9476686.0,406080000.0,1836143066.25
sh600645,望春花,2000-03-28,11.8,11.81,11.4,11.58,11.75,953200.0,10980653.0,400204800.0,1809577592.1
sh600645,望春花,2000-03-29,11.58,12.04,11.52,11.86,11.58,1352900.0,16025645.0,409881600.0,1853332490.7
sh600645,望春花,2000-03-30,11.86,12.16,11.72,12.02,11.86,1110100.0,13313856.0,415411200.0,1878335289.9
sh600645,望春花,2000-03-31,12.05,12.05,11.55,11.75,12.02,961100.0,11387162.0,406080000.0,1836143066.25
sh600645,望春花,2000-04-03,11.75,12.48,11.61,12.17,11.75,1963800.0,23931533.0,420595200.0,1901775414.15
sh600645,望春花,2000-04-04,12.0,12.15,11.8,12.0,12.17,1191900.0,14263463.0,414720000.0,1875209940.0
sh600645,望春花,2000-04-05,11.98,12.38,11.98,12.15,12.0,763000.0,9283153.0,419904000.0,1898650064.25
sh600645,望春花,2000-04-06,12.16,12.38,12.15,12.34,12.15,623700.0,7660633.0,426470400.0,1928340888.3
sh600645,望春花,2000-04-07,12.35,12.58,12.24,12.27,12.34,781800.0,9668839.0,424051200.0,1917402163.65
sh600645,望春花,2000-04-10,12.31,12.48,12.0,12.3,12.27,902600.0,11023980.0,425088000.0,1922090188.5
sh600645,望春花,2000-04-11,12.29,12.29,12.06,12.15,12.3,507900.0,6161872.0,419904000.0,1898650064.25
sh600645,望春花,2000-04-12,12.15,12.25,11.8,11.83,12.15,959500.0,11544170.0,408844800.0,1848644465.85
sh600645,望春花,2000-04-13,11.8,12.18,11.8,12.0,11.83,795000.0,9517855.0,414720000.0,1875209940.0
sh600645,望春花,2000-04-14,12.0,12.44,11.86,12.3,12.0,896400.0,10900306.0,425088000.0,1922090188.5
sh600645,望春花,2000-04-17,12.52,13.3,12.52,12.99,12.3,4237300.0,54634302.0,448934400.0,2029914760.05
sh600645,望春花,2000-04-18,13.3,13.3,12.7,12.9,12.99,2244700.0,29185874.0,445824000.0,2015850685.5
sh600645,望春花,2000-04-19,13.0,13.1,12.85,12.98,12.9,993000.0,12836296.0,448588800.0,2028352085.1
sh600645,望春花,2000-04-20,13.0,13.2,12.8,12.95,12.98,1235400.0,16031065.0,447552000.0,2023664060.25
sh600645,望春花,2000-04-21,12.96,13.38,12.88,13.05,12.95,2117200.0,27825331.0,451008000.0,2039290809.75
sh600645,望春花,2000-04-24,13.15,13.32,13.01,13.18,13.05,1569900.0,20689836.0,455500800.0,2059605584.1
sh600645,望春花,2000-04-25,13.05,13.2,12.8,13.04,13.18,669900.0,8667684.0,450662400.0,2037728134.8
sh600645,望春花,2000-04-26,13.03,13.18,12.8,12.85,13.04,1038800.0,13460352.0,444096000.0,2008037310.75
sh600645,望春花,2000-04-27,12.9,12.95,12.38,12.54,12.85,991200.0,12421643.0,433382400.0,1959594387.3
sh600645,望春花,2000-04-28,12.5,12.85,12.33,12.65,12.54,423300.0,5328150.0,437184000.0,1976783811.75
sh600645,望春花,2000-05-08,12.68,12.75,12.5,12.59,12.65,419100.0,5281798.0,435110400.0,1967407762.05
sh600645,望春花,2000-05-09,12.55,13.3,12.5,13.0,12.59,1779800.0,23209939.0,449280000.0,2031477435.0
sh600645,望春花,2000-05-10,12.98,13.2,12.65,13.0,13.0,816700.0,10581817.0,449280000.0,2031477435.0
sh600645,望春花,2000-05-11,13.02,13.58,12.99,13.2,13.0,2610900.0,34860457.0,456192000.0,2062730934.0
sh600645,望春花,2000-05-12,13.26,13.77,13.15,13.59,13.2,2461300.0,33137015.0,469670400.0,2123675257.05
sh600645,望春花,2000-05-15,13.65,13.97,13.3,13.37,13.59,2069200.0,28223628.0,462067200.0,2089296408.15
sh600645,望春花,2000-05-16,13.35,14.35,13.35,14.2,13.37,2735500.0,38242167.0,490752000.0,2218998429.0
sh600645,望春花,2000-05-17,14.2,14.3,13.85,14.02,14.2,1879800.0,26453535.0,484531200.0,2190870279.9
sh600645,望春花,2000-05-18,14.02,15.1,14.02,14.74,14.02,3655000.0,53726253.0,509414400.0,2303382876.3
sh600645,望春花,2000-05-19,14.78,14.95,14.56,14.76,14.74,1912200.0,28298086.0,510105600.0,2306508226.2
sh600645,望春花,2000-05-22,15.0,15.95,14.6,15.52,14.76,5295200.0,81824561.0,536371200.0,2425271522.4
sh600645,望春花,2000-05-23,15.4,15.98,15.01,15.85,15.52,2377800.0,37019146.0,547776000.0,2476839795.75
sh600645,望春花,2000-05-24,15.8,15.85,15.05,15.8,15.85,3251400.0,50120847.0,546048000.0,2469026421.0
sh600645,望春花,2000-05-25,15.7,15.7,15.13,15.2,15.8,1900300.0,29098230.0,525312000.0,2375265924.0
sh600645,望春花,2000-05-26,15.12,15.28,14.53,14.93,15.2,2399300.0,35689115.0,515980800.0,2333073700.35
sh600645,望春花,2000-05-29,14.9,15.68,14.9,15.66,14.93,2886400.0,44701268.0,541209600.0,2447148971.7
sh600645,望春花,2000-05-30,15.7,15.85,15.25,15.66,15.66,1805300.0,28097355.0,541209600.0,2447148971.7
sh600645,望春花,2000-05-31,15.66,16.3,15.35,15.4,15.66,2583200.0,41088699.0,532224000.0,2406519423.0
sh600645,望春花,2000-06-01,15.4,15.5,15.11,15.35,15.4,888900.0,13615047.0,530496000.0,2398706048.25
sh600645,望春花,2000-06-02,15.3,15.75,15.2,15.21,15.35,976500.0,15031324.0,525657600.0,2376828598.95
sh600645,望春花,2000-06-05,15.0,15.38,14.92,14.96,15.21,1323000.0,19911693.0,517017600.0,2337761725.2
sh600645,望春花,2000-06-06,14.95,15.4,14.8,15.28,14.96,561200.0,8483222.0,528076800.0,2387767323.6
sh600645,望春花,2000-06-07,15.28,15.49,15.05,15.38,15.28,564600.0,8659858.0,531532800.0,2403394073.1
sh600645,望春花,2000-06-08,15.38,15.8,15.3,15.5,15.38,919100.0,14320279.0,535680000.0,2422146172.5
sh600645,望春花,2000-06-09,15.46,15.95,15.4,15.95,15.5,1418600.0,22293679.0,551232000.0,2492466545.25
sh600645,望春花,2000-06-12,15.86,16.93,15.86,16.5,15.95,2447100.0,40289058.0,570240000.0,2578413667.5
sh600645,望春花,2000-06-13,16.52,16.74,16.19,16.69,16.5,1392600.0,22847995.0,576806400.0,2608104491.55
sh600645,望春花,2000-06-14,16.7,17.2,16.36,17.2,16.69,1667500.0,27933538.0,594432000.0,2687800914.0
sh600645,望春花,2000-06-15,17.2,17.6,16.8,17.11,17.2,1368000.0,23544566.0,591321600.0,2673736839.45
sh600645,望春花,2000-06-16,17.11,17.11,16.6,16.85,17.11,1174500.0,19816809.0,582336000.0,2633107290.75
sh600645,望春花,2000-06-19,16.8,17.8,16.7,17.72,16.85,1793700.0,31112395.0,612403200.0,2769060011.4
sh600645,望春花,2000-06-20,17.72,17.99,17.5,17.88,17.72,1257300.0,22380082.0,617932800.0,2794062810.6
sh600645,望春花,2000-06-21,17.75,17.98,16.9,17.49,17.88,1630600.0,28068443.0,604454400.0,2733118487.55
sh600645,望春花,2000-06-22,17.4,18.3,17.25,17.35,17.49,2101800.0,37211758.0,599616000.0,2711241038.25
sh600645,望春花,2000-06-23,17.35,17.69,17.19,17.64,17.35,1215200.0,21143429.0,609638400.0,2756558611.8
sh600645,望春花,2000-06-26,17.19,17.39,16.4,16.91,17.64,1872700.0,31305027.0,584409600.0,2642483340.45
sh600645,望春花,2000-06-27,16.91,17.0,15.95,16.2,16.91,1954700.0,31854192.0,559872000.0,2531533419.0
sh600645,望春花,2000-06-29,15.92,16.5,15.91,16.45,16.2,781500.0,12711367.0,568512000.0,2570600292.75
sh600645,望春花,2000-06-30,16.45,16.65,15.62,15.7,16.45,1673000.0,26994766.0,542592000.0,2453399671.5
sh600645,望春花,2000-07-03,15.2,16.35,15.03,16.12,15.7,6040400.0,95281969.0,988915252.0,2519032019.4
sh600645,望春花,2000-07-04,16.0,16.77,15.88,16.77,16.12,2036400.0,33667306.0,1028790867.0,2620605891.15
sh600645,望春花,2000-07-05,16.77,17.05,16.52,16.75,16.77,1471700.0,24748433.0,1027563925.0,2617480541.25
sh600645,望春花,2000-07-06,16.65,17.0,16.5,16.98,16.75,742900.0,12524306.0,1041673758.0,2653422065.1
sh600645,望春花,2000-07-07,16.95,17.47,16.95,17.27,16.98,1064000.0,18403621.0,1059464417.0,2698739638.65
sh600645,望春花,2000-07-10,17.3,17.7,17.01,17.28,17.27,685400.0,11778504.0,1060077888.0,2700302313.6
sh600645,望春花,2000-07-11,17.2,17.47,16.92,17.0,17.28,814800.0,13968664.0,1042900700.0,2656547415.0
sh600645,望春花,2000-07-12,17.0,17.33,16.67,17.11,17.0,887300.0,14998214.0,1049648881.0,2673736839.45
sh600645,望春花,2000-07-13,17.14,17.41,16.82,17.12,17.11,711000.0,12115104.0,1050262352.0,2675299514.4
sh600645,望春花,2000-07-14,17.2,17.2,16.85,17.01,17.12,451900.0,7694606.0,1043514171.0,2658110089.95
sh600645,望春花,2000-07-17,17.0,17.26,16.8,17.11,17.01,648900.0,11052876.0,1049648881.0,2673736839.45
sh600645,望春花,2000-07-18,17.11,17.7,17.0,17.47,17.11,920000.0,16092810.0,1071733837.0,2729993137.65
sh600645,望春花,2000-07-19,17.28,17.9,17.28,17.9,17.47,1056700.0,18659357.0,1098113090.0,2797188160.5
sh600645,望春花,2000-07-20,18.0,19.38,18.0,19.05,17.9,3298900.0,62099704.0,1168662255.0,2976895779.75
sh600645,望春花,2000-07-21,19.2,19.68,18.8,19.41,19.05,1956900.0,37710844.0,1190747211.0,3033152077.95
sh600645,望春花,2000-07-24,19.45,19.6,18.95,19.13,19.41,837000.0,16028516.0,1173570023.0,2989397179.35
sh600645,望春花,2000-07-25,19.0,19.15,18.66,19.1,19.13,1128400.0,21377542.0,1171729610.0,2984709154.5
sh600645,望春花,2000-07-26,19.01,19.45,18.86,19.39,19.1,1198300.0,23082344.0,1189520269.0,3030026728.05
sh600645,望春花,2000-07-27,19.4,19.4,18.9,19.2,19.39,861400.0,16446803.0,1177864320.0,3000335904.0
sh600645,望春花,2000-07-28,19.1,19.18,18.8,18.85,19.2,490500.0,9288901.0,1156392835.0,2945642280.75
sh600645,望春花,2000-07-31,18.66,18.91,18.66,18.9,18.85,744200.0,13990769.0,1159460190.0,2953455655.5
sh600645,望春花,2000-08-01,19.01,19.4,18.9,19.37,18.9,1557600.0,29840049.0,1188293327.0,3026901378.15
sh600645,望春花,2000-08-02,19.45,19.9,19.35,19.88,19.37,2396100.0,47204019.0,1219580348.0,3106597800.6
sh600645,望春花,2000-08-03,19.88,20.15,19.72,20.11,19.88,2216400.0,44415417.0,1233690181.0,3142539324.45
sh600645,望春花,2000-08-04,20.11,20.8,19.9,20.79,20.11,3460300.0,70797177.0,1275406209.0,3248801221.05
sh600645,望春花,2000-08-07,20.85,21.3,20.5,21.09,20.79,3540600.0,74410340.0,1293810339.0,3295681469.55
sh600645,望春花,2000-08-08,20.0,21.35,19.0,19.7,21.09,3127000.0,62108486.0,1208537870.0,3078469651.5
sh600645,望春花,2000-08-09,19.5,19.52,18.85,19.35,19.7,2298700.0,44164087.0,1187066385.0,3023776028.25
sh600645,望春花,2000-08-10,19.3,19.8,19.15,19.26,19.35,1008300.0,19517641.0,1181545146.0,3009711953.7
sh600645,望春花,2000-08-11,19.2,19.6,19.11,19.39,19.26,878600.0,16993953.0,1189520269.0,3030026728.05
sh600645,望春花,2000-08-14,19.4,19.5,19.19,19.49,19.39,644800.0,12457771.0,1195654979.0,3045653477.55
sh600645,望春花,2000-08-15,19.5,19.73,19.35,19.47,19.49,457400.0,8919930.0,1194428037.0,3042528127.65
sh600645,望春花,2000-08-16,19.46,19.89,18.34,18.7,19.47,1614900.0,30975782.0,1147190770.0,2922202156.5
sh600645,望春花,2000-08-17,18.6,18.65,18.2,18.47,18.7,965500.0,17815106.0,1133080937.0,2886260632.65
sh600645,望春花,2000-08-18,18.47,20.2,18.2,19.92,18.47,1511800.0,29782115.0,1222034232.0,3112848500.4
sh600645,望春花,2000-08-21,20.0,20.8,20.0,20.49,19.92,1654900.0,33879887.0,1257002079.0,3201920972.55
sh600645,望春花,2000-08-22,20.5,20.65,20.01,20.01,20.49,925700.0,18784480.0,1227555471.0,3126912574.95
sh600645,望春花,2000-08-23,19.7,20.05,19.0,19.85,20.01,1040000.0,20495581.0,1217739935.0,3101909775.75
sh600645,望春花,2000-08-24,19.88,19.9,19.5,19.68,19.85,460100.0,9071413.0,1207310928.0,3075344301.6
sh600645,望春花,2000-08-25,19.68,19.9,19.68,19.8,19.68,244200.0,4835193.0,1214672580.0,3094096401.0
sh600645,望春花,2000-08-28,19.88,20.23,19.88,20.07,19.8,484800.0,9697807.0,1231236297.0,3136288624.65
sh600645,望春花,2000-08-29,20.15,20.65,20.01,20.38,20.07,637000.0,12978224.0,1250253898.0,3184731548.1
sh600645,望春花,2000-08-30,20.4,20.4,19.73,19.73,20.38,439100.0,8770548.0,1210378283.0,3083157676.35
sh600645,望春花,2000-08-31,19.6,19.6,19.0,19.2,19.73,479100.0,9253623.0,1177864320.0,3000335904.0
sh600645,望春花,2000-09-01,19.15,19.38,19.0,19.1,19.2,455900.0,8727302.0,1171729610.0,2984709154.5
sh600645,望春花,2000-09-04,19.05,19.51,18.85,19.51,19.1,730700.0,13920810.0,1196881921.0,3048778827.45
sh600645,望春花,2000-09-05,19.68,19.77,19.3,19.3,19.51,312200.0,6095636.0,1183999030.0,3015962653.5
sh600645,望春花,2000-09-06,19.18,19.47,19.1,19.2,19.3,237430.0,4566294.0,1177864320.0,3000335904.0
sh600645,望春花,2000-09-07,19.21,19.6,19.17,19.5,19.2,286500.0,5550935.0,1196268450.0,3047216152.5
sh600645,望春花,2000-09-08,19.49,19.72,19.42,19.6,19.5,387000.0,7584035.0,1202403160.0,3062842902.0
sh600645,望春花,2000-09-11,19.58,19.95,19.48,19.8,19.6,646900.0,12755119.0,1214672580.0,3094096401.0
sh600645,望春花,2000-09-12,19.8,19.98,19.65,19.82,19.8,531300.0,10544270.0,1215899522.0,3097221750.9
sh600645,望春花,2000-09-13,19.94,19.98,19.4,19.4,19.82,497500.0,9805966.0,1190133740.0,3031589403.0
sh600645,望春花,2000-09-14,19.41,19.81,18.98,19.0,19.4,531400.0,10191117.0,1165594900.0,2969082405.0
sh600645,望春花,2000-09-15,19.0,19.37,18.91,19.05,19.0,330800.0,6295887.0,1168662255.0,2976895779.75
sh600645,望春花,2000-09-18,19.12,19.52,19.05,19.05,19.05,289900.0,5607323.0,1168662255.0,2976895779.75
sh600645,望春花,2000-09-19,19.0,19.08,18.8,18.98,19.05,302100.0,5723542.0,1164367958.0,2965957055.1
sh600645,望春花,2000-09-20,19.2,19.2,18.94,19.1,18.98,188500.0,3587036.0,1171729610.0,2984709154.5
sh600645,望春花,2000-09-21,19.13,19.15,18.93,19.08,19.1,107900.0,2053864.0,1170502668.0,2981583804.6
sh600645,望春花,2000-09-22,18.93,19.05,18.8,18.99,19.08,200800.0,3804070.0,1164981429.0,2967519730.05
sh600645,望春花,2000-09-25,19.08,19.08,18.8,18.95,18.99,146800.0,2781691.0,1162527545.0,2961269030.25
sh600645,望春花,2000-09-26,18.98,18.98,18.8,18.85,18.95,255300.0,4812257.0,1156392835.0,2945642280.75
sh600645,望春花,2000-09-27,18.95,18.95,18.8,18.94,18.85,165900.0,3127510.0,1161914074.0,2959706355.3
sh600645,望春花,2000-09-28,18.95,19.5,18.9,19.38,18.94,369400.0,7084111.0,1188906798.0,3028464053.1
sh600645,望春花,2000-09-29,19.3,19.54,19.3,19.5,19.38,242400.0,4707493.0,1196268450.0,3047216152.5
sh600645,望春花,2000-10-09,19.6,20.06,19.6,20.0,19.5,636400.0,12653209.0,1226942000.0,3125349900.0
sh600645,望春花,2000-10-10,20.12,21.02,20.12,20.88,20.0,875500.0,18183300.0,1280927448.0,3262865295.6
sh600645,望春花,2000-10-11,20.5,20.95,20.5,20.85,20.88,842500.0,17453314.0,1279087035.0,3258177270.75
sh600645,望春花,2000-10-12,20.81,20.81,20.55,20.55,20.85,283700.0,5861192.0,1260682905.0,3211297022.25
sh600645,望春花,2000-10-13,20.55,20.7,20.16,20.35,20.55,404900.0,8253636.0,1248413485.0,3180043523.25
sh600645,望春花,2000-10-16,20.3,20.49,20.1,20.13,20.35,153000.0,3100460.0,1234917123.0,3145664674.35
sh600645,望春花,2000-10-17,20.15,20.5,20.0,20.41,20.13,241000.0,4868234.0,1252094311.0,3189419572.95
sh600645,望春花,2000-10-18,20.41,20.53,20.35,20.51,20.41,140100.0,2860741.0,1258229021.0,3205046322.45
sh600645,望春花,2000-10-19,20.66,20.66,20.4,20.6,20.51,211400.0,4333652.0,1263750260.0,3219110397.0
sh600645,望春花,2000-10-20,20.5,21.0,20.5,20.99,20.6,415600.0,8628364.0,1287675629.0,3280054720.05
sh600645,望春花,2000-10-23,21.2,21.32,20.68,20.88,20.99,393200.0,8209480.0,1280927448.0,3262865295.6
sh600645,望春花,2000-10-24,20.88,20.88,20.55,20.68,20.88,177000.0,3656327.0,1268658028.0,3231611796.6
sh600645,望春花,2000-10-25,20.7,20.7,20.33,20.64,20.68,223500.0,4597388.0,1266204144.0,3225361096.8
sh600645,望春花,2000-10-26,20.65,20.98,20.65,20.87,20.64,161300.0,3360012.0,1280313977.0,3261302620.65
sh600645,望春花,2000-10-27,20.79,20.9,20.5,20.8,20.87,292700.0,6037978.0,1276019680.0,3250363896.0
sh600645,望春花,2000-10-30,20.65,20.68,20.2,20.5,20.8,211700.0,4323613.0,1257615550.0,3203483647.5
sh600645,望春花,2000-10-31,20.4,20.78,20.29,20.5,20.5,203900.0,4199853.0,1257615550.0,3203483647.5
sh600645,望春花,2000-11-01,20.55,20.6,19.99,20.6,20.5,830200.0,16852613.0,1263750260.0,3219110397.0
sh600645,望春花,2000-11-02,20.5,21.0,20.5,20.88,20.6,700100.0,14585509.0,1280927448.0,3262865295.6
sh600645,望春花,2000-11-03,21.5,21.5,20.8,21.18,20.88,1638800.0,34531386.0,1299331578.0,3309745544.1
sh600645,望春花,2000-11-06,21.08,22.6,20.71,22.6,21.18,1522200.0,33557791.0,1386444460.0,3531645387.0
sh600645,望春花,2000-11-07,22.6,22.98,22.0,22.5,22.6,909000.0,20389419.0,1380309750.0,3516018637.5
sh600645,望春花,2000-11-08,24.0,24.0,21.8,22.5,22.5,1245800.0,27884089.0,1380309750.0,3516018637.5
sh600645,望春花,2000-11-09,22.5,22.52,21.2,21.5,22.5,851500.0,18643364.0,1318962650.0,3359751142.5
sh600645,望春花,2000-11-10,21.48,22.15,21.3,21.91,21.5,825400.0,17996594.0,1344114961.0,3423820815.45
sh600645,望春花,2000-11-13,21.98,23.26,21.9,23.2,21.91,1762900.0,40335759.0,1423252720.0,3625405884.0
sh600645,望春花,2000-11-14,23.35,23.77,23.0,23.72,23.2,911800.0,21402091.0,1455153212.0,3706664981.4
sh600645,望春花,2000-11-15,24.4,24.99,23.5,23.85,23.72,1066000.0,25724432.0,1463128335.0,3726979755.75
sh600645,望春花,2000-11-16,24.1,24.1,23.16,23.78,23.85,886300.0,20869952.0,1458834038.0,3716041031.1
sh600645,望春花,2000-11-17,23.5,23.69,23.1,23.52,23.78,444700.0,10404306.0,1442883792.0,3675411482.4
sh600645,望春花,2000-11-20,23.5,23.77,23.18,23.3,23.52,649365.0,15139419.0,1429387430.0,3641032633.5
sh600645,望春花,2000-11-21,22.8,23.5,22.8,23.22,23.3,334386.0,7738851.0,1424479662.0,3628531233.9
sh600645,望春花,2000-11-22,23.22,23.4,22.92,23.35,23.22,459962.0,10625980.0,1432454785.0,3648846008.25
sh600645,望春花,2000-11-23,23.5,23.9,23.36,23.51,23.35,430519.0,10188711.0,1442270321.0,3673848807.45
sh600645,望春花,2000-11-24,23.65,23.7,23.01,23.28,23.51,400821.0,9358860.0,1428160488.0,3637907283.6
sh600645,望春花,2000-11-27,23.0,23.1,22.4,22.6,23.28,449461.0,10213500.0,1386444460.0,3531645387.0
sh600645,望春花,2000-11-28,23.0,23.2,22.5,23.2,22.6,493744.0,11304974.0,1423252720.0,3625405884.0
sh600645,望春花,2000-11-29,23.7,23.7,22.65,23.2,23.2,312500.0,7214535.0,1423252720.0,3625405884.0
sh600645,望春花,2000-11-30,22.9,23.35,22.74,23.15,23.2,586666.0,13457651.0,1420185365.0,3617592509.25
sh600645,望春花,2000-12-01,23.2,23.35,22.9,23.0,23.15,281776.0,6496806.0,1410983300.0,3594152385.0
sh600645,望春花,2000-12-04,23.03,23.03,22.7,22.71,23.0,227481.0,5185572.0,1393192641.0,3548834811.45
sh600645,望春花,2000-12-05,22.43,22.9,22.43,22.8,22.71,298396.0,6769066.0,1398713880.0,3562898886.0
sh600645,望春花,2000-12-06,22.68,22.9,22.58,22.61,22.8,207000.0,4714178.0,1387057931.0,3533208061.95
sh600645,望春花,2000-12-07,22.65,22.65,22.2,22.6,22.61,327378.0,7344178.0,1386444460.0,3531645387.0
sh600645,望春花,2000-12-08,22.5,22.87,22.21,22.73,22.6,325629.0,7383981.0,1394419583.0,3551960161.35
sh600645,望春花,2000-12-11,22.73,22.73,22.34,22.68,22.73,139606.0,3145825.0,1391352228.0,3544146786.6
sh600645,望春花,2000-12-12,22.79,22.83,22.48,22.73,22.68,231753.0,5246222.0,1394419583.0,3551960161.35
sh600645,望春花,2000-12-13,22.54,22.87,22.38,22.87,22.73,309268.0,7010683.0,1403008177.0,3573837610.65
sh600645,望春花,2000-12-14,22.86,23.1,22.79,23.08,22.87,450351.0,10340434.0,1415891068.0,3606653784.6
sh600645,望春花,2000-12-15,23.0,23.11,22.8,23.0,23.08,353571.0,8126184.0,1410983300.0,3594152385.0
sh600645,望春花,2000-12-20,23.2,23.35,22.5,22.6,23.0,515030.0,11707338.0,1386444460.0,3531645387.0
sh600645,望春花,2000-12-21,22.6,22.6,21.7,22.1,22.6,697788.0,15389659.0,1355770910.0,3453511639.5
sh600645,望春花,2000-12-22,22.09,22.2,21.7,21.8,22.1,448220.0,9787114.0,1337366780.0,3406631391.0
sh600645,望春花,2000-12-25,21.5,22.15,20.9,22.15,21.8,750640.0,16201613.0,1358838265.0,3461325014.25
sh600645,望春花,2000-12-26,22.0,22.6,21.5,22.37,22.15,513686.0,11411836.0,1372334627.0,3495703863.15
sh600645,望春花,2000-12-27,22.3,22.3,21.75,21.95,22.37,448517.0,9808959.0,1346568845.0,3430071515.25
sh600645,望春花,2000-12-28,21.8,21.95,21.75,21.95,21.95,247886.0,5408677.0,1346568845.0,3430071515.25
sh600645,望春花,2000-12-29,21.98,22.51,21.5,22.25,21.95,454167.0,9955197.0,1364972975.0,3476951763.75
sh600645,望春花,2001-01-02,22.2,22.2,21.78,21.85,22.25,352598.0,7736788.0,1340434135.0,3414444765.75
sh600645,望春花,2001-01-03,21.8,23.48,21.8,23.3,21.85,1081314.0,24788891.0,1429387430.0,3641032633.5
sh600645,望春花,2001-01-04,23.4,23.68,23.0,23.39,23.3,750310.0,17496437.0,1434908669.0,3655096708.05
sh600645,望春花,2001-01-05,23.38,23.89,23.2,23.54,23.39,798804.0,18850709.0,1444110734.0,3678536832.3
sh600645,望春花,2001-01-08,23.54,23.63,22.48,23.04,23.54,497633.0,11378870.0,1413437184.0,3600403084.8
sh600645,望春花,2001-01-09,22.9,23.02,22.5,23.0,23.04,484021.0,10991940.0,1410983300.0,3594152385.0
sh600645,望春花,2001-01-10,22.9,23.19,22.64,22.79,23.0,298239.0,6825475.0,1398100409.0,3561336211.05
sh600645,望春花,2001-01-11,22.79,22.79,22.0,22.18,22.79,315502.0,7026362.0,1360678678.0,3466013039.1
sh600645,望春花,2001-01-12,22.02,22.35,21.75,21.99,22.18,529943.0,11629106.0,1349022729.0,3436322215.05
sh600645,望春花,2001-01-15,21.97,21.97,20.0,20.88,21.99,396191.0,8414488.0,1280927448.0,3262865295.6
sh600645,望春花,2001-01-16,20.58,21.19,20.53,21.18,20.88,593848.0,12328737.0,1299331578.0,3309745544.1
sh600645,望春花,2001-01-17,21.18,21.26,20.65,21.0,21.18,159575.0,3336856.0,1288289100.0,3281617395.0
sh600645,望春花,2001-01-18,20.98,21.1,20.8,21.03,21.0,117206.0,2459361.0,1290129513.0,3286305419.85
sh600645,望春花,2001-01-19,21.03,21.4,20.92,21.4,21.03,282664.0,6008825.0,1312827940.0,3344124393.0
sh600645,望春花,2001-02-05,21.39,21.46,20.5,21.05,21.4,135300.0,2834163.0,1291356455.0,3289430769.75
sh600645,望春花,2001-02-06,20.8,20.82,20.3,20.48,21.05,179719.0,3683742.0,1256388608.0,3200358297.6
sh600645,望春花,2001-02-07,20.5,20.75,20.43,20.5,20.48,66245.0,1358541.0,1257615550.0,3203483647.5
sh600645,望春花,2001-02-08,20.85,20.85,20.0,20.16,20.5,103040.0,2103401.0,1236757536.0,3150352699.2
sh600645,望春花,2001-02-09,20.15,20.59,20.1,20.4,20.16,167332.0,3410995.0,1251480840.0,3187856898.0
sh600645,望春花,2001-02-12,20.5,20.78,18.8,19.1,20.4,309910.0,6000197.0,1171729610.0,2984709154.5
sh600645,望春花,2001-02-13,19.0,19.41,18.5,18.77,19.1,498252.0,9429631.0,1151485067.0,2933140881.15
sh600645,望春花,2001-02-14,18.6,18.6,17.0,18.09,18.77,1349320.0,23887323.0,1109769039.0,2826878984.55
sh600645,望春花,2001-02-15,17.68,17.97,17.0,17.8,18.09,458268.0,7999823.0,1091978380.0,2781561411.0
sh600645,望春花,2001-02-16,17.78,17.88,17.38,17.88,17.8,136922.0,2414290.0,1096886148.0,2794062810.6
sh600645,望春花,2001-02-19,17.87,18.1,17.65,18.0,17.88,159931.0,2856565.0,1104247800.0,2812814910.0
sh600645,望春花,2001-02-20,18.05,18.25,17.82,17.94,18.0,193200.0,3486498.0,1100566974.0,2803438860.3
sh600645,望春花,2001-02-21,17.9,17.9,17.3,17.6,17.94,105040.0,1840737.0,1079708960.0,2750307912.0
sh600645,望春花,2001-02-22,17.45,17.8,17.3,17.36,17.6,190475.0,3335202.0,1064985656.0,2712803713.2
sh600645,望春花,2001-02-23,17.34,18.0,17.34,18.0,17.36,171247.0,3026926.0,1104247800.0,2812814910.0
sh600645,望春花,2001-02-26,18.1,18.1,17.51,17.98,18.0,165850.0,2967575.0,1103020858.0,2809689560.1
sh600645,望春花,2001-02-27,17.8,17.95,17.47,17.61,17.98,217543.0,3820870.0,1080322431.0,2751870586.95
sh600645,望春花,2001-02-28,17.6,17.71,17.3,17.43,17.61,139000.0,2429002.0,1069279953.0,2723742437.85
sh600645,望春花,2001-03-01,17.2,17.35,16.7,16.88,17.43,669481.0,11341357.0,1035539048.0,2637795315.6
sh600645,望春花,2001-03-02,16.78,17.6,16.68,16.98,16.88,420455.0,7239368.0,1041673758.0,2653422065.1
sh600645,望春花,2001-03-05,17.5,17.5,17.05,17.38,16.98,137747.0,2379540.0,1066212598.0,2715929063.1
sh600645,望春花,2001-03-06,17.35,17.5,17.19,17.3,17.38,129963.0,2257748.0,1061304830.0,2703427663.5
sh600645,望春花,2001-03-07,16.8,17.57,16.8,17.17,17.3,101600.0,1754061.0,1053329707.0,2683112889.15
sh600645,望春花,2001-03-08,17.4,17.4,17.0,17.2,17.17,153009.0,2615471.0,1055170120.0,2687800914.0
sh600645,望春花,2001-03-09,17.15,17.55,17.1,17.39,17.2,188091.0,3260855.0,1066826069.0,2717491738.05
sh600645,望春花,2001-03-12,17.4,17.65,17.4,17.49,17.39,143380.0,2512661.0,1072960779.0,2733118487.55
sh600645,望春花,2001-03-13,17.4,17.68,17.4,17.55,17.49,141677.0,2479252.0,1076641605.0,2742494537.25
sh600645,望春花,2001-03-14,17.56,17.85,17.35,17.41,17.55,335241.0,5931299.0,1068053011.0,2720617087.95
sh600645,望春花,2001-03-15,17.8,18.83,17.8,18.74,17.41,885209.0,16214256.0,1149644654.0,2928452856.3
sh600645,望春花,2001-03-16,18.99,18.99,18.55,18.66,18.74,755303.0,14164980.0,1144736886.0,2915951456.7
sh600645,望春花,2001-03-19,18.66,18.8,18.35,18.66,18.66,341814.0,6353534.0,1144736886.0,2915951456.7
sh600645,望春花,2001-03-20,18.65,18.9,18.6,18.7,18.66,618303.0,11579503.0,1147190770.0,2922202156.5
sh600645,望春花,2001-03-21,18.69,18.88,18.44,18.8,18.7,296097.0,5503007.0,1153325480.0,2937828906.0
sh600645,望春花,2001-03-22,18.75,18.84,18.5,18.6,18.8,322281.0,6015974.0,1141056060.0,2906575407.0
sh600645,望春花,2001-03-23,18.57,18.85,18.29,18.33,18.6,269587.0,4964620.0,1124492343.0,2864383183.35
sh600645,望春花,2001-03-26,18.3,18.65,18.3,18.5,18.33,151992.0,2807319.0,1134921350.0,2890948657.5
sh600645,望春花,2001-03-27,18.46,18.8,18.36,18.71,18.5,198338.0,3675126.0,1147804241.0,2923764831.45
sh600645,望春花,2001-03-28,18.68,19.08,16.9,18.7,18.71,1010397.0,18851603.0,1147190770.0,2922202156.5
sh600645,望春花,2001-03-29,18.7,19.48,18.7,18.99,18.7,924658.0,17767038.0,1164981429.0,2967519730.05
sh600645,望春花,2001-03-30,19.1,19.5,19.1,19.44,18.99,514689.0,9956864.0,1192587624.0,3037840102.8
sh600645,望春花,2001-04-02,19.58,19.68,19.1,19.2,19.44,354711.0,6908829.0,1177864320.0,3000335904.0
sh600645,望春花,2001-04-03,19.49,19.95,19.47,19.78,19.2,681100.0,13482265.0,1213445638.0,3090971051.1
sh600645,望春花,2001-04-04,19.85,20.66,19.85,19.95,19.78,1556296.0,31631844.0,1223874645.0,3117536525.25
sh600645,望春花,2001-04-05,20.0,20.49,19.6,19.91,19.95,1521273.0,30386340.0,1221420761.0,3111285825.45
sh600645,望春花,2001-04-06,19.8,20.45,19.8,20.42,19.91,1125062.0,22848755.0,1252707782.0,3190982247.9
sh600645,望春花,2001-04-09,20.5,20.72,20.2,20.55,20.42,943425.0,19261944.0,1260682905.0,3211297022.25
sh600645,望春花,2001-04-10,20.6,21.4,20.3,21.36,20.55,1367091.0,28486929.0,1310374056.0,3337873693.2
sh600645,望春花,2001-04-11,21.02,21.8,21.02,21.75,21.36,928483.0,19882480.0,1334299425.0,3398818016.25
sh600645,望春花,2001-04-12,22.1,22.1,21.1,21.53,21.75,2051599.0,44244836.0,1320803063.0,3364439167.35
sh600645,望春花,2001-04-13,21.53,22.05,21.53,21.95,21.53,746118.0,16336451.0,1346568845.0,3430071515.25
sh600645,望春花,2001-04-16,22.35,22.78,21.95,22.33,21.95,921556.0,20546533.0,1369880743.0,3489453163.35
sh600645,望春花,2001-04-17,22.18,23.1,22.18,22.65,22.33,936348.0,21264344.0,1389511815.0,3539458761.75
sh600645,望春花,2001-04-18,22.66,23.49,22.2,23.35,22.65,1467175.0,33674454.0,1432454785.0,3648846008.25
sh600645,望春花,2001-04-19,22.79,23.55,22.79,23.18,23.35,545300.0,12642208.0,1422025778.0,3622280534.1
sh600645,望春花,2001-04-20,23.1,25.5,22.81,24.01,23.18,3121867.0,76134672.0,1472943871.0,3751982554.95
sh600645,望春花,2001-04-23,24.0,24.8,23.82,24.35,24.01,1178781.0,28451708.0,1493801885.0,3805113503.25
sh600645,望春花,2001-04-24,24.5,25.0,24.34,24.65,24.35,770870.0,18925501.0,1512206015.0,3851993751.75
sh600645,望春花,2001-04-25,25.0,25.0,23.65,23.9,24.65,1123433.0,27169504.0,1466195690.0,3734793130.5
sh600645,望春花,2001-04-26,24.0,24.53,23.28,23.75,23.9,911733.0,21737859.0,1456993625.0,3711353006.25
sh600645,望春花,2001-04-27,23.6,23.98,23.5,23.9,23.75,581887.0,13814888.0,1466195690.0,3734793130.5
sh600645,望春花,2001-04-30,23.99,24.1,23.7,24.08,23.9,570258.0,13652667.0,1477238168.0,3762921279.6
sh600645,望春花,2001-05-08,24.15,24.5,23.85,24.5,24.08,780876.0,18837936.0,1503003950.0,3828553627.5
sh600645,望春花,2001-05-09,24.27,24.9,22.8,24.39,24.5,1549900.0,37949516.0,1496255769.0,3811364203.05
sh600645,望春花,2001-05-10,24.35,24.88,24.08,24.7,24.39,1574938.0,38589960.0,1515273370.0,3859807126.5
sh600645,望春花,2001-05-11,24.39,24.85,24.39,24.63,24.7,945197.0,23271094.0,1510979073.0,3848868401.85
sh600645,望春花,2001-05-14,24.7,24.98,24.0,24.3,24.63,769030.0,18680918.0,1490734530.0,3797300128.5
sh600645,望春花,2001-05-15,24.3,24.5,23.98,24.3,24.3,484000.0,11663920.0,1490734530.0,3797300128.5
sh600645,望春花,2001-05-16,24.48,24.48,24.18,24.4,24.3,534497.0,13008817.0,1496869240.0,3812926878.0
sh600645,望春花,2001-05-17,24.75,24.75,23.98,24.08,24.4,524400.0,12659445.0,1477238168.0,3762921279.6
sh600645,望春花,2001-05-18,24.76,24.76,24.08,24.48,24.08,453583.0,11074512.0,1501777008.0,3825428277.6
sh600645,望春花,2001-05-21,24.58,24.58,24.0,24.17,24.48,581542.0,14077165.0,1482759407.0,3776985354.15
sh600645,望春花,2001-05-22,24.1,24.18,23.5,24.18,24.17,567153.0,13493019.0,1483372878.0,3778548029.1
sh600645,望春花,2001-05-23,24.1,24.2,23.8,23.83,24.18,196591.0,4711121.0,1461901393.0,3723854405.85
sh600645,望春花,2001-05-24,23.83,24.0,23.6,23.85,23.83,293297.0,6961884.0,1463128335.0,3726979755.75
sh600645,望春花,2001-05-25,23.8,23.88,23.58,23.88,23.85,260286.0,6168398.0,1464968748.0,3731667780.6
sh600645,望春花,2001-05-28,23.8,24.33,23.52,24.26,23.88,493433.0,11904151.0,1488280646.0,3791049428.7
sh600645,望春花,2001-05-29,24.35,25.4,24.35,25.4,24.26,2799194.0,69962831.0,1558216340.0,3969194373.0
sh600645,望春花,2001-05-30,25.4,25.75,24.85,25.62,25.4,1644347.0,41663000.0,1571712702.0,4003573221.9
sh600645,望春花,2001-05-31,25.62,25.8,24.98,25.34,25.62,1110246.0,28064174.0,1554535514.0,3959818323.3
sh600645,望春花,2001-06-01,25.15,25.64,24.63,25.55,25.34,975811.0,24549621.0,1567418405.0,3992634497.25
sh600645,望春花,2001-06-04,25.61,26.3,25.5,26.1,25.55,956077.0,24828397.0,1601159310.0,4078581619.5
sh600645,望春花,2001-06-05,26.32,26.81,25.99,26.13,26.1,1183361.0,31144457.0,1602999723.0,4083269644.35
sh600645,望春花,2001-06-06,25.68,26.18,25.36,25.75,26.13,1061105.0,27247135.0,1579687825.0,4023887996.25
sh600645,望春花,2001-06-07,25.73,26.38,25.5,26.36,25.75,418565.0,10913379.0,1617109556.0,4119211168.2
sh600645,望春花,2001-06-08,26.45,26.5,25.76,26.25,26.36,857331.0,22426366.0,1610361375.0,4102021743.75
sh600645,望春花,2001-06-11,26.0,26.78,26.0,26.5,26.25,778883.0,20613314.0,1625698150.0,4141088617.5
sh600645,望春花,2001-06-12,26.5,26.54,25.93,26.39,26.5,749562.0,19576345.0,1618949969.0,4123899193.05
sh600645,望春花,2001-06-13,26.18,26.24,25.9,25.96,26.39,586205.0,15251149.0,1592570716.0,4056704170.2
sh600645,望春花,2001-06-14,26.1,26.2,25.4,25.4,25.96,778429.0,20036122.0,1558216340.0,3969194373.0
sh600645,望春花,2001-06-15,25.4,26.1,25.08,25.96,25.4,459007.0,11834237.0,1592570716.0,4056704170.2
sh600645,望春花,2001-06-19,25.5,26.5,24.51,26.4,25.96,857734.0,22301600.0,1619563440.0,4125461868.0
sh600645,望春花,2001-06-20,26.5,26.69,25.92,26.26,26.4,292323.0,7645608.0,1610974846.0,4103584418.7
sh600645,望春花,2001-06-21,26.3,26.8,25.92,26.8,26.26,799413.0,21135237.0,1644102280.0,4187968866.0
sh600645,望春花,2001-06-22,26.8,27.28,26.55,27.2,26.8,1485551.0,40141133.0,1668641120.0,4250475864.0
sh600645,望春花,2001-06-25,27.39,27.47,26.7,27.16,27.2,667654.0,17988951.0,1666187236.0,4244225164.2
sh600645,望春花,2001-06-26,27.15,27.15,26.0,26.8,27.16,1581082.0,41780443.0,1644102280.0,4187968866.0
sh600645,望春花,2001-06-27,26.64,26.78,26.16,26.78,26.8,485220.0,12812987.0,1642875338.0,4184843516.1
sh600645,望春花,2001-06-28,26.78,26.8,26.3,26.6,26.78,293526.0,7809920.0,1631832860.0,4156715367.0
sh600645,望春花,2001-06-29,26.5,26.66,26.28,26.59,26.6,217214.0,5741529.0,1631219389.0,4155152692.05
sh600645,望春花,2001-07-02,26.58,26.65,26.16,26.65,26.59,248032.0,6539465.0,1634900215.0,4164528741.75
sh600645,望春花,2001-07-03,26.35,26.6,26.18,26.6,26.65,168305.0,4444314.0,1631832860.0,4156715367.0
sh600645,望春花,2001-07-04,26.4,26.65,26.4,26.48,26.6,136324.0,3624912.0,1624471208.0,4137963267.6
sh600645,望春花,2001-07-05,26.35,26.48,25.91,26.45,26.48,433158.0,11342110.0,1622630795.0,4133275242.75
sh600645,望春花,2001-07-06,25.97,26.3,25.78,26.18,26.45,150155.0,3913012.0,1606067078.0,4091083019.1
sh600645,望春花,2001-07-09,26.01,26.18,25.45,25.97,26.18,300943.0,7774312.0,1593184187.0,4058266845.15
sh600645,望春花,2001-07-10,25.61,26.6,25.61,26.6,25.97,260456.0,6834764.0,1631832860.0,4156715367.0
sh600645,望春花,2001-07-11,26.6,26.6,25.92,26.38,26.6,184515.0,4811096.0,1618336498.0,4122336518.1
sh600645,望春花,2001-07-12,26.05,26.39,25.8,26.39,26.38,161221.0,4210378.0,1618949969.0,4123899193.05
sh600645,望春花,2001-07-13,26.2,26.3,26.0,26.23,26.39,121773.0,3174904.0,1609134433.0,4098896393.85
sh600645,望春花,2001-07-16,25.8,26.23,25.8,26.19,26.23,201486.0,5250251.0,1606680549.0,4092645694.05
sh600645,望春花,2001-07-17,26.0,26.15,25.55,26.0,26.19,128015.0,3323373.0,1595024600.0,4062954870.0
sh600645,望春花,2001-07-18,25.71,26.05,25.71,25.99,26.0,35833.0,931237.0,1594411129.0,4061392195.05
sh600645,望春花,2001-07-19,26.0,26.0,25.8,25.99,25.99,137386.0,3555398.0,1594411129.0,4061392195.05
sh600645,望春花,2001-07-20,25.98,26.68,25.78,26.68,25.99,639879.0,16756675.0,1636740628.0,4169216766.6
sh600645,望春花,2001-07-23,26.6,26.61,26.0,26.25,26.68,230780.0,6095492.0,1610361375.0,4102021743.75
sh600645,望春花,2001-07-24,26.0,26.3,25.8,26.21,26.25,160172.0,4162985.0,1607907491.0,4095771043.95
sh600645,望春花,2001-07-25,26.2,26.2,25.85,26.2,26.21,114600.0,2981864.0,1607294020.0,4094208369.0
sh600645,望春花,2001-07-26,26.05,26.1,25.71,25.99,26.2,121979.0,3159905.0,1594411129.0,4061392195.05
sh600645,望春花,2001-07-27,26.18,26.18,25.4,25.92,25.99,219616.0,5654667.0,1590116832.0,4050453470.4
sh600645,望春花,2001-07-30,25.5,25.8,24.66,24.98,25.92,416910.0,10441767.0,1532450558.0,3903562025.1
sh600645,望春花,2001-07-31,24.99,25.0,23.68,24.3,24.98,756700.0,18453636.0,1490734530.0,3797300128.5
sh600645,望春花,2001-08-01,24.19,24.7,24.0,24.67,24.3,480197.0,11735813.0,1513432957.0,3855119101.65
sh600645,望春花,2001-08-02,24.63,24.99,24.2,24.7,24.67,397264.0,9773862.0,1515273370.0,3859807126.5
sh600645,望春花,2001-08-03,24.82,24.9,24.6,24.87,24.7,427976.0,10601153.0,1525702377.0,3886372600.65
sh600645,望春花,2001-08-06,24.75,24.75,24.01,24.42,24.87,203100.0,4956626.0,1498096182.0,3816052227.9
sh600645,望春花,2001-08-07,24.4,24.8,24.0,24.68,24.42,354883.0,8663665.0,1514046428.0,3856681776.6
sh600645,望春花,2001-08-08,24.68,24.68,23.98,24.18,24.68,181532.0,4385776.0,1483372878.0,3778548029.1
sh600645,望春花,2001-08-09,23.85,24.39,22.28,23.99,24.18,2140185.0,49851435.0,1471716929.0,3748857205.05
sh600645,望春花,2001-08-10,14.99,15.24,14.51,14.98,23.99,1125533.0,16772103.0,1470367292.8,3745419320.16
sh600645,望春花,2001-08-13,15.12,15.12,14.85,15.04,14.98,377063.0,5659678.0,1476256614.4,3760420999.68
sh600645,望春花,2001-08-14,15.03,15.24,14.9,15.03,15.04,231976.0,3483772.0,1475275060.8,3757920719.76
sh600645,望春花,2001-08-15,14.98,15.1,14.9,15.02,15.03,137695.0,2066434.0,1474293507.2,3755420439.84
sh600645,望春花,2001-08-16,15.12,15.12,14.91,15.0,15.02,172922.0,2589744.0,1472330400.0,3750419880.0
sh600645,望春花,2001-08-17,14.9,15.1,14.8,15.01,15.0,191511.0,2869507.0,1473311953.6,3752920159.92
sh600645,望春花,2001-08-20,15.0,15.56,14.8,15.56,15.01,518285.0,7906845.0,1527297401.6,3890435555.52
sh600645,望春花,2001-08-21,15.58,15.68,15.02,15.38,15.56,1355358.0,20722880.0,1509629436.8,3845430516.96
sh600645,望春花,2001-08-22,15.2,15.31,15.1,15.3,15.38,471780.0,7164791.0,1501777008.0,3825428277.6
sh600645,望春花,2001-08-23,15.6,15.6,14.83,14.93,15.3,1243966.0,18672281.0,1465459524.8,3732917920.56
sh600645,望春花,2001-08-24,14.8,15.0,14.71,14.74,14.93,317640.0,4716944.0,1446810006.4,3685412602.08
sh600645,望春花,2001-08-27,14.5,14.74,14.49,14.74,14.74,613288.0,8939293.0,1446810006.4,3685412602.08
sh600645,望春花,2001-08-28,14.58,14.74,14.5,14.69,14.74,374764.0,5458416.0,1441902238.4,3672911202.48
sh600645,望春花,2001-08-29,14.7,15.0,14.17,14.9,14.69,401800.0,5938759.0,1462514864.0,3725417080.8
sh600645,望春花,2001-08-30,14.95,14.95,14.55,14.86,14.9,50560.0,747636.0,1458588649.6,3715415961.12
sh600645,望春花,2001-08-31,14.86,14.86,14.52,14.53,14.86,781720.0,11377142.0,1426197380.8,3632906723.76
sh600645,望春花,2001-09-03,14.5,14.6,14.28,14.39,14.86,171998.0,2485365.0,1412455630.4,3597902804.88
sh600645,望春花,2001-09-04,14.31,14.6,14.31,14.54,14.39,170819.0,2467335.0,1427178934.4,3635407003.68
sh600645,望春花,2001-09-05,14.65,14.73,14.4,14.58,14.54,177889.0,2591654.0,1431105148.8,3645408123.36
sh600645,望春花,2001-09-06,14.55,14.55,14.12,14.24,14.58,310538.0,4436390.0,1397732326.4,3560398606.08
sh600645,望春花,2001-09-07,13.94,14.45,13.81,14.23,14.24,390988.0,5519648.0,1396750772.8,3557898326.16
sh600645,望春花,2001-09-10,13.81,14.75,13.81,14.74,14.23,320075.0,4655555.0,1446810006.4,3685412602.08
sh600645,望春花,2001-09-11,14.65,14.95,14.26,14.75,14.74,351536.0,5188467.0,1447791560.0,3687912882.0
sh600645,望春花,2001-09-12,14.2,14.65,14.0,14.57,14.75,316902.0,4566265.0,1430123595.2,3642907843.44
sh600645,望春花,2001-09-13,14.5,14.65,14.35,14.58,14.57,183739.0,2671911.0,1431105148.8,3645408123.36
sh600645,望春花,2001-09-14,14.2,14.65,14.19,14.55,14.58,227860.0,3310160.0,1428160488.0,3637907283.6
sh600645,望春花,2001-09-17,14.36,14.58,14.36,14.44,14.55,275500.0,3984367.0,1417363398.4,3610404204.48
sh600645,望春花,2001-09-18,14.55,15.0,14.4,14.69,14.44,276060.0,4030302.0,1441902238.4,3672911202.48
sh600645,望春花,2001-09-19,14.65,15.18,14.42,15.18,14.69,703911.0,10532309.0,1489998364.8,3795424918.56
sh600645,望春花,2001-09-20,15.18,15.78,15.1,15.5,15.18,1413689.0,21921114.0,1521408080.0,3875433876.0
sh600645,望春花,2001-09-21,15.4,15.66,15.3,15.3,15.18,420170.0,6519806.0,1501777008.0,3825428277.6
sh600645,望春花,2001-09-24,15.2,15.44,15.2,15.4,15.3,143646.0,2201791.0,1511592544.0,3850431076.8
sh600645,望春花,2001-09-25,15.48,15.6,15.3,15.43,15.4,178380.0,2752792.0,1514537204.8,3857931916.56
sh600645,望春花,2001-09-26,15.32,15.4,14.9,14.93,15.43,198520.0,3005349.0,1465459524.8,3732917920.56
sh600645,望春花,2001-09-27,15.0,15.1,14.7,15.03,14.93,153812.0,2291930.0,1475275060.8,3757920719.76
sh600645,望春花,2001-09-28,15.28,15.28,14.85,15.21,15.03,319284.0,4823072.0,1492943025.6,3802925758.32
sh600645,望春花,2001-10-08,15.21,15.21,15.0,15.06,15.21,149200.0,2247354.0,1478219721.6,3765421559.52
sh600645,望春花,2001-10-09,15.04,15.38,15.0,15.22,15.06,275376.0,4192606.0,1493924579.2,3805426038.24
sh600645,望春花,2001-10-10,15.31,15.31,14.7,14.88,15.22,135030.0,2009374.0,1460551756.8,3720416520.96
sh600645,望春花,2001-10-11,14.4,14.99,14.35,14.66,14.88,200289.0,2923931.0,1438957577.6,3665410362.72
sh600645,望春花,2001-10-12,14.65,15.05,14.4,15.02,14.66,390848.0,5783311.0,1474293507.2,3755420439.84
sh600645,望春花,2001-10-15,15.08,15.08,14.85,15.08,15.02,276962.0,4153532.0,1480182828.8,3770422119.36
sh600645,望春花,2001-10-16,15.0,15.0,14.69,14.8,15.08,608170.0,9065750.0,1452699328.0,3700414281.6
sh600645,望春花,2001-10-17,14.58,14.97,14.58,14.9,14.8,1071770.0,15918265.0,1462514864.0,3725417080.8
sh600645,望春花,2001-10-18,14.8,14.89,14.47,14.6,14.9,1143700.0,16769764.0,1433068256.0,3650408683.2
sh600645,望春花,2001-10-19,14.45,14.65,13.9,14.3,14.6,594016.0,8454063.0,1403621648.0,3575400285.6
sh600645,望春花,2001-10-22,14.01,14.39,13.87,14.39,14.3,478595.0,6810431.0,1412455630.4,3597902804.88
sh600645,望春花,2001-10-23,15.18,15.83,14.8,15.81,14.39,5087335.0,78941121.0,1551836241.6,3952942553.52
sh600645,望春花,2001-10-24,15.81,15.81,14.28,14.7,15.81,2840704.0,42395458.0,1442883792.0,3675411482.4
sh600645,望春花,2001-10-25,14.5,15.5,14.1,15.39,14.7,2343153.0,35708039.0,1510610990.4,3847930796.88
sh600645,望春花,2001-10-26,14.98,15.49,14.98,15.4,15.39,840788.0,12872673.0,1511592544.0,3850431076.8
sh600645,望春花,2001-10-29,15.2,15.49,15.18,15.48,15.4,347630.0,5339405.0,1519444972.8,3870433316.16
sh600645,望春花,2001-10-30,15.45,15.45,15.2,15.38,15.48,260717.0,3994109.0,1509629436.8,3845430516.96
sh600645,望春花,2001-10-31,15.33,15.43,15.05,15.43,15.38,331608.0,5025785.0,1514537204.8,3857931916.56
sh600645,望春花,2001-11-01,15.3,15.3,15.04,15.28,15.43,316171.0,4798262.0,1499813900.8,3820427717.76
sh600645,望春花,2001-11-02,15.25,15.25,15.07,15.21,15.28,333738.0,5063221.0,1492943025.6,3802925758.32
sh600645,望春花,2001-11-05,15.27,15.3,15.16,15.2,15.21,357224.0,5427819.0,1491961472.0,3800425478.4
sh600645,望春花,2001-11-06,15.1,15.21,15.06,15.15,15.2,230788.0,3488573.0,1487053704.0,3787924078.8
sh600645,望春花,2001-11-07,15.09,15.12,14.6,14.78,15.15,686490.0,10226966.0,1450736220.8,3695413721.76
sh600645,望春花,2001-11-08,14.66,14.95,14.56,14.76,14.78,197673.0,2916985.0,1448773113.6,3690413161.92
sh600645,望春花,2001-11-09,14.75,15.0,14.68,15.0,14.76,208180.0,3087368.0,1472330400.0,3750419880.0
sh600645,望春花,2001-11-12,15.03,15.03,14.85,14.95,15.0,42140.0,629204.0,1467422632.0,3737918480.4
sh600645,望春花,2001-11-13,14.7,14.88,14.66,14.78,14.95,37400.0,549917.0,1450736220.8,3695413721.76
sh600645,望春花,2001-11-14,14.7,14.93,14.5,14.7,14.78,44775.0,657128.0,1442883792.0,3675411482.4
sh600645,望春花,2001-11-15,14.7,14.79,14.48,14.79,14.7,125600.0,1832995.0,1451717774.4,3697914001.68
sh600645,望春花,2001-11-16,15.2,15.8,14.53,14.82,14.79,376253.0,5675707.0,1454662435.2,3705414841.44
sh600645,望春花,2001-11-19,14.75,14.95,14.66,14.83,14.82,129673.0,1914295.0,1455643988.8,3707915121.36
sh600645,望春花,2001-11-20,14.9,14.98,14.65,14.95,14.83,432320.0,6414008.0,1467422632.0,3737918480.4
sh600645,望春花,2001-11-21,14.96,15.0,14.7,14.91,14.95,304900.0,4535980.0,1463496417.6,3727917360.72
sh600645,望春花,2001-11-22,14.8,15.2,14.6,15.2,14.91,499653.0,7454248.0,1491961472.0,3800425478.4
sh600645,望春花,2001-11-23,14.9,14.98,14.75,14.95,15.2,119560.0,1777870.0,1467422632.0,3737918480.4
sh600645,望春花,2001-11-27,14.95,15.3,14.95,15.12,14.95,236476.0,3568538.0,1484109043.2,3780423239.04
sh600645,望春花,2001-11-28,15.18,15.18,14.8,14.91,15.12,110900.0,1660364.0,1463496417.6,3727917360.72
sh600645,望春花,2001-11-29,14.73,15.05,14.73,14.82,14.91,158118.0,2348085.0,1454662435.2,3705414841.44
sh600645,望春花,2001-11-30,14.75,14.8,14.52,14.71,14.82,429070.0,6282404.0,1443865345.6,3677911762.32
sh600645,望春花,2001-12-03,14.71,14.76,14.53,14.74,14.71,639746.0,9359896.0,1446810006.4,3685412602.08
sh600645,望春花,2001-12-04,14.61,14.76,14.59,14.76,14.74,240280.0,3514790.0,1448773113.6,3690413161.92
sh600645,望春花,2001-12-05,14.76,14.91,14.64,14.67,14.76,237760.0,3518718.0,1439939131.2,3667910642.64
sh600645,望春花,2001-12-06,14.61,14.84,14.56,14.62,14.67,190663.0,2788195.0,1435031363.2,3655409243.04
sh600645,望春花,2001-12-07,14.62,14.8,14.59,14.78,14.62,277030.0,4060397.0,1450736220.8,3695413721.76
sh600645,望春花,2001-12-10,14.8,14.8,14.62,14.66,14.78,345159.0,5061883.0,1438957577.6,3665410362.72
sh600645,望春花,2001-12-11,14.65,14.7,14.48,14.53,14.66,202340.0,2955180.0,1426197380.8,3632906723.76
sh600645,望春花,2001-12-12,14.5,14.8,14.3,14.76,14.53,315673.0,4585156.0,1448773113.6,3690413161.92
sh600645,望春花,2001-12-13,14.78,14.78,14.4,14.45,14.76,186619.0,2707265.0,1418344952.0,3612904484.4
sh600645,望春花,2001-12-14,14.5,14.7,14.41,14.41,14.45,79700.0,1153704.0,1414418737.6,3602903364.72
sh600645,望春花,2001-12-17,14.58,14.58,14.35,14.42,14.41,183300.0,2638602.0,1415400291.2,3605403644.64
sh600645,望春花,2001-12-18,14.63,14.63,14.1,14.43,14.42,226916.0,3263964.0,1416381844.8,3607903924.56
sh600645,望春花,2001-12-19,14.43,14.5,14.22,14.47,14.43,352273.0,5057670.0,1420308059.2,3617905044.24
sh600645,望春花,2001-12-20,14.23,14.5,14.0,14.22,14.47,972060.0,13767671.0,1395769219.2,3555398046.24
sh600645,望春花,2001-12-21,14.13,14.5,14.13,14.48,14.22,693525.0,9936256.0,1421289612.8,3620405324.16
sh600645,望春花,2001-12-24,14.3,14.48,14.13,14.32,14.48,219495.0,3129420.0,1405584755.2,3580400845.44
sh600645,望春花,2001-12-25,14.3,14.5,14.18,14.42,14.32,738261.0,10562505.0,1415400291.2,3605403644.64
sh600645,望春花,2001-12-26,14.3,14.5,14.09,14.31,14.42,504987.0,7212407.0,1404603201.6,3577900565.52
sh600645,望春花,2001-12-27,14.3,14.4,14.2,14.39,14.31,114819.0,1641418.0,1412455630.4,3597902804.88
sh600645,望春花,2001-12-28,14.38,14.8,14.2,14.4,14.39,237079.0,3394103.0,1413437184.0,3600403084.8
sh600645,望春花,2001-12-31,14.4,14.68,14.28,14.64,14.4,1334125.0,19270424.0,1436994470.4,3660409802.88
sh600645,望春花,2002-01-04,14.41,14.6,14.21,14.4,14.64,28318.0,407133.0,1413437184.0,3600403084.8
sh600645,望春花,2002-01-07,14.3,14.38,14.22,14.29,14.4,36000.0,513092.0,1402640094.4,3572900005.68
sh600645,望春花,2002-01-08,14.1,14.4,14.1,14.37,14.29,150370.0,2140960.0,1410492523.2,3592902245.04
sh600645,望春花,2002-01-09,13.9,14.48,13.85,14.47,14.37,1118983.0,16024213.0,1420308059.2,3617905044.24
sh600645,望春花,2002-01-10,14.45,14.58,14.18,14.26,14.47,1038696.0,14889561.0,1399695433.6,3565399165.92
sh600645,望春花,2002-01-11,14.2,14.45,14.15,14.43,14.26,596065.0,8511813.0,1416381844.8,3607903924.56
sh600645,望春花,2002-01-14,14.43,14.5,14.12,14.18,14.43,373014.0,5333515.0,1391843004.8,3545396926.56
sh600645,望春花,2002-01-15,14.15,14.26,14.08,14.21,14.18,163461.0,2314262.0,1394787665.6,3552897766.32
sh600645,望春花,2002-01-16,14.22,14.34,14.0,14.32,14.21,394474.0,5587779.0,1405584755.2,3580400845.44
sh600645,望春花,2002-01-17,14.3,14.34,13.98,14.08,14.32,329402.0,4648980.0,1382027468.8,3520394127.36
sh600645,望春花,2002-01-18,14.08,14.67,14.07,14.59,14.08,1080273.0,15456586.0,1432086702.4,3647908403.28
sh600645,望春花,2002-01-21,14.5,14.5,14.13,14.21,14.59,240637.0,3421257.0,1394787665.6,3552897766.32
sh600645,望春花,2002-01-22,14.15,14.48,14.11,14.19,14.21,103098.0,1467169.0,1392824558.4,3547897206.48
sh600645,望春花,2002-01-23,14.19,14.45,14.15,14.42,14.19,352038.0,5024884.0,1415400291.2,3605403644.64
sh600645,望春花,2002-01-24,14.48,14.48,14.2,14.25,14.42,204569.0,2920266.0,1398713880.0,3562898886.0
sh600645,望春花,2002-01-25,14.23,14.52,14.11,14.49,14.25,579930.0,8290950.0,1422271166.4,3622905604.08
sh600645,望春花,2002-01-28,14.3,14.45,14.1,14.32,14.49,972545.0,13884873.0,1405584755.2,3580400845.44
sh600645,望春花,2002-01-29,14.3,14.57,14.16,14.3,14.32,504966.0,7218792.0,1403621648.0,3575400285.6
sh600645,望春花,2002-01-30,14.28,14.47,14.2,14.31,14.3,326207.0,4656769.0,1404603201.6,3577900565.52
sh600645,望春花,2002-01-31,14.3,14.67,14.3,14.59,14.31,813010.0,11794243.0,1432086702.4,3647908403.28
sh600645,望春花,2002-02-01,14.59,14.6,14.36,14.42,14.59,398861.0,5762923.0,1415400291.2,3605403644.64
sh600645,望春花,2002-02-04,14.38,14.6,14.37,14.44,14.42,279231.0,4025448.0,1417363398.4,3610404204.48
sh600645,望春花,2002-02-05,14.43,14.55,14.39,14.45,14.44,512299.0,7397180.0,1418344952.0,3612904484.4
sh600645,望春花,2002-02-06,14.45,14.46,14.3,14.36,14.45,268120.0,3852352.0,1409510969.6,3590401965.12
sh600645,望春花,2002-02-07,14.36,14.5,14.32,14.45,14.36,452282.0,6520028.0,1418344952.0,3612904484.4
sh600645,望春花,2002-02-08,14.42,14.58,14.37,14.56,14.45,171459.0,2478839.0,1429142041.6,3640407563.52
sh600645,望春花,2002-02-25,14.55,14.7,14.49,14.68,14.56,247083.0,3603050.0,1440920684.8,3670410922.56
sh600645,望春花,2002-02-26,14.66,14.7,14.58,14.62,14.68,123020.0,1798803.0,1435031363.2,3655409243.04
sh600645,望春花,2002-02-27,14.62,14.62,14.46,14.52,14.62,202188.0,2934419.0,1425215827.2,3630406443.84
sh600645,望春花,2002-02-28,14.53,14.53,14.39,14.43,14.52,87880.0,1269701.0,1416381844.8,3607903924.56
sh600645,望春花,2002-03-01,14.41,14.6,14.39,14.53,14.43,121382.0,1759337.0,1426197380.8,3632906723.76
sh600645,望春花,2002-03-04,14.51,14.56,14.34,14.55,14.53,256495.0,3705688.0,1428160488.0,3637907283.6
sh600645,望春花,2002-03-05,14.5,14.53,14.42,14.45,14.55,218370.0,3159675.0,1418344952.0,3612904484.4
sh600645,望春花,2002-03-06,14.41,14.7,14.4,14.6,14.45,470624.0,6847836.0,1433068256.0,3650408683.2
sh600645,望春花,2002-03-07,14.6,14.9,14.59,14.83,14.6,874591.0,12922927.0,1455643988.8,3707915121.36
sh600645,望春花,2002-03-08,14.82,15.16,14.8,15.07,14.83,1308813.0,19585822.0,1479201275.2,3767921839.44
sh600645,望春花,2002-03-11,15.08,15.08,14.7,14.83,15.07,625233.0,9275394.0,1455643988.8,3707915121.36
sh600645,望春花,2002-03-12,14.83,14.97,14.55,14.7,14.83,685659.0,10079589.0,1442883792.0,3675411482.4
sh600645,望春花,2002-03-13,14.71,14.88,14.64,14.69,14.7,404230.0,5940355.0,1441902238.4,3672911202.48
sh600645,望春花,2002-03-14,14.68,14.98,14.64,14.95,14.69,501337.0,7425332.0,1467422632.0,3737918480.4
sh600645,望春花,2002-03-15,14.96,15.0,14.75,14.78,14.95,369600.0,5478642.0,1450736220.8,3695413721.76
sh600645,望春花,2002-03-18,14.9,15.0,14.73,14.79,14.78,169781.0,2518667.0,1451717774.4,3697914001.68
sh600645,望春花,2002-03-19,14.85,15.2,14.69,15.14,14.79,609361.0,9097153.0,1486072150.4,3785423798.88
sh600645,望春花,2002-03-20,15.14,15.98,15.13,15.79,15.14,1716503.0,26915556.0,1549873134.4,3947941993.68
sh600645,望春花,2002-03-21,15.79,15.85,15.46,15.5,15.79,1341980.0,20918337.0,1521408080.0,3875433876.0
sh600645,望春花,2002-03-22,15.5,15.93,15.5,15.81,15.5,1496750.0,23592517.0,1551836241.6,3952942553.52
sh600645,望春花,2002-03-25,15.85,15.98,15.64,15.68,15.81,887105.0,13971557.0,1539076044.8,3920438914.56
sh600645,望春花,2002-03-26,15.69,15.69,15.34,15.45,15.68,1032904.0,16013321.0,1516500312.0,3862932476.4
sh600645,望春花,2002-03-27,15.45,15.75,15.42,15.66,15.45,955389.0,14832852.0,1537112937.6,3915438354.72
sh600645,望春花,2002-03-28,15.67,15.94,15.59,15.84,15.66,993020.0,15713053.0,1554780902.4,3960443393.28
sh600645,望春花,2002-03-29,15.82,15.92,15.49,15.58,15.84,834834.0,13101858.0,1529260508.8,3895436115.36
sh600645,望春花,2002-04-01,15.57,15.9,15.55,15.75,15.58,1532691.0,24054253.0,1545946920.0,3937940874.0
sh600645,望春花,2002-04-02,15.74,16.29,15.74,16.05,15.75,1561163.0,25071855.0,1575393528.0,4012949271.6
sh600645,望春花,2002-04-03,16.06,16.37,15.87,15.97,16.05,1180240.0,19027352.0,1567541099.2,3992947032.24
sh600645,望春花,2002-04-04,15.9,16.1,15.55,15.99,15.97,858736.0,13558055.0,1569504206.4,3997947592.08
sh600645,望春花,2002-04-05,16.0,16.3,15.79,15.85,15.99,1975675.0,31450258.0,1555762456.0,3962943673.2
sh600645,望春花,2002-04-08,15.85,15.86,15.46,15.58,15.85,1076340.0,16792421.0,1529260508.8,3895436115.36
sh600645,望春花,2002-04-09,15.56,15.65,15.28,15.37,15.58,955167.0,14701611.0,1508647883.2,3842930237.04
sh600645,望春花,2002-04-10,15.35,15.59,15.29,15.34,15.37,644149.0,9918183.0,1505703222.4,3835429397.28
sh600645,望春花,2002-04-11,15.35,15.68,15.32,15.38,15.34,658583.0,10211553.0,1509629436.8,3845430516.96
sh600645,望春花,2002-04-12,15.38,15.67,15.33,15.62,15.38,823833.0,12780326.0,1533186723.2,3905437235.04
sh600645,望春花,2002-04-15,15.62,15.72,15.37,15.5,15.62,249964.0,3873753.0,1521408080.0,3875433876.0
sh600645,望春花,2002-04-16,15.46,15.46,15.12,15.15,15.5,881500.0,13443786.0,1487053704.0,3787924078.8
sh600645,望春花,2002-04-17,15.15,15.5,15.01,15.44,15.15,2660514.0,40353416.0,1515518758.4,3860432196.48
sh600645,望春花,2002-04-18,15.43,15.43,15.05,15.1,15.44,450720.0,6817447.0,1482145936.0,3775422679.2
sh600645,望春花,2002-04-19,15.1,15.12,14.78,14.82,15.1,441141.0,6569381.0,1454662435.2,3705414841.44
sh600645,望春花,2002-04-22,14.9,14.9,14.45,14.58,14.82,985235.0,14367897.0,1431105148.8,3645408123.36
sh600645,望春花,2002-04-23,14.56,14.65,14.4,14.58,14.58,1560890.0,22638909.0,1431105148.8,3645408123.36
sh600645,望春花,2002-04-24,14.58,14.98,14.49,14.53,14.58,662268.0,9692027.0,1426197380.8,3632906723.76
sh600645,望春花,2002-04-25,14.53,14.78,14.48,14.48,14.53,581820.0,8462775.0,1421289612.8,3620405324.16
sh600645,望春花,2002-04-26,14.48,14.77,14.45,14.48,14.48,376400.0,5461813.0,1421289612.8,3620405324.16
sh600645,望春花,2002-04-29,14.48,14.7,14.05,14.25,14.48,1222715.0,17464712.0,1398713880.0,3562898886.0
sh600645,望春花,2002-04-30,14.32,14.63,13.78,14.35,14.25,2888760.0,40517273.0,1408529416.0,3587901685.2
sh600645,望春花,2002-05-08,14.18,14.2,13.75,13.77,14.35,1530700.0,21211830.0,1351599307.2,3442885449.84
sh600645,望春花,2002-05-09,13.77,13.88,13.56,13.62,13.77,2801827.0,38333584.0,1336876003.2,3405381251.04
sh600645,望春花,2002-05-10,13.62,13.96,13.6,13.78,13.62,3446941.0,47442013.0,1352580860.8,3445385729.76
sh600645,望春花,2002-05-13,13.78,14.04,13.78,13.85,13.78,1172688.0,16327553.0,1359451736.0,3462887689.2
sh600645,望春花,2002-05-14,13.95,14.04,13.8,13.8,13.85,525000.0,7307293.0,1354543968.0,3450386289.6
sh600645,望春花,2002-05-15,13.78,13.82,13.61,13.68,13.8,272612.0,3728595.0,1342765324.8,3420382930.56
sh600645,望春花,2002-05-16,13.61,13.8,13.4,13.75,13.68,1089890.0,14854974.0,1349636200.0,3437884890.0
sh600645,望春花,2002-05-17,13.8,13.88,13.62,13.73,13.75,480940.0,6613644.0,1347673092.8,3432884330.16
sh600645,望春花,2002-05-20,13.63,13.98,13.63,13.84,13.73,577897.0,7966153.0,1358470182.4,3460387409.28
sh600645,望春花,2002-05-21,14.06,14.28,13.9,14.0,13.84,1116934.0,15693993.0,1374175040.0,3500391888.0
sh600645,望春花,2002-05-22,14.0,14.0,13.63,13.69,14.0,363400.0,4994494.0,1343746878.4,3422883210.48
sh600645,望春花,2002-05-23,13.6,14.03,13.52,14.01,13.69,2087272.0,28569457.0,1375156593.6,3502892167.92
sh600645,望春花,2002-05-24,13.98,14.23,13.85,14.16,14.01,773388.0,10893817.0,1389879897.6,3540396366.72
sh600645,望春花,2002-05-27,14.16,14.25,14.05,14.15,14.16,635200.0,8998140.0,1388898344.0,3537896086.8
sh600645,望春花,2002-05-28,14.08,14.37,14.08,14.34,14.15,1090946.0,15508632.0,1407547862.4,3585401405.28
sh600645,望春花,2002-05-29,14.35,14.35,14.2,14.3,14.34,624986.0,8917170.0,1403621648.0,3575400285.6
sh600645,望春花,2002-05-30,14.26,14.35,14.11,14.28,14.3,412413.0,5866408.0,1401658540.8,3570399725.76
sh600645,望春花,2002-05-31,14.27,14.55,14.22,14.35,14.28,500599.0,7195060.0,1408529416.0,3587901685.2
sh600645,望春花,2002-06-03,14.35,14.35,14.13,14.25,14.35,314722.0,4478747.0,1398713880.0,3562898886.0
sh600645,望春花,2002-06-04,14.25,14.37,14.1,14.22,14.25,341800.0,4860462.0,1395769219.2,3555398046.24
sh600645,望春花,2002-06-05,14.22,14.22,14.01,14.11,14.22,307226.0,4347590.0,1384972129.6,3527894967.12
sh600645,望春花,2002-06-06,14.08,14.7,14.07,14.51,14.11,1286332.0,18460001.0,1424234273.6,3627906163.92
sh600645,望春花,2002-06-07,14.56,14.56,14.35,14.53,14.51,469550.0,6791353.0,1426197380.8,3632906723.76
sh600645,望春花,2002-06-10,14.53,14.53,14.35,14.35,14.53,122560.0,1766952.0,1408529416.0,3587901685.2
sh600645,望春花,2002-06-11,14.35,14.4,14.18,14.27,14.35,123277.0,1757746.0,1400676987.2,3567899445.84
sh600645,望春花,2002-06-12,14.2,14.3,14.18,14.29,14.27,110190.0,1566335.0,1402640094.4,3572900005.68
sh600645,望春花,2002-06-13,14.3,14.33,14.13,14.16,14.29,542920.0,7726316.0,1389879897.6,3540396366.72
sh600645,望春花,2002-06-14,14.15,14.57,14.08,14.16,14.16,193470.0,2743535.0,1389879897.6,3540396366.72
sh600645,望春花,2002-06-17,14.15,14.39,13.88,14.29,14.16,1850834.0,26320158.0,1402640094.4,3572900005.68
sh600645,望春花,2002-06-18,14.29,14.32,14.27,14.28,14.29,179900.0,2570860.0,1401658540.8,3570399725.76
sh600645,望春花,2002-06-19,14.28,14.28,14.15,14.25,14.28,98660.0,1402469.0,1398713880.0,3562898886.0
sh600645,望春花,2002-06-20,14.25,14.38,14.17,14.26,14.25,721890.0,10309948.0,1399695433.6,3565399165.92
sh600645,望春花,2002-06-21,14.26,14.65,14.19,14.59,14.26,1961415.0,28250013.0,1432086702.4,3647908403.28
sh600645,望春花,2002-06-24,15.2,16.05,14.88,15.73,14.59,3031750.0,46934609.0,1543983812.8,3932940314.16
sh600645,望春花,2002-06-25,15.7,15.7,14.99,15.12,15.73,3225373.0,48974503.0,1484109043.2,3780423239.04
sh600645,望春花,2002-06-27,15.02,15.61,15.02,15.51,15.12,5665135.0,86794238.0,1522389633.6,3877934155.92
sh600645,望春花,2002-06-28,15.51,15.77,15.29,15.56,15.51,2498456.0,38828655.0,1527297401.6,3890435555.52
sh600645,望春花,2002-07-01,15.55,15.55,15.25,15.29,15.56,1777502.0,27239467.0,1500795454.4,3822927997.68
sh600645,望春花,2002-07-02,15.29,15.56,15.22,15.45,15.29,923017.0,14177765.0,1516500312.0,3862932476.4
sh600645,望春花,2002-07-03,15.45,15.45,15.3,15.34,15.45,333036.0,5119545.0,1505703222.4,3835429397.28
sh600645,望春花,2002-07-04,15.95,15.95,15.35,15.45,15.34,436264.0,6759815.0,1516500312.0,3862932476.4
sh600645,望春花,2002-07-05,15.45,15.7,15.4,15.47,15.45,1257407.0,19536839.0,1518463419.2,3867933036.24
sh600645,望春花,2002-07-08,15.48,15.48,15.26,15.43,15.47,221383.0,3395870.0,1514537204.8,3857931916.56
sh600645,望春花,2002-07-09,15.33,15.64,15.25,15.37,15.43,283275.0,4337228.0,1508647883.2,3842930237.04
sh600645,望春花,2002-07-10,15.37,15.51,15.28,15.5,15.37,286838.0,4411201.0,1521408080.0,3875433876.0
sh600645,望春花,2002-07-11,15.48,15.48,15.35,15.47,15.5,362160.0,5584319.0,1518463419.2,3867933036.24
sh600645,望春花,2002-07-12,15.47,15.58,15.37,15.48,15.47,546234.0,8445760.0,1519444972.8,3870433316.16
sh600645,望春花,2002-07-15,15.6,15.69,15.42,15.51,15.48,1103773.0,17108584.0,1522389633.6,3877934155.92
sh600645,望春花,2002-07-16,15.5,15.72,15.49,15.69,15.51,1398752.0,21768265.0,1540057598.4,3922939194.48
sh600645,望春花,2002-07-17,15.68,15.68,15.58,15.62,15.69,1517980.0,23712760.0,1533186723.2,3905437235.04
sh600645,望春花,2002-07-18,15.62,15.78,15.6,15.64,15.62,1566481.0,24525885.0,1535149830.4,3910437794.88
sh600645,望春花,2002-07-19,15.64,15.73,15.63,15.68,15.64,1003614.0,15730980.0,1539076044.8,3920438914.56
sh600645,望春花,2002-07-22,15.68,15.7,15.57,15.67,15.68,653003.0,10196452.0,1538094491.2,3917938634.64
sh600645,望春花,2002-07-23,15.61,15.9,15.6,15.81,15.67,2524819.0,39865197.0,1551836241.6,3952942553.52
sh600645,望春花,2002-07-24,15.8,15.85,15.66,15.71,15.81,828329.0,13028998.0,1542020705.6,3927939754.32
sh600645,望春花,2002-07-25,15.67,15.88,15.67,15.74,15.71,621040.0,9768713.0,1544965366.4,3935440594.08
sh600645,望春花,2002-07-26,15.73,15.78,15.68,15.75,15.74,682649.0,10749008.0,1545946920.0,3937940874.0
sh600645,望春花,2002-07-29,15.7,15.85,15.7,15.81,15.75,1051634.0,16578301.0,1551836241.6,3952942553.52
sh600645,望春花,2002-07-30,15.81,15.81,15.7,15.75,15.81,938912.0,14794603.0,1545946920.0,3937940874.0
sh600645,望春花,2002-07-31,15.75,15.75,15.58,15.69,15.75,826458.0,12955003.0,1540057598.4,3922939194.48
sh600645,望春花,2002-08-01,15.61,15.78,15.55,15.78,15.69,1531892.0,24007160.0,1548891580.8,3945441713.76
sh600645,望春花,2002-08-02,15.78,15.79,15.72,15.75,15.78,982040.0,15472818.0,1545946920.0,3937940874.0
sh600645,望春花,2002-08-05,15.75,15.78,15.7,15.73,15.75,888632.0,13983261.0,1543983812.8,3932940314.16
sh600645,望春花,2002-08-06,15.73,15.86,15.68,15.7,15.73,796715.0,12534876.0,1541039152.0,3925439474.4
sh600645,望春花,2002-08-07,15.71,15.78,15.66,15.72,15.7,908720.0,14284665.0,1543002259.2,3930440034.24
sh600645,望春花,2002-08-08,15.73,15.75,15.68,15.71,15.72,1222860.0,19212055.0,1542020705.6,3927939754.32
sh600645,望春花,2002-08-09,15.71,15.76,15.64,15.73,15.71,1836122.0,28799504.0,1543983812.8,3932940314.16
sh600645,望春花,2002-08-12,15.74,16.0,15.7,15.91,15.73,2977686.0,47291331.0,1561651777.6,3977945352.72
sh600645,望春花,2002-08-13,15.89,16.0,15.83,15.95,15.91,3413301.0,54265231.0,1565577992.0,3987946472.4
sh600645,望春花,2002-08-14,15.96,16.09,15.93,16.08,15.95,1319399.0,21107129.0,1578338188.8,4020450111.36
sh600645,望春花,2002-08-15,15.88,16.08,15.88,16.04,16.08,410321.0,6557819.0,1574411974.4,4010448991.68
sh600645,望春花,2002-08-16,16.03,16.18,15.99,16.02,16.04,981466.0,15780095.0,1572448867.2,4005448431.84
sh600645,望春花,2002-08-19,16.01,16.02,15.9,15.94,16.02,220920.0,3531167.0,1564596438.4,3985446192.48
sh600645,望春花,2002-08-20,15.92,16.08,15.89,16.0,15.94,427349.0,6814342.0,1570485760.0,4000447872.0
sh600645,望春花,2002-08-21,15.99,16.0,15.84,15.93,16.0,715571.0,11393095.0,1563614884.8,3982945912.56
sh600645,望春花,2002-08-22,15.91,16.15,15.8,15.95,15.93,1204725.0,19171399.0,1565577992.0,3987946472.4
sh600645,望春花,2002-08-23,15.95,16.03,15.89,15.93,15.95,310040.0,4942119.0,1563614884.8,3982945912.56
sh600645,望春花,2002-08-26,15.9,16.05,15.9,15.91,15.93,175809.0,2803123.0,1561651777.6,3977945352.72
sh600645,望春花,2002-08-27,15.91,16.0,15.88,15.98,15.91,374816.0,5969461.0,1568522652.8,3995447312.16
sh600645,望春花,2002-08-28,15.99,15.99,15.88,15.9,15.98,391624.0,6232066.0,1560670224.0,3975445072.8
sh600645,望春花,2002-08-29,15.9,16.08,15.89,15.93,15.9,921767.0,14678202.0,1563614884.8,3982945912.56
sh600645,望春花,2002-08-30,15.93,16.06,15.92,16.02,15.93,146284.0,2339323.0,1572448867.2,4005448431.84
sh600645,望春花,2002-09-02,16.02,16.05,15.94,16.01,16.02,95930.0,1535832.0,1571467313.6,4002948151.92
sh600645,望春花,2002-09-03,16.0,16.05,16.0,16.0,16.01,117880.0,1887133.0,1570485760.0,4000447872.0
sh600645,望春花,2002-09-04,16.01,16.15,15.99,16.08,16.0,213884.0,3432185.0,1578338188.8,4020450111.36
sh600645,望春花,2002-09-05,16.08,16.5,16.08,16.35,16.08,621882.0,10177187.0,1604840136.0,4087957669.2
sh600645,望春花,2002-09-06,16.34,16.34,16.18,16.23,16.35,223130.0,3623948.0,1593061492.8,4057954310.16
sh600645,望春花,2002-09-09,16.21,16.21,15.92,16.06,16.23,240834.0,3863484.0,1576375081.6,4015449551.52
sh600645,望春花,2002-09-10,16.05,16.18,16.03,16.05,16.06,343360.0,5509586.0,1575393528.0,4012949271.6
sh600645,望春花,2002-09-11,16.05,16.12,15.98,16.05,16.05,1282638.0,20567518.0,1575393528.0,4012949271.6
sh600645,望春花,2002-09-12,16.05,16.19,16.0,16.02,16.05,869800.0,13949177.0,1572448867.2,4005448431.84
sh600645,望春花,2002-09-16,16.03,16.26,16.0,16.2,16.02,1622604.0,26043004.0,1590116832.0,4050453470.4
sh600645,望春花,2002-09-17,16.2,16.39,16.18,16.18,16.2,261200.0,4245302.0,1588153724.8,4045452910.56
sh600645,望春花,2002-09-18,16.18,16.49,16.1,16.39,16.18,2001874.0,32567927.0,1608766350.4,4097958788.88
sh600645,望春花,2002-09-19,16.39,16.59,16.3,16.55,16.39,1096051.0,17956850.0,1624471208.0,4137963267.6
sh600645,望春花,2002-09-20,16.55,16.55,16.38,16.42,16.55,811075.0,13316022.0,1611711011.2,4105459628.64
sh600645,望春花,2002-09-23,16.42,16.48,16.34,16.36,16.42,567953.0,9300637.0,1605821689.6,4090457949.12
sh600645,望春花,2002-09-24,16.45,16.45,16.22,16.31,16.36,520803.0,8487409.0,1600913921.6,4077956549.52
sh600645,望春花,2002-09-25,16.3,16.48,16.23,16.3,16.31,575283.0,9363472.0,1599932368.0,4075456269.6
sh600645,望春花,2002-09-26,16.3,16.38,16.27,16.28,16.3,550480.0,8967424.0,1597969260.8,4070455709.76
sh600645,望春花,2002-09-27,16.28,16.4,16.27,16.27,16.28,62400.0,1018152.0,1596987707.2,4067955429.84
sh600645,望春花,2002-10-08,16.27,16.27,16.1,16.18,16.27,120704.0,1951247.0,1588153724.8,4045452910.56
sh600645,望春花,2002-10-09,16.16,16.3,16.07,16.15,16.18,141818.0,2293041.0,1585209064.0,4037952070.8
sh600645,望春花,2002-10-10,16.15,16.3,16.12,16.13,16.15,132400.0,2145572.0,1583245956.8,4032951510.96
sh600645,望春花,2002-10-11,16.29,16.39,16.1,16.12,16.13,107800.0,1743828.0,1582264403.2,4030451231.04
sh600645,望春花,2002-10-14,16.12,16.4,16.09,16.18,16.12,162140.0,2619561.0,1588153724.8,4045452910.56
sh600645,望春花,2002-10-15,16.17,16.3,16.13,16.15,16.18,70100.0,1135295.0,1585209064.0,4037952070.8
sh600645,望春花,2002-10-16,16.15,16.31,16.13,16.29,16.15,148029.0,2408278.0,1598950814.4,4072955989.68
sh600645,望春花,2002-10-17,16.29,16.29,16.16,16.2,16.29,122367.0,1984261.0,1590116832.0,4050453470.4
sh600645,望春花,2002-10-18,16.2,16.28,16.11,16.23,16.2,162974.0,2639203.0,1593061492.8,4057954310.16
sh600645,望春花,2002-10-21,16.23,16.25,16.06,16.22,16.23,201507.0,3257194.0,1592079939.2,4055454030.24
sh600645,望春花,2002-10-22,16.2,16.39,16.18,16.38,16.22,236619.0,3843471.0,1607784796.8,4095458508.96
sh600645,望春花,2002-10-23,16.38,16.38,16.19,16.21,16.38,160285.0,2602371.0,1591098385.6,4052953750.32
sh600645,望春花,2002-10-24,16.25,16.28,16.1,16.19,16.21,178441.0,2887427.0,1589135278.4,4047953190.48
sh600645,望春花,2002-10-25,16.19,16.3,16.13,16.15,16.19,67929.0,1098858.0,1585209064.0,4037952070.8
sh600645,望春花,2002-10-28,16.15,16.25,16.12,16.12,16.15,96600.0,1560520.0,1582264403.2,4030451231.04
sh600645,望春花,2002-10-29,16.3,16.3,16.0,16.12,16.12,99600.0,1602143.0,1582264403.2,4030451231.04
sh600645,望春花,2002-10-30,16.28,16.28,16.07,16.13,16.12,63581.0,1023945.0,1583245956.8,4032951510.96
sh600645,望春花,2002-10-31,16.21,16.21,16.12,16.13,16.13,46300.0,747102.0,1583245956.8,4032951510.96
sh600645,望春花,2002-11-01,16.16,16.25,16.08,16.14,16.13,47320.0,764347.0,1584227510.4,4035451790.88
sh600645,望春花,2002-11-04,16.12,16.25,16.0,16.2,16.14,233460.0,3771097.0,1590116832.0,4050453470.4
sh600645,望春花,2002-11-05,16.2,16.35,16.11,16.22,16.2,408390.0,6614579.0,1592079939.2,4055454030.24
sh600645,望春花,2002-11-06,16.22,16.22,16.08,16.15,16.22,475500.0,7682291.0,1585209064.0,4037952070.8
sh600645,望春花,2002-11-07,16.13,16.25,16.1,16.15,16.15,644302.0,10420068.0,1585209064.0,4037952070.8
sh600645,望春花,2002-11-08,16.15,16.3,16.15,16.2,16.15,932800.0,15107591.0,1590116832.0,4050453470.4
sh600645,望春花,2002-11-11,16.2,16.35,16.2,16.3,16.2,1227693.0,19955821.0,1599932368.0,4075456269.6
sh600645,望春花,2002-11-12,16.22,16.38,16.15,16.22,16.3,449679.0,7305100.0,1592079939.2,4055454030.24
sh600645,望春花,2002-11-13,16.22,16.25,16.1,16.22,16.22,174634.0,2823993.0,1592079939.2,4055454030.24
sh600645,望春花,2002-11-14,16.35,16.35,16.05,16.13,16.22,408000.0,6592712.0,1583245956.8,4032951510.96
sh600645,望春花,2002-11-15,16.13,16.3,16.1,16.21,16.13,503671.0,8138488.0,1591098385.6,4052953750.32
sh600645,望春花,2002-11-18,16.26,16.26,16.13,16.18,16.21,27161.0,439482.0,1588153724.8,4045452910.56
sh600645,望春花,2002-11-19,16.33,16.33,16.11,16.17,16.18,94731.0,1531773.0,1587172171.2,4042952630.64
sh600645,望春花,2002-11-20,16.17,16.17,16.07,16.15,16.17,106575.0,1718821.0,1585209064.0,4037952070.8
sh600645,望春花,2002-11-21,16.15,16.21,15.9,16.02,16.15,530956.0,8507701.0,1572448867.2,4005448431.84
sh600645,望春花,2002-11-22,16.0,16.2,15.78,15.92,16.02,435982.0,6940457.0,1562633331.2,3980445632.64
sh600645,望春花,2002-11-25,15.99,15.99,15.78,15.84,15.92,491937.0,7804931.0,1554780902.4,3960443393.28
sh600645,望春花,2002-11-26,15.84,15.97,15.73,15.81,15.84,310057.0,4898672.0,1551836241.6,3952942553.52
sh600645,望春花,2002-11-27,15.89,15.9,15.7,15.87,15.81,448049.0,7078256.0,1557725563.2,3967944233.04
sh600645,望春花,2002-11-28,15.8,15.98,15.73,15.91,15.87,307052.0,4850891.0,1561651777.6,3977945352.72
sh600645,望春花,2002-11-29,15.95,16.25,15.8,16.2,15.91,2749508.0,43807579.0,1590116832.0,4050453470.4
sh600645,望春花,2002-12-02,16.2,16.2,16.08,16.12,16.2,145112.0,2341322.0,1582264403.2,4030451231.04
sh600645,望春花,2002-12-03,16.12,16.39,16.05,16.32,16.12,906766.0,14738588.0,1601895475.2,4080456829.44
sh600645,望春花,2002-12-04,16.32,16.33,16.23,16.28,16.32,112440.0,1832224.0,1597969260.8,4070455709.76
sh600645,望春花,2002-12-05,16.28,16.3,16.2,16.24,16.28,80820.0,1313454.0,1594043046.4,4060454590.08
sh600645,望春花,2002-12-06,16.24,16.27,16.21,16.25,16.24,46391.0,752955.0,1595024600.0,4062954870.0
sh600645,望春花,2002-12-09,16.24,16.25,16.19,16.23,16.25,66400.0,1077329.0,1593061492.8,4057954310.16
sh600645,望春花,2002-12-10,16.23,16.29,16.18,16.23,16.23,1262206.0,20502006.0,1593061492.8,4057954310.16
sh600645,望春花,2002-12-11,16.3,16.3,16.19,16.21,16.23,159798.0,2590670.0,1591098385.6,4052953750.32
sh600645,望春花,2002-12-12,16.21,16.22,14.59,15.64,16.21,262731.0,4192910.0,1535149830.4,3910437794.88
sh600645,望春花,2002-12-13,15.65,16.25,15.65,16.18,15.64,493976.0,7921702.0,1588153724.8,4045452910.56
sh600645,望春花,2002-12-17,16.12,16.33,16.08,16.19,16.18,278702.0,4502990.0,1589135278.4,4047953190.48
sh600645,望春花,2002-12-18,16.15,16.19,16.08,16.18,16.19,476260.0,7683099.0,1588153724.8,4045452910.56
sh600645,望春花,2002-12-19,16.18,16.19,16.06,16.13,16.18,162801.0,2623945.0,1583245956.8,4032951510.96
sh600645,望春花,2002-12-20,16.28,16.28,16.02,16.15,16.13,667080.0,10755767.0,1585209064.0,4037952070.8
sh600645,望春花,2002-12-23,16.13,16.45,16.11,16.42,16.15,1705399.0,27646102.0,1611711011.2,4105459628.64
sh600645,望春花,2002-12-24,16.42,16.42,16.28,16.33,16.42,127464.0,2079495.0,1602877028.8,4082957109.36
sh600645,望春花,2002-12-25,16.33,16.39,16.25,16.32,16.33,367680.0,5998090.0,1601895475.2,4080456829.44
sh600645,望春花,2002-12-26,16.3,16.41,16.24,16.31,16.32,1714500.0,27967676.0,1600913921.6,4077956549.52
sh600645,望春花,2002-12-27,16.3,16.48,16.3,16.43,16.31,1738518.0,28503484.0,1612692564.8,4107959908.56
sh600645,望春花,2002-12-30,16.41,16.79,16.32,16.63,16.43,3053794.0,50139334.0,1632323636.8,4157965506.96
sh600645,望春花,2002-12-31,16.63,16.63,16.33,16.34,16.63,336300.0,5539897.0,1603858582.4,4085457389.28
sh600645,望春花,2003-01-02,16.34,16.38,16.13,16.35,16.34,906799.0,14713904.0,1604840136.0,4087957669.2
sh600645,望春花,2003-01-03,16.18,16.31,16.1,16.18,16.35,79240.0,1287154.0,1588153724.8,4045452910.56
sh600645,望春花,2003-01-06,16.13,16.25,16.1,16.2,16.18,313220.0,5060789.0,1590116832.0,4050453470.4
sh600645,望春花,2003-01-07,16.15,16.21,16.08,16.11,16.2,12080.0,194708.0,1581282849.6,4027950951.12
sh600645,望春花,2003-01-08,16.11,16.28,16.1,16.18,16.11,291751.0,4722504.0,1588153724.8,4045452910.56
sh600645,望春花,2003-01-09,16.11,16.3,16.11,16.22,16.18,254349.0,4112562.0,1592079939.2,4055454030.24
sh600645,望春花,2003-01-10,16.15,16.48,16.01,16.19,16.22,376219.0,6077367.0,1589135278.4,4047953190.48
sh600645,望春花,2003-01-13,16.15,16.18,15.94,16.0,16.19,83577.0,1341851.0,1570485760.0,4000447872.0
sh600645,望春花,2003-01-14,16.0,16.25,15.91,16.18,16.0,311886.0,5029773.0,1588153724.8,4045452910.56
sh600645,望春花,2003-01-15,16.18,16.26,16.0,16.08,16.18,79212.0,1275954.0,1578338188.8,4020450111.36
sh600645,望春花,2003-01-16,16.08,16.36,16.05,16.09,16.08,137700.0,2223675.0,1579319742.4,4022950391.28
sh600645,望春花,2003-01-17,16.09,16.25,16.03,16.08,16.09,136200.0,2191650.0,1578338188.8,4020450111.36
sh600645,望春花,2003-01-20,16.08,16.28,16.01,16.1,16.08,188666.0,3055855.0,1580301296.0,4025450671.2
sh600645,望春花,2003-01-21,16.1,16.2,16.05,16.12,16.1,18616.0,299637.0,1582264403.2,4030451231.04
sh600645,望春花,2003-01-22,16.12,16.35,16.1,16.24,16.12,939624.0,15224488.0,1594043046.4,4060454590.08
sh600645,望春花,2003-01-23,16.26,16.3,16.15,16.18,16.24,512180.0,8303518.0,1588153724.8,4045452910.56
sh600645,望春花,2003-01-24,16.18,16.39,16.13,16.33,16.18,1231022.0,20052966.0,1602877028.8,4082957109.36
sh600645,望春花,2003-01-27,16.33,16.38,16.21,16.35,16.33,524115.0,8547439.0,1604840136.0,4087957669.2
sh600645,望春花,2003-01-28,16.31,16.45,16.31,16.43,16.35,1363986.0,22334403.0,1612692564.8,4107959908.56
sh600645,望春花,2003-01-29,16.43,16.43,16.23,16.3,16.43,121881.0,1990549.0,1599932368.0,4075456269.6
sh600645,望春花,2003-02-10,16.28,16.28,16.13,16.15,16.3,38959.0,630376.0,1585209064.0,4037952070.8
sh600645,望春花,2003-02-11,16.15,16.26,16.1,16.24,16.15,485880.0,7878965.0,1594043046.4,4060454590.08
sh600645,望春花,2003-02-12,16.24,16.24,16.1,16.13,16.24,43800.0,707744.0,1583245956.8,4032951510.96
sh600645,望春花,2003-02-13,16.13,16.28,16.08,16.14,16.13,1462680.0,23632100.0,1584227510.4,4035451790.88
sh600645,望春花,2003-02-14,16.14,16.3,16.11,16.23,16.14,355465.0,5760591.0,1593061492.8,4057954310.16
sh600645,望春花,2003-02-17,16.23,16.3,16.1,16.15,16.23,255817.0,4147245.0,1585209064.0,4037952070.8
sh600645,望春花,2003-02-18,16.15,16.2,16.08,16.14,16.15,36937.0,595907.0,1584227510.4,4035451790.88
sh600645,望春花,2003-02-19,16.14,16.25,16.03,16.1,16.14,60400.0,972945.0,1580301296.0,4025450671.2
sh600645,望春花,2003-02-20,16.38,16.38,15.54,16.03,16.1,500900.0,8023375.0,1573430420.8,4007948711.76
sh600645,望春花,2003-02-21,15.8,16.58,15.8,16.35,16.03,275268.0,4469210.0,1604840136.0,4087957669.2
sh600645,望春花,2003-02-24,16.35,16.84,16.2,16.79,16.35,1545194.0,25559563.0,1648028494.4,4197969985.68
sh600645,望春花,2003-02-25,16.78,16.78,16.45,16.53,16.79,163743.0,2718652.0,1622508100.8,4132962707.76
sh600645,望春花,2003-02-26,16.51,16.75,16.43,16.53,16.53,911824.0,15104137.0,1622508100.8,4132962707.76
sh600645,望春花,2003-02-27,16.53,16.7,16.48,16.53,16.53,503433.0,8346724.0,1622508100.8,4132962707.76
sh600645,望春花,2003-02-28,16.53,16.68,16.48,16.5,16.53,66100.0,1093679.0,1619563440.0,4125461868.0
sh600645,望春花,2003-03-03,16.5,16.6,16.31,16.35,16.5,73460.0,1207155.0,1604840136.0,4087957669.2
sh600645,望春花,2003-03-04,16.35,16.58,16.28,16.34,16.35,57560.0,944874.0,1603858582.4,4085457389.28
sh600645,望春花,2003-03-05,16.34,16.48,16.25,16.33,16.34,372069.0,6075452.0,1602877028.8,4082957109.36
sh600645,望春花,2003-03-06,16.33,16.53,16.31,16.31,16.33,46136.0,757109.0,1600913921.6,4077956549.52
sh600645,望春花,2003-03-07,16.31,16.5,16.25,16.3,16.31,63800.0,1045833.0,1599932368.0,4075456269.6
sh600645,望春花,2003-03-10,16.3,16.5,16.28,16.3,16.3,388800.0,6352547.0,1599932368.0,4075456269.6
sh600645,望春花,2003-03-11,16.3,16.48,16.28,16.29,16.3,13000.0,212399.0,1598950814.4,4072955989.68
sh600645,望春花,2003-03-12,16.29,16.45,16.23,16.44,16.29,152870.0,2496418.0,1613674118.4,4110460188.48
sh600645,望春花,2003-03-13,16.43,16.43,16.26,16.31,16.44,124450.0,2036052.0,1600913921.6,4077956549.52
sh600645,望春花,2003-03-14,16.31,16.5,16.27,16.46,16.31,757861.0,12434074.0,1615637225.6,4115460748.32
sh600645,望春花,2003-03-17,16.44,16.53,16.35,16.38,16.46,319400.0,5244856.0,1607784796.8,4095458508.96
sh600645,望春花,2003-03-18,16.35,16.58,16.34,16.46,16.38,787900.0,12961665.0,1615637225.6,4115460748.32
sh600645,望春花,2003-03-19,16.46,16.66,16.45,16.58,16.46,814792.0,13464327.0,1627415868.8,4145464107.36
sh600645,望春花,2003-03-20,16.58,16.58,16.45,16.53,16.58,480723.0,7944235.0,1622508100.8,4132962707.76
sh600645,望春花,2003-03-21,16.53,16.53,16.4,16.41,16.53,20300.0,334771.0,1610729457.6,4102959348.72
sh600645,望春花,2003-03-24,16.41,16.55,16.2,16.45,16.41,204785.0,3338432.0,1614655672.0,4112960468.4
sh600645,望春花,2003-03-25,16.45,16.45,16.3,16.35,16.45,396500.0,6481765.0,1604840136.0,4087957669.2
sh600645,望春花,2003-03-26,16.35,16.48,16.32,16.45,16.35,532350.0,8734294.0,1614655672.0,4112960468.4
sh600645,望春花,2003-03-27,16.45,16.62,16.39,16.51,16.45,44421.0,731607.0,1620544993.6,4127962147.92
sh600645,望春花,2003-03-28,16.51,16.65,16.48,16.5,16.51,33380.0,551581.0,1619563440.0,4125461868.0
sh600645,望春花,2003-03-31,16.48,16.68,16.48,16.63,16.5,212763.0,3524157.0,1632323636.8,4157965506.96
sh600645,望春花,2003-04-01,16.63,16.68,16.59,16.65,16.63,124726.0,2074013.0,1634286744.0,4162966066.8
sh600645,望春花,2003-04-02,16.63,16.63,16.58,16.61,16.65,82850.0,1375944.0,1630360529.6,4152964947.12
sh600645,望春花,2003-04-03,16.61,16.72,16.58,16.59,16.61,67400.0,1120100.0,1628397422.4,4147964387.28
sh600645,望春花,2003-04-04,16.59,16.65,16.56,16.6,16.59,54100.0,898297.0,1629378976.0,4150464667.2
sh600645,望春花,2003-04-07,16.6,16.69,16.58,16.59,16.6,59300.0,986870.0,1628397422.4,4147964387.28
sh600645,望春花,2003-04-08,16.59,16.68,16.54,16.56,16.59,58800.0,975233.0,1625452761.6,4140463547.52
sh600645,望春花,2003-04-09,16.56,16.61,16.45,16.58,16.56,142028.0,2350564.0,1627415868.8,4145464107.36
sh600645,望春花,2003-04-10,16.58,16.65,16.45,16.54,16.58,80644.0,1331640.0,1623489654.4,4135462987.68
sh600645,望春花,2003-04-11,16.54,16.58,16.43,16.58,16.54,125080.0,2062948.0,1627415868.8,4145464107.36
sh600645,望春花,2003-04-14,16.48,16.6,16.25,16.35,16.58,146101.0,2393103.0,1604840136.0,4087957669.2
sh600645,望春花,2003-04-15,16.33,16.49,16.2,16.34,16.35,119990.0,1951782.0,1603858582.4,4085457389.28
sh600645,望春花,2003-04-16,16.45,16.45,16.21,16.28,16.34,366640.0,5958982.0,1597969260.8,4070455709.76
sh600645,望春花,2003-04-17,16.28,16.6,16.18,16.56,16.28,1101521.0,18023101.0,1625452761.6,4140463547.52
sh600645,望春花,2003-04-18,16.56,16.56,16.45,16.52,16.56,205918.0,3398405.0,1621526547.2,4130462427.84
sh600645,望春花,2003-04-21,16.52,16.52,16.38,16.4,16.52,64600.0,1060115.0,1609747904.0,4100459068.8
sh600645,望春花,2003-04-22,16.45,16.48,16.3,16.35,16.4,60402.0,987972.0,1604840136.0,4087957669.2
sh600645,望春花,2003-04-23,16.35,16.42,16.28,16.35,16.35,217060.0,3548375.0,1604840136.0,4087957669.2
sh600645,望春花,2003-04-24,16.35,16.68,16.33,16.6,16.35,456233.0,7521712.0,1629378976.0,4150464667.2
sh600645,望春花,2003-04-25,16.6,16.6,16.48,16.56,16.6,270315.0,4466570.0,1625452761.6,4140463547.52
sh600645,望春花,2003-04-28,16.5,16.88,16.48,16.63,16.56,218689.0,3638363.0,1632323636.8,4157965506.96
sh600645,望春花,2003-04-29,16.63,16.79,16.58,16.78,16.63,172816.0,2886361.0,1647046940.8,4195469705.76
sh600645,望春花,2003-04-30,16.78,16.98,16.6,16.89,16.78,369425.0,6181603.0,1657844030.4,4222972784.88
sh600645,望春花,2003-05-12,16.95,16.99,16.78,16.85,16.89,91740.0,1546353.0,1653917816.0,4212971665.2
sh600645,望春花,2003-05-13,16.83,16.95,16.79,16.88,16.85,141350.0,2382449.0,1656862476.8,4220472504.96
sh600645,望春花,2003-05-14,16.88,16.89,16.71,16.78,16.88,168779.0,2832496.0,1647046940.8,4195469705.76
sh600645,望春花,2003-05-15,16.75,16.86,16.6,16.8,16.78,406800.0,6784741.0,1649010048.0,4200470265.6
sh600645,望春花,2003-05-16,16.8,17.3,16.63,17.2,16.8,1103853.0,18459866.0,1688272192.0,4300481462.4
sh600645,望春花,2003-05-19,17.2,18.5,16.93,18.04,17.2,452863.0,8174578.0,1770722694.4,4510504975.68
sh600645,望春花,2003-05-20,18.0,18.4,17.79,18.0,18.04,263350.0,4774138.0,1766796480.0,4500503856.0
sh600645,望春花,2003-05-21,18.02,18.45,17.8,18.38,18.0,662592.0,12010718.0,1804095516.8,4595514492.96
sh600645,望春花,2003-05-22,18.38,19.96,18.3,19.25,18.38,519733.0,9979445.0,1889490680.0,4813038846.0
sh600645,望春花,2003-05-23,19.27,19.6,19.11,19.21,19.25,240352.0,4646397.0,1885564465.6,4803037726.32
sh600645,望春花,2003-05-26,19.25,19.54,19.18,19.29,19.21,448756.0,8659724.0,1893416894.4,4823039965.68
sh600645,望春花,2003-05-27,19.5,19.8,19.08,19.8,19.29,518079.0,9986925.0,1943476128.0,4950554241.6
sh600645,望春花,2003-05-28,19.8,20.2,19.5,19.58,19.8,930865.0,18268862.0,1921881948.8,4895548083.36
sh600645,望春花,2003-05-29,19.51,20.5,19.5,20.33,19.58,1058108.0,20905287.0,1995498468.8,5083069077.36
sh600645,望春花,2003-05-30,20.3,20.68,20.0,20.4,20.33,324510.0,6587405.0,2002369344.0,5100571036.8
sh600645,望春花,2003-06-02,20.4,20.4,19.77,19.91,20.4,162668.0,3240170.0,1954273217.6,4978057320.72
sh600645,望春花,2003-06-03,19.91,19.91,19.36,19.5,19.91,224140.0,4365466.0,1914029520.0,4875545844.0
sh600645,望春花,2003-06-04,19.48,19.68,19.15,19.5,19.5,137855.0,2669443.0,1914029520.0,4875545844.0
sh600645,望春花,2003-06-05,19.48,19.85,19.38,19.45,19.5,148900.0,2902237.0,1909121752.0,4863044444.4
sh600645,望春花,2003-06-06,19.45,19.5,19.16,19.31,19.45,213880.0,4129263.0,1895380001.6,4828040525.52
sh600645,望春花,2003-06-09,19.3,19.5,19.01,19.4,19.31,110661.0,2130780.0,1904213984.0,4850543044.8
sh600645,望春花,2003-06-10,19.28,19.88,19.25,19.72,19.4,199460.0,3881741.0,1935623699.2,4930552002.24
sh600645,望春花,2003-06-11,19.68,19.87,19.45,19.78,19.72,322620.0,6324424.0,1941513020.8,4945553681.76
sh600645,望春花,2003-06-12,19.78,19.81,19.5,19.75,19.78,554260.0,10879784.0,1938568360.0,4938052842.0
sh600645,望春花,2003-06-13,19.68,20.15,19.63,19.97,19.75,380867.0,7612956.0,1960162539.2,4993059000.24
sh600645,望春花,2003-06-16,19.91,19.91,19.73,19.85,19.97,23560.0,466725.0,1948383896.0,4963055641.2
sh600645,望春花,2003-06-17,19.82,19.85,19.43,19.53,19.85,334201.0,6580451.0,1916974180.8,4883046683.76
sh600645,望春花,2003-06-18,19.53,19.55,19.0,19.33,19.53,666539.0,12888153.0,1897343108.8,4833041085.36
sh600645,望春花,2003-06-19,19.18,19.5,18.85,19.28,19.33,93829.0,1788788.0,1892435340.8,4820539685.76
sh600645,望春花,2003-06-20,19.03,19.58,19.03,19.27,19.28,64639.0,1238586.0,1891453787.2,4818039405.84
sh600645,望春花,2003-06-23,19.2,19.2,18.55,18.77,19.27,80073.0,1504274.0,1842376107.2,4693025409.84
sh600645,望春花,2003-06-24,18.77,18.77,16.89,16.89,18.77,461700.0,7857203.0,1657844030.4,4222972784.88
sh600645,望春花,2003-06-25,16.8,18.0,15.2,17.45,16.89,1663636.0,27313905.0,1712811032.0,4362988460.4
sh600645,望春花,2003-06-26,17.1,17.67,17.0,17.31,17.45,135553.0,2333296.0,1699069281.6,4327984541.52
sh600645,望春花,2003-06-27,17.15,17.5,17.06,17.47,17.31,179557.0,3105985.0,1714774139.2,4367989020.24
sh600645,望春花,2003-07-02,17.28,17.38,17.21,17.26,17.47,92179.0,1592896.0,1694161513.6,4315483141.92
sh600645,望春花,2003-07-03,17.25,17.35,17.19,17.27,17.26,115020.0,1987169.0,1695143067.2,4317983421.84
sh600645,望春花,2003-07-04,17.18,17.87,17.18,17.52,17.27,53402.0,930765.0,1719681907.2,4380490419.84
sh600645,望春花,2003-07-07,17.48,17.48,17.14,17.24,17.52,39359.0,677808.0,1692198406.4,4310482582.08
sh600645,望春花,2003-07-08,17.23,17.54,17.02,17.23,17.24,126028.0,2161209.0,1691216852.8,4307982302.16
sh600645,望春花,2003-07-09,17.2,17.3,16.95,17.06,17.23,78600.0,1340899.0,1674530441.6,4265477543.52
sh600645,望春花,2003-07-10,17.05,17.14,16.96,17.1,17.06,95900.0,1632291.0,1678456656.0,4275478663.2
sh600645,望春花,2003-07-11,17.0,17.29,16.9,17.02,17.1,124446.0,2118928.0,1670604227.2,4255476423.84
sh600645,望春花,2003-07-14,17.02,17.29,16.87,17.01,17.02,65500.0,1113230.0,1669622673.6,4252976143.92
sh600645,望春花,2003-07-15,17.02,17.02,16.79,16.9,17.01,71250.0,1203996.0,1658825584.0,4225473064.8
sh600645,望春花,2003-07-16,16.88,17.05,16.87,16.99,16.9,245816.0,4175443.0,1667659566.4,4247975584.08
sh600645,望春花,2003-07-17,17.0,17.02,16.7,16.88,16.99,316800.0,5338953.0,1656862476.8,4220472504.96
sh600645,望春花,2003-07-18,16.87,17.1,16.73,16.83,16.88,264400.0,4458455.0,1651954708.8,4207971105.36
sh600645,望春花,2003-07-21,16.8,16.83,16.6,16.65,16.83,220250.0,3671872.0,1634286744.0,4162966066.8
sh600645,望春花,2003-07-22,16.65,16.71,16.38,16.65,16.65,218330.0,3622443.0,1634286744.0,4162966066.8
sh600645,望春花,2003-07-23,16.58,16.63,16.46,16.6,16.65,145650.0,2411732.0,1629378976.0,4150464667.2
sh600645,望春花,2003-07-24,16.58,16.7,16.56,16.69,16.6,82988.0,1381896.0,1638212958.4,4172967186.48
sh600645,望春花,2003-07-25,16.7,16.71,16.6,16.67,16.69,58800.0,980052.0,1636249851.2,4167966626.64
sh600645,望春花,2003-07-28,16.68,16.68,16.3,16.48,16.67,137935.0,2267507.0,1617600332.8,4120461308.16
sh600645,望春花,2003-07-29,16.5,16.5,16.36,16.48,16.48,137800.0,2267804.0,1617600332.8,4120461308.16
sh600645,望春花,2003-07-30,16.48,16.48,16.0,16.25,16.48,155374.0,2522480.0,1595024600.0,4062954870.0
sh600645,望春花,2003-07-31,16.25,17.7,16.18,16.26,16.25,119150.0,1941312.0,1596006153.6,4065455149.92
sh600645,望春花,2003-08-01,16.26,16.6,16.18,16.25,16.26,123180.0,2005269.0,1595024600.0,4062954870.0
sh600645,望春花,2003-08-04,16.25,16.3,16.1,16.18,16.25,144600.0,2342394.0,1588153724.8,4045452910.56
sh600645,望春花,2003-08-05,16.18,16.18,15.7,15.79,16.18,272300.0,4318884.0,1549873134.4,3947941993.68
sh600645,望春花,2003-08-06,15.55,16.2,15.21,16.19,15.79,264827.0,4220181.0,1589135278.4,4047953190.48
sh600645,望春花,2003-08-07,16.29,16.29,16.05,16.09,16.19,150006.0,2429546.0,1579319742.4,4022950391.28
sh600645,望春花,2003-08-08,16.15,16.17,16.0,16.13,16.09,197491.0,3184183.0,1583245956.8,4032951510.96
sh600645,望春花,2003-08-11,16.13,16.15,15.88,15.99,16.13,24520.0,393083.0,1569504206.4,3997947592.08
sh600645,望春花,2003-08-12,15.95,16.05,15.9,15.99,15.99,103780.0,1658927.0,1569504206.4,3997947592.08
sh600645,望春花,2003-08-13,15.95,15.99,15.87,15.94,15.99,65500.0,1044223.0,1564596438.4,3985446192.48
sh600645,望春花,2003-08-14,15.9,15.98,15.82,15.87,15.94,23340.0,371019.0,1557725563.2,3967944233.04
sh600645,望春花,2003-08-15,15.9,15.9,15.7,15.89,15.87,27800.0,440636.0,1559688670.4,3972944792.88
sh600645,望春花,2003-08-18,15.88,16.05,15.87,15.94,15.89,17540.0,279999.0,1564596438.4,3985446192.48
sh600645,望春花,2003-08-19,15.9,16.04,15.71,15.95,15.94,36090.0,573109.0,1565577992.0,3987946472.4
sh600645,望春花,2003-08-20,15.88,15.88,15.74,15.78,15.95,17060.0,269626.0,1548891580.8,3945441713.76
sh600645,望春花,2003-08-21,15.8,15.81,15.55,15.78,15.78,38210.0,600714.0,1548891580.8,3945441713.76
sh600645,望春花,2003-08-22,15.7,15.85,15.4,15.8,15.78,96860.0,1521364.0,1550854688.0,3950442273.6
sh600645,望春花,2003-08-25,15.75,15.79,15.6,15.72,15.8,39800.0,625603.0,1543002259.2,3930440034.24
sh600645,望春花,2003-08-26,15.7,15.7,15.53,15.58,15.72,56300.0,879082.0,1529260508.8,3895436115.36
sh600645,望春花,2003-08-27,15.58,15.7,15.03,15.31,15.58,154600.0,2383442.0,1502758561.6,3827928557.52
sh600645,望春花,2003-08-28,15.29,15.33,14.58,14.77,15.31,167550.0,2470548.0,1449754667.2,3692913441.84
sh600645,望春花,2003-08-29,14.74,14.74,13.98,14.5,14.77,224026.0,3209017.0,1423252720.0,3625405884.0
sh600645,望春花,2003-09-01,14.33,14.88,14.2,14.78,14.5,112369.0,1650422.0,1450736220.8,3695413721.76
sh600645,望春花,2003-09-02,14.58,14.77,14.3,14.43,14.78,118900.0,1722078.0,1416381844.8,3607903924.56
sh600645,望春花,2003-09-03,14.33,14.48,14.33,14.43,14.43,161600.0,2333720.0,1416381844.8,3607903924.56
sh600645,望春花,2003-09-04,14.33,14.5,14.3,14.46,14.43,215197.0,3106378.0,1419326505.6,3615404764.32
sh600645,望春花,2003-09-05,14.36,15.13,14.36,14.54,14.46,800450.0,11724138.0,1427178934.4,3635407003.68
sh600645,望春花,2003-09-08,14.45,14.75,14.43,14.71,14.54,348396.0,5076876.0,1443865345.6,3677911762.32
sh600645,望春花,2003-09-09,14.57,14.65,14.0,14.26,14.71,433200.0,6250983.0,1399695433.6,3565399165.92
sh600645,望春花,2003-09-10,14.23,14.66,14.23,14.35,14.26,254300.0,3661677.0,1408529416.0,3587901685.2
sh600645,望春花,2003-09-11,14.28,14.54,14.2,14.28,14.35,466770.0,6664753.0,1401658540.8,3570399725.76
sh600645,望春花,2003-09-12,14.3,14.4,14.25,14.33,14.28,970146.0,13876945.0,1406566308.8,3582901125.36
sh600645,望春花,2003-09-15,14.3,14.45,14.26,14.31,14.33,238000.0,3412156.0,1404603201.6,3577900565.52
sh600645,望春花,2003-09-16,14.25,14.5,14.25,14.48,14.31,300771.0,4325293.0,1421289612.8,3620405324.16
sh600645,望春花,2003-09-17,14.35,14.78,14.35,14.76,14.48,954892.0,13922703.0,1448773113.6,3690413161.92
sh600645,望春花,2003-09-18,15.05,15.2,14.5,14.6,14.76,504300.0,7415882.0,1433068256.0,3650408683.2
sh600645,望春花,2003-09-19,14.72,14.8,14.35,14.54,14.6,492344.0,7120509.0,1427178934.4,3635407003.68
sh600645,望春花,2003-09-22,14.54,14.65,14.53,14.64,14.54,104860.0,1530288.0,1436994470.4,3660409802.88
sh600645,望春花,2003-09-23,14.64,14.69,14.33,14.4,14.64,87200.0,1264568.0,1413437184.0,3600403084.8
sh600645,望春花,2003-09-24,14.38,14.39,14.2,14.23,14.4,99500.0,1419647.0,1396750772.8,3557898326.16
sh600645,望春花,2003-09-25,14.25,14.35,14.1,14.2,14.23,951952.0,13555859.0,1393806112.0,3550397486.4
sh600645,望春花,2003-09-26,14.21,14.33,14.19,14.26,14.2,430325.0,6126364.0,1399695433.6,3565399165.92
sh600645,望春花,2003-09-29,14.25,14.25,14.18,14.19,14.26,192200.0,2728645.0,1392824558.4,3547897206.48
sh600645,望春花,2003-09-30,14.15,14.4,14.11,14.36,14.19,813803.0,11523825.0,1409510969.6,3590401965.12
sh600645,望春花,2003-10-08,14.3,14.4,14.15,14.33,14.36,7400.0,105983.0,1406566308.8,3582901125.36
sh600645,望春花,2003-10-09,14.33,14.38,14.28,14.3,14.33,6600.0,94520.0,1403621648.0,3575400285.6
sh600645,望春花,2003-10-10,14.26,14.35,14.0,14.2,14.3,49000.0,696904.0,1393806112.0,3550397486.4
sh600645,望春花,2003-10-13,14.2,14.2,14.03,14.2,14.2,12600.0,178379.0,1393806112.0,3550397486.4
sh600645,望春花,2003-10-14,14.2,14.35,13.9,14.35,14.2,39600.0,556378.0,1408529416.0,3587901685.2
sh600645,望春花,2003-10-15,14.28,14.28,13.98,14.24,14.35,102480.0,1443697.0,1397732326.4,3560398606.08
sh600645,望春花,2003-10-16,14.2,14.2,13.0,13.08,14.24,68900.0,951809.0,1283872108.8,3270366135.36
sh600645,望春花,2003-10-17,13.97,14.39,13.3,14.2,13.08,634110.0,8997133.0,1393806112.0,3550397486.4
sh600645,望春花,2003-10-20,14.1,14.1,13.6,13.81,14.2,314500.0,4352526.0,1355525521.6,3452886569.52
sh600645,望春花,2003-10-21,13.8,14.33,13.8,13.93,13.81,980565.0,13718373.0,1367304164.8,3482889928.56
sh600645,望春花,2003-10-22,13.95,14.0,13.75,13.96,13.93,38109.0,530513.0,1370248825.6,3490390768.32
sh600645,望春花,2003-10-23,13.9,14.03,13.83,13.93,13.96,16118.0,224143.0,1367304164.8,3482889928.56
sh600645,望春花,2003-10-24,13.93,14.05,13.67,13.99,13.93,196358.0,2732707.0,1373193486.4,3497891608.08
sh600645,望春花,2003-10-27,13.9,14.05,13.7,13.77,13.99,373600.0,5183988.0,1351599307.2,3442885449.84
sh600645,望春花,2003-10-28,13.81,14.0,13.62,13.78,13.77,25100.0,345061.0,1352580860.8,3445385729.76
sh600645,望春花,2003-10-29,13.77,13.98,13.58,13.78,13.78,36710.0,502994.0,1352580860.8,3445385729.76
sh600645,望春花,2003-10-30,13.7,14.0,13.58,13.7,13.78,14100.0,193545.0,1344728432.0,3425383490.4
sh600645,望春花,2003-10-31,13.7,13.75,13.57,13.6,13.7,10900.0,148478.0,1334912896.0,3400380691.2
sh600645,望春花,2003-11-03,13.6,13.9,13.6,13.78,13.6,69620.0,959100.0,1352580860.8,3445385729.76
sh600645,望春花,2003-11-04,13.78,14.0,13.68,13.8,13.78,142428.0,1961708.0,1354543968.0,3450386289.6
sh600645,望春花,2003-11-05,13.8,13.88,13.69,13.69,13.8,14416.0,198714.0,1343746878.4,3422883210.48
sh600645,望春花,2003-11-06,13.69,14.0,13.6,13.77,13.69,50800.0,698024.0,1351599307.2,3442885449.84
sh600645,望春花,2003-11-07,13.77,13.8,13.45,13.73,13.77,91010.0,1248539.0,1347673092.8,3432884330.16
sh600645,望春花,2003-11-10,13.73,13.89,13.51,13.57,13.73,68410.0,930260.0,1331968235.2,3392879851.44
sh600645,望春花,2003-11-11,13.52,13.86,13.4,13.83,13.57,169419.0,2314007.0,1357488628.8,3457887129.36
sh600645,望春花,2003-11-12,13.71,13.71,13.6,13.61,13.83,5200.0,71100.0,1335894449.6,3402880971.12
sh600645,望春花,2003-11-13,13.61,13.89,13.45,13.54,13.61,30603.0,415200.0,1329023574.4,3385379011.68
sh600645,望春花,2003-11-14,13.54,13.7,13.45,13.57,13.54,9400.0,127050.0,1331968235.2,3392879851.44
sh600645,望春花,2003-11-17,13.57,13.7,13.52,13.57,13.57,7600.0,102959.0,1331968235.2,3392879851.44
sh600645,望春花,2003-11-18,13.57,13.57,13.45,13.49,13.57,54300.0,734139.0,1324115806.4,3372877612.08
sh600645,望春花,2003-11-19,13.49,13.6,13.43,13.6,13.49,20200.0,272063.0,1334912896.0,3400380691.2
sh600645,望春花,2003-11-20,13.57,13.75,13.43,13.52,13.6,12500.0,169169.0,1327060467.2,3380378451.84
sh600645,望春花,2003-11-21,13.52,13.6,13.33,13.47,13.52,34400.0,461263.0,1322152699.2,3367877052.24
sh600645,望春花,2003-11-24,13.47,13.65,13.4,13.49,13.47,5400.0,72780.0,1324115806.4,3372877612.08
sh600645,望春花,2003-11-25,13.49,13.6,13.4,13.58,13.49,35657.0,480316.0,1332949788.8,3395380131.36
sh600645,望春花,2003-11-26,13.55,13.7,13.27,13.41,13.58,34894.0,467268.0,1316263377.6,3352875372.72
sh600645,望春花,2003-11-27,13.41,13.5,13.1,13.32,13.41,138700.0,1843577.0,1307429395.2,3330372853.44
sh600645,望春花,2003-11-28,13.32,13.64,13.22,13.36,13.32,89250.0,1191988.0,1311355609.6,3340373973.12
sh600645,望春花,2003-12-03,13.37,13.8,13.24,13.4,13.36,25198.0,336819.0,1315281824.0,3350375092.8
sh600645,望春花,2003-12-04,13.4,13.5,13.08,13.25,13.4,53500.0,706612.0,1300558520.0,3312870894.0
sh600645,望春花,2003-12-05,13.25,13.45,13.08,13.2,13.25,42700.0,562957.0,1295650752.0,3300369494.4
sh600645,望春花,2003-12-08,13.2,13.55,12.82,13.45,13.2,75330.0,993202.0,1320189592.0,3362876492.4
sh600645,望春花,2003-12-09,13.45,13.65,13.15,13.32,13.45,50282.0,667229.0,1307429395.2,3330372853.44
sh600645,望春花,2003-12-10,13.32,13.32,13.05,13.25,13.32,32461.0,426819.0,1300558520.0,3312870894.0
sh600645,望春花,2003-12-11,13.25,13.27,13.0,13.07,13.25,44347.0,582197.0,1282890555.2,3267865855.44
sh600645,望春花,2003-12-12,13.07,13.33,12.95,13.29,13.07,68000.0,897390.0,1304484734.4,3322872013.68
sh600645,望春花,2003-12-15,13.2,13.3,13.05,13.13,13.29,35900.0,471404.0,1288779876.8,3282867534.96
sh600645,望春花,2003-12-16,13.13,13.25,13.0,13.09,13.13,33700.0,439916.0,1284853662.4,3272866415.28
sh600645,望春花,2003-12-17,13.09,13.09,13.0,13.06,13.09,18150.0,236830.0,1281909001.6,3265365575.52
sh600645,望春花,2003-12-18,13.0,13.1,12.98,13.05,13.06,40430.0,526944.0,1280927448.0,3262865295.6
sh600645,望春花,2003-12-19,13.03,13.03,12.7,12.96,13.05,52600.0,680679.0,1272093465.6,3240362776.32
sh600645,望春花,2003-12-22,12.96,13.0,12.87,13.0,12.96,5800.0,75201.0,1276019680.0,3250363896.0
sh600645,望春花,2003-12-23,13.0,13.06,12.48,13.03,13.0,26670.0,345314.0,1278964340.8,3257864735.76
sh600645,望春花,2003-12-24,13.0,13.1,12.65,12.65,13.03,26900.0,343642.0,1241665304.0,3162854098.8
sh600645,望春花,2003-12-25,12.65,12.99,12.5,12.98,12.65,157543.0,2034745.0,1274056572.8,3245363336.16
sh600645,望春花,2003-12-26,12.98,13.2,12.8,13.08,12.98,173660.0,2269495.0,1283872108.8,3270366135.36
sh600645,望春花,2003-12-29,13.08,13.08,12.8,13.0,13.08,41349.0,533455.0,1276019680.0,3250363896.0
sh600645,望春花,2003-12-30,13.0,13.12,12.8,13.0,13.0,31576.0,409571.0,1276019680.0,3250363896.0
sh600645,望春花,2003-12-31,13.0,13.18,12.9,13.11,13.0,193167.0,2530271.0,1286816769.6,3277866975.12
sh600645,望春花,2004-01-02,13.11,13.11,12.66,12.9,13.11,263850.0,3401608.0,1266204144.0,3225361096.8
sh600645,望春花,2004-01-05,12.85,13.17,12.7,12.74,12.9,315700.0,4098219.0,1250499286.4,3185356618.08
sh600645,望春花,2004-01-06,12.65,12.95,12.61,12.81,12.74,36380.0,464388.0,1257370161.6,3202858577.52
sh600645,望春花,2004-01-07,12.7,12.85,12.6,12.78,12.81,44700.0,569519.0,1254425500.8,3195357737.76
sh600645,望春花,2004-01-08,12.6,12.88,12.6,12.7,12.78,15200.0,193593.0,1246573072.0,3175355498.4
sh600645,望春花,2004-01-09,12.6,12.8,12.6,12.78,12.7,72399.0,922226.0,1254425500.8,3195357737.76
sh600645,望春花,2004-01-12,12.6,12.83,12.6,12.79,12.78,27520.0,350549.0,1255407054.4,3197858017.68
sh600645,望春花,2004-01-13,12.65,12.85,12.6,12.73,12.79,35606.0,451533.0,1249517732.8,3182856338.16
sh600645,望春花,2004-01-14,12.66,12.78,12.58,12.66,12.73,43800.0,554085.0,1242646857.6,3165354378.72
sh600645,望春花,2004-01-15,12.66,12.72,12.3,12.58,12.66,43100.0,540673.0,1234794428.8,3145352139.36
sh600645,望春花,2004-01-16,12.5,12.95,12.5,12.88,12.58,100999.0,1298124.0,1264241036.8,3220360536.96
sh600645,望春花,2004-01-29,12.88,13.3,12.8,12.95,12.88,18799.0,243759.0,1271111912.0,3237862496.4
sh600645,望春花,2004-01-30,13.0,13.0,12.69,12.8,12.95,20300.0,261208.0,1256388608.0,3200358297.6
sh600645,望春花,2004-02-02,12.81,13.1,12.76,12.86,12.8,355317.0,4570329.0,1262277929.6,3215359977.12
sh600645,望春花,2004-02-03,12.81,13.0,12.7,12.82,12.86,85100.0,1090935.0,1258351715.2,3205358857.44
sh600645,望春花,2004-02-04,12.82,12.88,12.68,12.8,12.82,148265.0,1895840.0,1256388608.0,3200358297.6
sh600645,望春花,2004-02-05,12.85,13.6,12.85,13.22,12.8,1783830.0,23474169.0,1297613859.2,3305370054.24
sh600645,望春花,2004-02-06,13.3,13.65,13.21,13.22,13.22,1255901.0,16873064.0,1297613859.2,3305370054.24
sh600645,望春花,2004-02-09,13.2,13.4,12.91,13.18,13.22,591720.0,7761828.0,1293687644.8,3295368934.56
sh600645,望春花,2004-02-10,13.18,13.58,13.13,13.19,13.18,815271.0,10853970.0,1294669198.4,3297869214.48
sh600645,望春花,2004-02-11,13.22,13.4,12.92,13.01,13.19,575681.0,7517085.0,1277001233.6,3252864175.92
sh600645,望春花,2004-02-12,13.05,13.14,12.48,12.75,13.01,691478.0,8827205.0,1251480840.0,3187856898.0
sh600645,望春花,2004-02-13,12.7,13.13,12.55,13.07,12.75,1058702.0,13677835.0,1282890555.2,3267865855.44
sh600645,望春花,2004-02-16,13.07,13.3,12.78,12.88,13.07,465500.0,6021409.0,1264241036.8,3220360536.96
sh600645,望春花,2004-02-17,12.88,13.09,12.6,12.79,12.88,451000.0,5795411.0,1255407054.4,3197858017.68
sh600645,望春花,2004-02-18,12.58,12.96,12.33,12.85,12.79,1531150.0,19428143.0,1261296376.0,3212859697.2
sh600645,望春花,2004-02-19,12.85,12.89,12.55,12.65,12.85,656400.0,8315868.0,1241665304.0,3162854098.8
sh600645,望春花,2004-02-20,12.62,12.7,12.0,12.66,12.65,1271687.0,15834112.0,1242646857.6,3165354378.72
sh600645,望春花,2004-02-23,12.6,12.66,12.25,12.3,12.66,256200.0,3171284.0,1207310928.0,3075344301.6
sh600645,望春花,2004-02-24,12.29,12.4,12.0,12.22,12.3,358563.0,4380366.0,1199458499.2,3055342062.24
sh600645,望春花,2004-02-25,12.3,13.44,12.3,13.06,12.22,3357187.0,44419054.0,1281909001.6,3265365575.52
sh600645,望春花,2004-02-26,12.88,12.88,11.75,11.95,13.06,2229171.0,26732606.0,1172956552.0,2987834504.4
sh600645,望春花,2004-02-27,11.81,12.02,10.76,11.65,11.95,2015465.0,23234311.0,1143509944.0,2912826106.8
sh600645,望春花,2004-03-01,11.27,11.3,11.0,11.17,11.65,878693.0,9744519.0,1096395371.2,2792812670.64
sh600645,望春花,2004-03-02,11.1,11.65,11.07,11.09,11.17,712769.0,8046626.0,1088542942.4,2772810431.28
sh600645,望春花,2004-03-03,11.09,11.23,10.97,11.05,11.09,445029.0,4912677.0,1084616728.0,2762809311.6
sh600645,望春花,2004-03-04,11.09,11.27,10.98,11.05,11.05,322200.0,3558217.0,1084616728.0,2762809311.6
sh600645,望春花,2004-03-05,11.05,11.17,10.99,11.11,11.05,325732.0,3601132.0,1090506049.6,2777810991.12
sh600645,望春花,2004-03-08,11.16,11.24,11.11,11.19,11.11,523309.0,5850313.0,1098358478.4,2797813230.48
sh600645,望春花,2004-03-09,11.2,11.42,11.2,11.36,11.19,1070974.0,12141614.0,1115044889.6,2840317989.12
sh600645,望春花,2004-03-10,11.4,11.45,11.18,11.26,11.36,739248.0,8310311.0,1105229353.6,2815315189.92
sh600645,望春花,2004-03-11,11.26,11.37,11.18,11.28,11.26,360826.0,4071743.0,1107192460.8,2820315749.76
sh600645,望春花,2004-03-12,11.3,11.38,11.18,11.28,11.28,326600.0,3686587.0,1107192460.8,2820315749.76
sh600645,望春花,2004-03-15,11.26,11.33,10.91,10.98,11.28,545317.0,6018623.0,1077745852.8,2745307352.16
sh600645,望春花,2004-03-16,10.98,10.98,10.35,10.52,10.98,1986377.0,20943723.0,1032594387.2,2630294475.84
sh600645,望春花,2004-03-17,10.5,10.63,10.27,10.43,10.52,1704156.0,17677788.0,1023760404.8,2607791956.56
sh600645,望春花,2004-03-18,10.43,10.46,10.15,10.18,10.43,1164072.0,11973953.0,999221564.8,2545284958.56
sh600645,望春花,2004-03-19,10.18,10.34,10.12,10.18,10.18,770250.0,7844147.0,999221564.8,2545284958.56
sh600645,望春花,2004-03-22,10.21,10.71,10.21,10.48,10.18,1189580.0,12516425.0,1028668172.8,2620293356.16
sh600645,望春花,2004-03-23,10.55,10.59,10.36,10.47,10.48,653530.0,6847424.0,1027686619.2,2617793076.24
sh600645,望春花,2004-03-24,10.47,10.53,10.09,10.31,10.47,1102363.0,11299671.0,1011981761.6,2577788597.52
sh600645,望春花,2004-03-25,10.31,10.31,10.1,10.23,10.31,357595.0,3638813.0,1004129332.8,2557786358.16
sh600645,望春花,2004-03-26,10.25,10.29,10.12,10.2,10.23,317965.0,3239678.0,1001184672.0,2550285518.4
sh600645,望春花,2004-03-29,11.22,11.22,10.0,10.33,10.2,716272.0,7477053.0,1013944868.8,2582789157.36
sh600645,望春花,2004-03-30,10.44,10.44,10.12,10.33,10.33,548900.0,5626890.0,1013944868.8,2582789157.36
sh600645,望春花,2004-03-31,10.3,10.4,10.16,10.29,10.33,488560.0,4992657.0,1010018654.4,2572788037.68
sh600645,望春花,2004-04-01,10.29,10.29,10.12,10.24,10.29,412749.0,4199845.0,1005110886.4,2560286638.08
sh600645,望春花,2004-04-02,10.22,10.32,10.08,10.23,10.24,1042600.0,10608019.0,1004129332.8,2557786358.16
sh600645,望春花,2004-04-05,10.24,10.26,10.05,10.19,10.23,548044.0,5559171.0,1000203118.4,2547785238.48
sh600645,望春花,2004-04-06,10.16,10.18,10.05,10.15,10.19,565527.0,5714987.0,996276904.0,2537784118.8
sh600645,望春花,2004-04-07,10.15,10.16,10.04,10.15,10.15,565416.0,5705780.0,996276904.0,2537784118.8
sh600645,望春花,2004-04-08,10.12,10.24,10.05,10.19,10.15,647300.0,6580594.0,1000203118.4,2547785238.48
sh600645,望春花,2004-04-09,10.2,10.6,10.18,10.3,10.19,2189611.0,22819442.0,1011000208.0,2575288317.6
sh600645,望春花,2004-04-12,10.31,10.5,10.31,10.43,10.3,1535697.0,15999658.0,1023760404.8,2607791956.56
sh600645,望春花,2004-04-13,10.45,10.55,10.25,10.35,10.43,1066642.0,11039711.0,1015907976.0,2587789717.2
sh600645,望春花,2004-04-14,10.4,10.58,10.18,10.34,10.35,1131514.0,11769411.0,1014926422.4,2585289437.28
sh600645,望春花,2004-04-15,10.35,10.42,10.13,10.21,10.34,715601.0,7330015.0,1002166225.6,2552785798.32
sh600645,望春花,2004-04-16,10.21,10.38,9.19,9.49,10.21,1120568.0,10970244.0,931494366.4,2372765644.08
sh600645,望春花,2004-04-19,9.48,9.48,8.54,8.74,9.49,1884900.0,16225201.0,857877846.4,2185244650.08
sh600645,望春花,2004-04-20,8.54,8.62,7.87,8.27,8.74,1715286.0,14052832.0,811744827.2,2067731493.84
sh600645,望春花,2004-04-21,8.0,8.58,8.0,8.19,8.27,771324.0,6348342.0,803892398.4,2047729254.48
sh600645,望春花,2004-04-22,8.19,8.29,7.4,7.58,8.19,782078.0,6218750.0,744017628.8,1895212179.36
sh600645,望春花,2004-04-23,7.5,7.8,7.3,7.54,7.58,1236156.0,9264570.0,740091414.4,1885211059.68
sh600645,望春花,2004-04-26,7.5,7.8,7.3,7.36,7.54,569111.0,4242729.0,722423449.6,1840206021.12
sh600645,望春花,2004-04-27,7.36,7.4,6.62,6.62,7.36,883799.0,6070329.0,649788483.2,1655185307.04
sh600645,望春花,2004-04-28,6.06,6.06,5.96,5.96,6.62,914800.0,5452738.0,585005945.6,1490166832.32
sh600645,望春花,2004-04-29,5.36,5.36,5.36,5.36,5.96,4017500.0,21533800.0,526112729.6,1340150037.12
sh600645,望春花,2004-04-30,4.82,5.68,4.82,5.43,5.36,12555483.0,64470302.0,532983604.8,1357651996.56
sh600645,望春花,2004-05-10,5.15,5.97,5.1,5.97,5.43,8346909.0,46009771.0,585987499.2,1492667112.24
sh600645,望春花,2004-05-11,5.8,6.15,5.7,5.95,5.97,7480356.0,44646661.0,584024392.0,1487666552.4
sh600645,望春花,2004-05-12,5.85,6.25,5.75,6.08,5.95,4899731.0,29622202.0,596784588.8,1520170191.36
sh600645,望春花,2004-05-13,6.08,6.29,6.0,6.13,6.08,3841965.0,23606684.0,601692356.8,1532671590.96
sh600645,望春花,2004-05-14,6.13,6.17,5.9,6.01,6.13,2841312.0,17036077.0,589913713.6,1502668231.92
sh600645,望春花,2004-05-17,6.01,6.09,5.69,5.96,6.01,3218257.0,19012457.0,585005945.6,1490166832.32
sh600645,望春花,2004-05-18,5.92,6.04,5.78,6.02,5.96,2609224.0,15440465.0,590895267.2,1505168511.84
sh600645,望春花,2004-05-19,6.03,6.09,5.85,5.92,6.02,2717981.0,16284582.0,581079731.2,1480165712.64
sh600645,望春花,2004-05-20,5.92,5.96,5.61,5.64,5.92,3028753.0,17447445.0,553596230.4,1410157874.88
sh600645,望春花,2004-05-21,5.59,6.2,5.52,6.2,5.64,12357050.0,75310800.0,608563232.0,1550173550.4
sh600645,望春花,2004-05-24,6.23,6.33,6.03,6.13,6.2,7068412.0,43859572.0,601692356.8,1532671590.96
sh600645,望春花,2004-05-25,6.12,6.12,5.52,5.56,6.13,8856463.0,49953281.0,545743801.6,1390155635.52
sh600645,望春花,2004-05-26,5.45,6.12,5.42,6.12,5.56,12409350.0,74640734.0,600710803.2,1530171311.04
sh600645,望春花,2004-05-27,6.21,6.63,6.1,6.37,6.12,16355001.0,104293399.0,625249643.2,1592678309.04
sh600645,望春花,2004-05-28,6.28,6.45,6.18,6.24,6.37,9298795.0,58367540.0,612489446.4,1560174670.08
sh600645,望春花,2004-05-31,6.25,6.52,6.2,6.41,6.24,6899469.0,43836917.0,629175857.6,1602679428.72
sh600645,望春花,2004-06-01,6.44,6.58,6.25,6.5,6.41,6481523.0,41624243.0,638009840.0,1625181948.0
sh600645,望春花,2004-06-02,6.5,6.67,6.23,6.6,6.5,8143112.0,52510824.0,647825376.0,1650184747.2
sh600645,望春花,2004-06-03,6.57,6.78,6.42,6.58,6.6,7396663.0,48892296.0,645862268.8,1645184187.36
sh600645,望春花,2004-06-04,6.5,6.84,6.36,6.46,6.58,7376282.0,48563904.0,634083625.6,1615180828.32
sh600645,望春花,2004-06-07,6.39,6.58,6.25,6.34,6.46,3700986.0,23609518.0,622304982.4,1585177469.28
sh600645,望春花,2004-06-08,6.29,6.35,5.8,5.94,6.34,4336020.0,26468993.0,583042838.4,1485166272.48
sh600645,望春花,2004-06-09,5.9,6.11,5.46,5.67,5.94,5593069.0,32292542.0,556540891.2,1417658714.64
sh600645,望春花,2004-06-10,5.6,5.7,5.3,5.43,5.67,3949477.0,21656539.0,532983604.8,1357651996.56
sh600645,望春花,2004-06-11,5.38,5.8,5.37,5.55,5.43,3276299.0,18327000.0,544762248.0,1387655355.6
sh600645,望春花,2004-06-14,5.6,5.6,5.26,5.34,5.55,2304697.0,12377364.0,524149622.4,1335149477.28
sh600645,望春花,2004-06-15,5.3,5.69,5.27,5.59,5.34,2520363.0,13859961.0,548688462.4,1397656475.28
sh600645,望春花,2004-06-16,5.6,5.69,5.51,5.63,5.59,2948082.0,16528779.0,552614676.8,1407657594.96
sh600645,望春花,2004-06-17,5.61,5.89,5.5,5.61,5.63,3022327.0,17146861.0,550651569.6,1402657035.12
sh600645,望春花,2004-06-18,5.6,5.67,5.41,5.51,5.61,1762655.0,9712237.0,540836033.6,1377654235.92
sh600645,望春花,2004-06-21,5.5,5.8,5.44,5.71,5.51,2668779.0,15156143.0,560467105.6,1427659834.32
sh600645,望春花,2004-06-22,5.68,5.82,5.63,5.75,5.71,2528474.0,14490808.0,564393320.0,1437660954.0
sh600645,望春花,2004-06-23,5.74,5.74,5.46,5.57,5.75,1634403.0,9117666.0,546725355.2,1392655915.44
sh600645,望春花,2004-06-24,5.56,5.65,5.29,5.35,5.57,2736835.0,14820893.0,525131176.0,1337649757.2
sh600645,望春花,2004-06-25,5.33,5.35,4.9,4.96,5.35,2832087.0,14483813.0,486850585.6,1240138840.32
sh600645,望春花,2004-06-28,4.95,4.95,4.72,4.72,4.96,1749043.0,8409026.0,463293299.2,1180132122.24
sh600645,望春花,2004-06-29,4.63,4.8,4.36,4.61,4.72,2294897.0,10435462.0,452496209.6,1152629043.12
sh600645,望春花,2004-07-02,5.0,5.07,4.92,5.07,4.61,2711915.0,13614737.0,497647675.2,1267641919.44
sh600645,望春花,2004-07-05,5.39,5.39,5.08,5.17,5.07,4281463.0,22222407.0,507463211.2,1292644718.64
sh600645,望春花,2004-07-06,5.18,5.42,5.17,5.32,5.17,3594366.0,19054147.0,522186515.2,1330148917.44
sh600645,望春花,2004-07-07,5.33,5.34,5.11,5.18,5.32,1796051.0,9344405.0,508444764.8,1295144998.56
sh600645,望春花,2004-07-08,5.13,5.19,5.06,5.15,5.18,1368794.0,7013260.0,505500104.0,1287644158.8
sh600645,望春花,2004-07-09,5.15,5.24,5.02,5.03,5.15,955521.0,4887891.0,493721460.8,1257640799.76
sh600645,望春花,2004-07-12,4.92,5.0,4.68,4.82,5.03,1377778.0,6622819.0,473108835.2,1205134921.44
sh600645,望春花,2004-07-13,4.8,4.82,4.68,4.77,4.82,559022.0,2660881.0,468201067.2,1192633521.84
sh600645,望春花,2004-07-14,4.81,4.81,4.51,4.65,4.77,1204431.0,5560537.0,456422424.0,1162630162.8
sh600645,望春花,2004-07-15,5.12,5.12,4.5,4.8,4.65,1701274.0,8156124.0,471145728.0,1200134361.6
sh600645,望春花,2004-07-16,4.78,5.05,4.55,4.94,4.8,2885569.0,13969644.0,484887478.4,1235138280.48
sh600645,望春花,2004-07-19,4.9,5.04,4.82,4.94,4.94,1675946.0,8317160.0,484887478.4,1235138280.48
sh600645,望春花,2004-07-20,4.94,4.98,4.8,4.85,4.94,1482837.0,7230792.0,476053496.0,1212635761.2
sh600645,望春花,2004-07-21,4.84,4.87,4.68,4.74,4.85,1415974.0,6699956.0,465256406.4,1185132682.08
sh600645,望春花,2004-07-22,4.73,4.97,4.68,4.8,4.74,3088883.0,15013500.0,471145728.0,1200134361.6
sh600645,望春花,2004-07-23,4.75,4.76,4.5,4.63,4.8,2190024.0,10002772.0,454459316.8,1157629602.96
sh600645,望春花,2004-07-26,4.61,4.61,4.44,4.49,4.63,926216.0,4163737.0,440717566.4,1122625684.08
sh600645,望春花,2004-07-27,4.46,4.51,4.31,4.37,4.49,895145.0,3946992.0,428938923.2,1092622325.04
sh600645,望春花,2004-07-28,4.39,4.54,4.37,4.41,4.37,901786.0,3998690.0,432865137.6,1102623444.72
sh600645,望春花,2004-07-29,4.41,4.52,4.4,4.51,4.41,736858.0,3283487.0,442680673.6,1127626243.92
sh600645,望春花,2004-07-30,4.51,4.59,4.46,4.5,4.51,1042481.0,4706581.0,441699120.0,1125125964.0
sh600645,望春花,2004-08-02,4.56,4.92,4.56,4.71,4.5,3646662.0,17163491.0,462311745.6,1177631842.32
sh600645,望春花,2004-08-03,4.65,4.68,4.57,4.65,4.71,1227967.0,5679677.0,456422424.0,1162630162.8
sh600645,望春花,2004-08-04,4.65,4.87,4.61,4.8,4.65,2172814.0,10382313.0,471145728.0,1200134361.6
sh600645,望春花,2004-08-05,4.78,4.87,4.7,4.79,4.8,1707574.0,8161515.0,470164174.4,1197634081.68
sh600645,望春花,2004-08-06,4.77,4.77,4.56,4.63,4.79,1133149.0,5270471.0,454459316.8,1157629602.96
sh600645,望春花,2004-08-09,4.6,4.73,4.6,4.62,4.63,699956.0,3264002.0,453477763.2,1155129323.04
sh600645,望春花,2004-08-10,4.7,4.83,4.7,4.77,4.62,1313282.0,6254728.0,468201067.2,1192633521.84
sh600645,望春花,2004-08-11,4.78,4.79,4.6,4.64,4.77,797944.0,3716169.0,455440870.4,1160129882.88
sh600645,望春花,2004-08-12,4.58,4.58,4.44,4.5,4.64,1042049.0,4671453.0,441699120.0,1125125964.0
sh600645,望春花,2004-08-13,4.48,4.58,4.45,4.49,4.5,484111.0,2179518.0,440717566.4,1122625684.08
sh600645,望春花,2004-08-16,4.42,4.5,4.37,4.43,4.49,699821.0,3103143.0,434828244.8,1107624004.56
sh600645,望春花,2004-08-17,4.38,4.4,3.99,4.14,4.43,1807528.0,7509955.0,406363190.4,1035115886.88
sh600645,望春花,2004-08-18,4.13,4.22,4.08,4.1,4.14,652549.0,2710342.0,402436976.0,1025114767.2
sh600645,望春花,2004-08-19,4.1,4.19,3.8,4.14,4.1,1287107.0,5234930.0,406363190.4,1035115886.88
sh600645,望春花,2004-08-20,4.09,4.16,3.94,4.02,4.14,895134.0,3618890.0,394584547.2,1005112527.84
sh600645,望春花,2004-08-23,4.02,4.06,3.95,3.97,4.02,666299.0,2664721.0,389676779.2,992611128.24
sh600645,望春花,2004-08-24,3.97,4.23,3.97,4.12,3.97,1597745.0,6612439.0,404400083.2,1030115327.04
sh600645,望春花,2004-08-25,4.11,4.14,4.02,4.05,4.12,843987.0,3435475.0,397529208.0,1012613367.6
sh600645,望春花,2004-08-26,4.0,4.05,3.93,3.96,4.05,722949.0,2871970.0,388695225.6,990110848.32
sh600645,望春花,2004-08-27,3.98,4.02,3.82,3.86,3.96,1035367.0,4024261.0,378879689.6,965108049.12
sh600645,望春花,2004-08-30,3.8,3.96,3.73,3.87,3.86,802600.0,3120313.0,379861243.2,967608329.04
sh600645,望春花,2004-08-31,3.9,4.11,3.81,4.01,3.87,1614737.0,6510303.0,393602993.6,1002612247.92
sh600645,望春花,2004-09-01,4.01,4.07,3.97,4.01,4.01,994264.0,3993670.0,393602993.6,1002612247.92
sh600645,望春花,2004-09-02,4.03,4.14,3.98,4.11,4.01,1585831.0,6451151.0,403418529.6,1027615047.12
sh600645,望春花,2004-09-03,4.11,4.19,4.06,4.08,4.11,1196912.0,4930360.0,400473868.8,1020114207.36
sh600645,望春花,2004-09-06,4.06,4.13,4.04,4.07,4.08,823595.0,3358261.0,399492315.2,1017613927.44
sh600645,望春花,2004-09-07,4.07,4.12,3.98,4.07,4.07,772600.0,3119006.0,399492315.2,1017613927.44
sh600645,望春花,2004-09-08,4.05,4.07,4.01,4.05,4.07,625412.0,2530170.0,397529208.0,1012613367.6
sh600645,望春花,2004-09-09,4.01,4.04,3.92,3.95,4.05,1113627.0,4429932.0,387713672.0,987610568.4
sh600645,望春花,2004-09-10,3.96,4.09,3.95,4.05,3.95,1273488.0,5137956.0,397529208.0,1012613367.6
sh600645,望春花,2004-09-13,4.06,4.46,4.05,4.46,4.05,7607820.0,33187207.0,437772905.6,1115124844.32
sh600645,望春花,2004-09-14,4.58,4.91,4.47,4.91,4.46,9996412.0,46930930.0,481942817.6,1227637440.72
sh600645,望春花,2004-09-15,5.2,5.4,5.08,5.4,4.91,19440065.0,103726920.0,530038944.0,1350151156.8
sh600645,望春花,2004-09-16,5.4,5.76,5.4,5.49,5.4,18046566.0,100171399.0,538872926.4,1372653676.08
sh600645,望春花,2004-09-17,5.49,5.94,5.45,5.72,5.49,15960234.0,91133265.0,561448659.2,1430160114.24
sh600645,望春花,2004-09-20,5.72,6.29,5.59,6.29,5.72,15794663.0,94736364.0,617397214.4,1572676069.68
sh600645,望春花,2004-09-21,6.2,6.85,5.99,6.49,6.29,22060239.0,142209816.0,637028286.4,1622681668.08
sh600645,望春花,2004-09-22,6.38,6.6,6.05,6.15,6.49,12662910.0,79675675.0,603655464.0,1537672150.8
sh600645,望春花,2004-09-23,6.15,6.41,6.11,6.27,6.15,10165832.0,63680717.0,615434107.2,1567675509.84
sh600645,望春花,2004-09-24,6.27,6.77,6.03,6.09,6.27,14267520.0,91120932.0,597766142.4,1522670471.28
sh600645,望春花,2004-09-27,6.25,6.3,6.0,6.19,6.09,5882787.0,36201007.0,607581678.4,1547673270.48
sh600645,望春花,2004-09-28,6.2,6.46,6.1,6.36,6.19,7319444.0,46112048.0,624268089.6,1590178029.12
sh600645,望春花,2004-09-29,6.36,6.37,5.72,5.72,6.36,7311122.0,43487608.0,561448659.2,1430160114.24
sh600645,望春花,2004-09-30,5.37,5.6,5.2,5.22,5.72,12851765.0,69243568.0,512370979.2,1305146118.24
sh600645,望春花,2004-10-08,5.25,5.74,5.25,5.73,5.22,9545570.0,52698257.0,562430212.8,1432660394.16
sh600645,望春花,2004-10-11,5.76,6.27,5.67,5.94,5.73,11249423.0,67074527.0,583042838.4,1485166272.48
sh600645,望春花,2004-10-12,5.9,5.99,5.5,5.6,5.94,5864755.0,33413512.0,549670016.0,1400156755.2
sh600645,望春花,2004-10-13,5.7,5.94,5.55,5.82,5.6,4638584.0,26709610.0,571264195.2,1455162913.44
sh600645,望春花,2004-10-14,5.8,5.85,5.24,5.24,5.82,5920722.0,32575288.0,514334086.4,1310146678.08
sh600645,望春花,2004-10-15,5.11,5.26,4.95,5.2,5.24,4634707.0,23728800.0,510407872.0,1300145558.4
sh600645,望春花,2004-10-18,5.18,5.39,5.0,5.25,5.2,3658248.0,19112272.0,515315640.0,1312646958.0
sh600645,望春花,2004-10-19,5.22,5.58,5.11,5.52,5.25,6227267.0,33703172.0,541817587.2,1380154515.84
sh600645,望春花,2004-10-20,5.5,5.74,5.42,5.66,5.52,7828309.0,43845299.0,555559337.6,1415158434.72
sh600645,望春花,2004-10-21,5.74,5.94,5.52,5.6,5.66,8404047.0,48431079.0,549670016.0,1400156755.2
sh600645,望春花,2004-10-22,5.51,5.51,5.04,5.13,5.6,8551749.0,43657048.0,503536996.8,1282643598.96
sh600645,望春花,2004-10-25,5.0,5.11,4.65,5.02,5.13,7136421.0,34981838.0,492739907.2,1255140519.84
sh600645,望春花,2004-10-26,4.95,5.1,4.69,5.09,5.02,6334724.0,30815301.0,499610782.4,1272642479.28
sh600645,望春花,2004-10-27,5.0,5.15,4.8,5.01,5.09,5950377.0,29762724.0,491758353.6,1252640239.92
sh600645,望春花,2004-10-28,5.0,5.3,4.95,5.03,5.01,6832892.0,35173025.0,493721460.8,1257640799.76
sh600645,望春花,2004-10-29,5.03,5.53,4.85,5.3,5.03,13885280.0,74431264.0,520223408.0,1325148357.6
sh600645,望春花,2004-11-01,5.23,5.33,4.97,5.01,5.3,5344206.0,27426646.0,491758353.6,1252640239.92
sh600645,望春花,2004-11-02,4.9,4.99,4.77,4.94,5.01,3795319.0,18556957.0,484887478.4,1235138280.48
sh600645,望春花,2004-11-03,4.95,5.24,4.95,5.17,4.94,4569894.0,23428842.0,507463211.2,1292644718.64
sh600645,望春花,2004-11-04,5.17,5.28,5.03,5.23,5.17,6255134.0,32188546.0,513352532.8,1307646398.16
sh600645,望春花,2004-11-05,5.16,5.3,5.08,5.16,5.23,4775784.0,24953365.0,506481657.6,1290144438.72
sh600645,望春花,2004-11-08,5.08,5.18,4.95,5.14,5.16,2542896.0,12893935.0,504518550.4,1285143878.88
sh600645,望春花,2004-11-09,5.15,5.46,5.01,5.44,5.14,5945202.0,31391925.0,533965158.4,1360152276.48
sh600645,望春花,2004-11-10,5.44,5.9,5.32,5.7,5.44,11711199.0,65662379.0,559485552.0,1425159554.4
sh600645,望春花,2004-11-11,5.71,5.83,5.5,5.52,5.7,10065311.0,57335798.0,541817587.2,1380154515.84
sh600645,望春花,2004-11-12,5.53,5.7,5.4,5.49,5.52,4382580.0,24249110.0,538872926.4,1372653676.08
sh600645,望春花,2004-11-15,5.55,5.6,5.38,5.55,5.49,4603195.0,25255068.0,544762248.0,1387655355.6
sh600645,望春花,2004-11-16,5.55,5.83,5.5,5.63,5.55,8776942.0,50010341.0,552614676.8,1407657594.96
sh600645,望春花,2004-11-17,5.6,5.69,5.3,5.43,5.63,7283082.0,39655226.0,532983604.8,1357651996.56
sh600645,望春花,2004-11-18,5.46,5.66,5.41,5.56,5.43,8500759.0,47054706.0,545743801.6,1390155635.52
sh600645,望春花,2004-11-19,5.54,5.57,5.43,5.52,5.56,3972054.0,21850512.0,541817587.2,1380154515.84
sh600645,望春花,2004-11-22,5.54,5.67,5.47,5.63,5.52,5286053.0,29582819.0,552614676.8,1407657594.96
sh600645,望春花,2004-11-23,5.63,6.07,5.53,5.88,5.63,12204244.0,71143276.0,577153516.8,1470164592.96
sh600645,望春花,2004-11-24,5.85,5.85,5.46,5.49,5.88,6517525.0,36971861.0,538872926.4,1372653676.08
sh600645,望春花,2004-11-25,5.45,5.54,5.35,5.44,5.49,4736225.0,25749604.0,533965158.4,1360152276.48
sh600645,望春花,2004-11-26,5.42,5.48,5.37,5.43,5.44,1741883.0,9466701.0,532983604.8,1357651996.56
sh600645,望春花,2004-11-29,5.43,5.45,5.11,5.16,5.43,3755914.0,19587999.0,506481657.6,1290144438.72
sh600645,望春花,2004-11-30,5.13,5.22,5.01,5.19,5.16,3280282.0,16802179.0,509426318.4,1297645278.48
sh600645,望春花,2004-12-01,5.18,5.18,5.05,5.09,5.19,3308145.0,16809703.0,499610782.4,1272642479.28
sh600645,望春花,2004-12-02,5.09,5.15,5.05,5.15,5.09,2510810.0,12824081.0,505500104.0,1287644158.8
sh600645,望春花,2004-12-03,5.15,5.39,5.11,5.27,5.15,3903021.0,20550878.0,517278747.2,1317647517.84
sh600645,望春花,2004-12-06,5.26,5.35,5.21,5.27,5.27,2037465.0,10748306.0,517278747.2,1317647517.84
sh600645,望春花,2004-12-07,5.26,5.26,5.06,5.09,5.27,2751562.0,14094284.0,499610782.4,1272642479.28
sh600645,望春花,2004-12-08,5.09,5.16,5.02,5.06,5.09,1682544.0,8531069.0,496666121.6,1265141639.52
sh600645,望春花,2004-12-09,5.05,5.08,4.83,4.97,5.06,4284553.0,21138569.0,487832139.2,1242639120.24
sh600645,望春花,2004-12-10,4.94,4.94,4.47,4.66,4.97,5240909.0,24649511.0,457403977.6,1165130442.72
sh600645,望春花,2004-12-13,4.5,4.66,4.45,4.6,4.66,1625289.0,7435574.0,451514656.0,1150128763.2
sh600645,望春花,2004-12-14,4.58,4.65,4.52,4.54,4.6,1143033.0,5226301.0,445625334.4,1135127083.68
sh600645,望春花,2004-12-15,4.54,4.54,4.11,4.25,4.54,4563702.0,19422802.0,417160280.0,1062618966.0
sh600645,望春花,2004-12-16,4.18,4.46,4.18,4.31,4.25,3625904.0,15745959.0,423049601.6,1077620645.52
sh600645,望春花,2004-12-17,4.3,4.4,4.22,4.32,4.31,2333387.0,10139819.0,424031155.2,1080120925.44
sh600645,望春花,2004-12-20,4.3,4.4,4.23,4.39,4.32,1401472.0,6105020.0,430902030.4,1097622884.88
sh600645,望春花,2004-12-21,4.45,4.52,4.37,4.43,4.39,1879522.0,8327146.0,434828244.8,1107624004.56
sh600645,望春花,2004-12-22,4.44,4.64,4.43,4.62,4.43,2262497.0,10265902.0,453477763.2,1155129323.04
sh600645,望春花,2004-12-23,4.6,4.66,4.4,4.4,4.62,2051801.0,9256927.0,431883584.0,1100123164.8
sh600645,望春花,2004-12-24,4.31,4.43,4.22,4.39,4.4,2482733.0,10788960.0,430902030.4,1097622884.88
sh600645,望春花,2004-12-27,4.37,4.37,4.24,4.29,4.39,1874415.0,8034279.0,421086494.4,1072620085.68
sh600645,望春花,2004-12-28,4.27,4.32,4.2,4.25,4.29,1487699.0,6327258.0,417160280.0,1062618966.0
sh600645,望春花,2004-12-29,4.25,4.25,4.12,4.13,4.25,2020688.0,8426449.0,405381636.8,1032615606.96
sh600645,望春花,2004-12-30,4.1,4.23,4.1,4.14,4.13,1040811.0,4337601.0,406363190.4,1035115886.88
sh600645,望春花,2004-12-31,4.14,4.18,3.81,3.9,4.14,2313743.0,9120417.0,382805904.0,975109168.8
sh600645,望春花,2005-01-04,3.85,3.98,3.73,3.95,3.9,1106163.0,4321572.0,387713672.0,987610568.4
sh600645,望春花,2005-01-05,3.95,4.35,3.9,4.35,3.95,3916403.0,16670880.0,426975816.0,1087621765.2
sh600645,望春花,2005-01-06,4.45,4.65,4.37,4.41,4.35,9509957.0,42689781.0,432865137.6,1102623444.72
sh600645,望春花,2005-01-07,4.3,4.6,4.22,4.44,4.41,4401223.0,19471730.0,435809798.4,1110124284.48
sh600645,望春花,2005-01-10,4.38,4.54,4.31,4.46,4.44,2112151.0,9356920.0,437772905.6,1115124844.32
sh600645,望春花,2005-01-11,4.46,4.49,4.31,4.38,4.46,2103800.0,9223633.0,429920476.8,1095122604.96
sh600645,望春花,2005-01-12,4.38,4.47,4.31,4.47,4.38,2100899.0,9267483.0,438754459.2,1117625124.24
sh600645,望春花,2005-01-13,4.46,4.78,4.37,4.56,4.47,5623553.0,25963352.0,447588441.6,1140127643.52
sh600645,望春花,2005-01-14,4.5,4.62,4.41,4.42,4.56,2899326.0,13079046.0,433846691.2,1105123724.64
sh600645,望春花,2005-01-17,4.38,4.62,4.33,4.58,4.42,3546875.0,15916221.0,449551548.8,1145128203.36
sh600645,望春花,2005-01-18,4.53,4.75,4.47,4.64,4.58,4571594.0,21133201.0,455440870.4,1160129882.88
sh600645,望春花,2005-01-19,4.62,4.74,4.56,4.63,4.64,3482605.0,16255651.0,454459316.8,1157629602.96
sh600645,望春花,2005-01-20,4.63,4.65,4.4,4.47,4.63,3134625.0,14076852.0,438754459.2,1117625124.24
sh600645,望春花,2005-01-21,4.43,4.54,4.03,4.41,4.47,3150751.0,13731831.0,432865137.6,1102623444.72
sh600645,望春花,2005-01-24,4.55,4.59,4.45,4.52,4.41,2391248.0,10801612.0,443662227.2,1130126523.84
sh600645,望春花,2005-01-25,4.48,4.48,4.15,4.38,4.52,2759938.0,11904791.0,429920476.8,1095122604.96
sh600645,望春花,2005-01-26,4.37,4.8,4.35,4.48,4.38,5672690.0,25984026.0,439736012.8,1120125404.16
sh600645,望春花,2005-01-27,4.4,4.4,4.2,4.26,4.48,2463735.0,10605664.0,418141833.6,1065119245.92
sh600645,望春花,2005-01-28,4.22,4.27,4.05,4.1,4.26,2562192.0,10612421.0,402436976.0,1025114767.2
sh600645,望春花,2005-01-31,4.05,4.09,3.83,4.05,4.1,1996497.0,7916481.0,397529208.0,1012613367.6
sh600645,望春花,2005-02-01,4.05,4.14,3.91,3.96,4.05,1533108.0,6190309.0,388695225.6,990110848.32
sh600645,望春花,2005-02-02,4.07,4.27,4.02,4.24,3.96,3523024.0,14669950.0,416178726.4,1060118686.08
sh600645,望春花,2005-02-03,4.24,4.24,4.04,4.05,4.24,2997941.0,12347018.0,397529208.0,1012613367.6
sh600645,望春花,2005-02-04,4.03,4.1,3.98,4.06,4.05,2207762.0,8910627.0,398510761.6,1015113647.52
sh600645,望春花,2005-02-16,4.11,4.23,4.1,4.15,4.06,1633984.0,6806422.0,407344744.0,1037616166.8
sh600645,望春花,2005-02-17,4.16,4.39,4.07,4.34,4.15,3736740.0,15917843.0,425994262.4,1085121485.28
sh600645,望春花,2005-02-18,4.3,4.3,4.18,4.21,4.34,1830235.0,7725957.0,413234065.6,1052617846.32
sh600645,望春花,2005-02-21,4.21,4.38,4.18,4.34,4.21,3027369.0,13089192.0,425994262.4,1085121485.28
sh600645,望春花,2005-02-22,4.38,4.48,4.35,4.47,4.34,6268621.0,27736559.0,438754459.2,1117625124.24
sh600645,望春花,2005-02-23,4.44,4.5,4.38,4.43,4.47,3316484.0,14711629.0,434828244.8,1107624004.56
sh600645,望春花,2005-02-24,4.44,4.67,4.41,4.5,4.43,4767942.0,21693838.0,441699120.0,1125125964.0
sh600645,望春花,2005-02-25,4.48,4.56,4.45,4.45,4.5,3121570.0,14061008.0,436791352.0,1112624564.4
sh600645,望春花,2005-02-28,4.45,4.52,4.35,4.38,4.45,2525244.0,11128141.0,429920476.8,1095122604.96
sh600645,望春花,2005-03-01,4.38,4.4,4.28,4.34,4.38,2090124.0,9021548.0,425994262.4,1085121485.28
sh600645,望春花,2005-03-02,4.34,4.63,4.28,4.53,4.34,6549563.0,29471200.0,444643780.8,1132626803.76
sh600645,望春花,2005-03-03,4.48,4.53,4.23,4.41,4.53,3298844.0,14488370.0,432865137.6,1102623444.72
sh600645,望春花,2005-03-04,4.34,4.39,4.28,4.36,4.41,1860383.0,8049312.0,427957369.6,1090122045.12
sh600645,望春花,2005-03-07,4.38,4.51,4.36,4.46,4.36,2405157.0,10690069.0,437772905.6,1115124844.32
sh600645,望春花,2005-03-08,4.44,4.56,4.35,4.53,4.46,3552634.0,15944421.0,444643780.8,1132626803.76
sh600645,望春花,2005-03-09,4.59,4.63,4.48,4.53,4.53,4995821.0,22750953.0,444643780.8,1132626803.76
sh600645,望春花,2005-03-10,4.54,4.55,4.32,4.33,4.53,2398766.0,10615509.0,425012708.8,1082621205.36
sh600645,望春花,2005-03-11,4.32,4.37,4.27,4.29,4.33,1939556.0,8381881.0,421086494.4,1072620085.68
sh600645,望春花,2005-03-14,4.3,4.34,4.15,4.21,4.29,2485147.0,10608889.0,413234065.6,1052617846.32
sh600645,望春花,2005-03-15,4.25,4.25,4.09,4.11,4.21,2234359.0,9272106.0,403418529.6,1027615047.12
sh600645,望春花,2005-03-16,4.11,4.19,4.08,4.13,4.11,1451911.0,5984389.0,405381636.8,1032615606.96
sh600645,望春花,2005-03-17,4.15,4.16,4.01,4.02,4.13,1528093.0,6209790.0,394584547.2,1005112527.84
sh600645,望春花,2005-03-18,4.03,4.07,3.83,3.87,4.02,1901570.0,7466945.0,379861243.2,967608329.04
sh600645,望春花,2005-03-21,3.86,3.95,3.86,3.9,3.87,978357.0,3819940.0,382805904.0,975109168.8
sh600645,望春花,2005-03-22,3.9,3.9,3.52,3.58,3.9,2663271.0,9750473.0,351396188.8,895100211.36
sh600645,望春花,2005-03-23,3.58,3.69,3.43,3.61,3.58,1940321.0,6937140.0,354340849.6,902601051.12
sh600645,望春花,2005-03-24,3.59,3.75,3.54,3.71,3.61,2155459.0,7850560.0,364156385.6,927603850.32
sh600645,望春花,2005-03-25,3.67,3.77,3.67,3.69,3.71,1791255.0,6661954.0,362193278.4,922603290.48
sh600645,望春花,2005-03-28,3.7,3.98,3.56,3.82,3.69,4136721.0,15723874.0,374953475.2,955106929.44
sh600645,望春花,2005-03-29,3.79,3.85,3.7,3.71,3.82,1925725.0,7268399.0,364156385.6,927603850.32
sh600645,望春花,2005-03-30,3.7,3.7,3.49,3.49,3.71,2036850.0,7280863.0,342562206.4,872597692.08
sh600645,望春花,2005-03-31,3.48,3.59,3.44,3.59,3.49,1296018.0,4592704.0,352377742.4,897600491.28
sh600645,望春花,2005-04-01,3.59,3.77,3.47,3.69,3.59,1970483.0,7153985.0,362193278.4,922603290.48
sh600645,望春花,2005-04-04,3.68,3.68,3.58,3.58,3.69,1314800.0,4756302.0,351396188.8,895100211.36
sh600645,望春花,2005-04-05,3.54,3.58,3.43,3.47,3.58,1425057.0,4995892.0,340599099.2,867597132.24
sh600645,望春花,2005-04-06,3.46,3.51,3.34,3.5,3.47,2488891.0,8502499.0,343543760.0,875097972.0
sh600645,望春花,2005-04-07,3.49,3.65,3.43,3.56,3.5,2721816.0,9736646.0,349433081.6,890099651.52
sh600645,望春花,2005-04-08,3.55,3.9,3.55,3.8,3.56,6723626.0,25299878.0,372990368.0,950106369.6
sh600645,望春花,2005-04-11,3.8,3.85,3.66,3.72,3.8,3198413.0,11941240.0,365137939.2,930104130.24
sh600645,望春花,2005-04-12,3.72,3.75,3.6,3.6,3.72,1642225.0,6004226.0,353359296.0,900100771.2
sh600645,望春花,2005-04-13,3.61,3.75,3.61,3.74,3.6,2142534.0,7919570.0,367101046.4,935104690.08
sh600645,望春花,2005-04-14,4.0,4.05,3.6,3.64,3.74,2961457.0,11217338.0,357285510.4,910101890.88
sh600645,望春花,2005-04-15,3.62,3.62,3.4,3.45,3.64,2283472.0,7934632.0,338635992.0,862596572.4
sh600645,望春花,2005-04-18,3.44,3.44,3.24,3.28,3.45,1703750.0,5691658.0,321949580.8,820091813.76
sh600645,望春花,2005-04-19,3.22,3.34,3.22,3.3,3.28,877050.0,2885640.0,323912688.0,825092373.6
sh600645,望春花,2005-04-20,3.28,3.42,3.12,3.35,3.3,2781392.0,9117995.0,328820456.0,837593773.2
sh600645,望春花,2005-04-21,3.31,3.43,3.15,3.21,3.35,1578499.0,5224122.0,315078705.6,802589854.32
sh600645,望春花,2005-04-22,3.19,3.27,3.08,3.17,3.21,1658844.0,5255962.0,311152491.2,792588734.64
sh600645,望春花,2005-04-25,3.15,3.15,2.85,2.85,3.17,2809110.0,8210034.0,279742776.0,712579777.2
sh600645,望春花,2005-04-26,2.8,2.99,2.74,2.92,2.85,1883650.0,5407482.0,286613651.2,730081736.64
sh600645,望春花,2005-04-27,2.97,2.97,2.72,2.73,2.92,1632644.0,4553086.0,267964132.8,682576418.16
sh600645,望春花,2005-04-28,2.71,2.89,2.6,2.86,2.73,2410133.0,6682376.0,280724329.6,715080057.12
sh600645,望春花,2005-04-29,2.83,2.96,2.77,2.8,2.86,2303736.0,6594234.0,274835008.0,700078377.6
sh600645,望春花,2005-05-09,2.78,2.78,2.62,2.65,2.8,1604202.0,4301157.0,260111704.0,662574178.8
sh600645,望春花,2005-05-10,2.62,2.67,2.47,2.61,2.65,1676035.0,4298201.0,256185489.6,652573059.12
sh600645,望春花,2005-05-11,2.61,2.7,2.52,2.69,2.61,1999189.0,5238662.0,264037918.4,672575298.48
sh600645,望春花,2005-05-12,2.69,2.8,2.64,2.78,2.69,3014563.0,8284323.0,272871900.8,695077817.76
sh600645,望春花,2005-05-13,2.85,3.02,2.81,2.91,2.78,6027056.0,17621813.0,285632097.6,727581456.72
sh600645,望春花,2005-05-16,2.88,2.88,2.73,2.85,2.91,2023538.0,5698485.0,279742776.0,712579777.2
sh600645,望春花,2005-05-17,2.76,2.9,2.76,2.86,2.85,1368106.0,3891444.0,280724329.6,715080057.12
sh600645,望春花,2005-05-18,2.85,2.89,2.8,2.89,2.86,1273450.0,3620884.0,283668990.4,722580896.88
sh600645,望春花,2005-05-19,2.85,2.88,2.78,2.84,2.89,1156584.0,3272014.0,278761222.4,710079497.28
sh600645,望春花,2005-05-20,2.82,2.93,2.82,2.82,2.84,1561862.0,4502985.0,276798115.2,705078937.44
sh600645,望春花,2005-05-23,2.81,2.81,2.6,2.66,2.82,2092049.0,5564508.0,261093257.6,665074458.72
sh600645,望春花,2005-05-24,2.64,2.84,2.64,2.79,2.66,2152626.0,5959851.0,273853454.4,697578097.68
sh600645,望春花,2005-05-25,2.82,3.07,2.8,2.91,2.79,5808910.0,17218123.0,285632097.6,727581456.72
sh600645,望春花,2005-05-26,2.91,2.95,2.8,2.89,2.91,2259053.0,6470610.0,283668990.4,722580896.88
sh600645,望春花,2005-05-27,2.85,2.96,2.83,2.83,2.89,1712781.0,4941258.0,277779668.8,707579217.36
sh600645,望春花,2005-05-30,2.83,2.94,2.8,2.9,2.83,2041817.0,5920796.0,284650544.0,725081176.8
sh600645,望春花,2005-05-31,2.89,3.01,2.89,2.93,2.9,2793984.0,8258852.0,287595204.8,732582016.56
sh600645,望春花,2005-06-01,2.94,2.94,2.82,2.91,2.93,2547211.0,7309705.0,285632097.6,727581456.72
sh600645,望春花,2005-06-02,2.91,3.04,2.87,3.04,2.91,4034892.0,11911930.0,298392294.4,760085095.68
sh600645,望春花,2005-06-03,3.0,3.03,2.88,2.93,3.04,2442165.0,7243914.0,287595204.8,732582016.56
sh600645,望春花,2005-06-06,2.92,3.0,2.88,2.98,2.93,1648243.0,4863543.0,292502972.8,745083416.16
sh600645,望春花,2005-06-07,2.98,3.06,2.94,2.99,2.98,3092481.0,9249611.0,293484526.4,747583696.08
sh600645,望春花,2005-06-08,2.98,3.25,2.96,3.19,2.99,5763271.0,17980568.0,313115598.4,797589294.48
sh600645,望春花,2005-06-09,3.19,3.3,3.09,3.24,3.19,5232525.0,16643329.0,318023366.4,810090694.08
sh600645,望春花,2005-06-10,3.25,3.55,3.2,3.36,3.24,11065624.0,37918200.0,329802009.6,840094053.12
sh600645,望春花,2005-06-13,3.39,3.44,3.21,3.37,3.36,4049357.0,13471665.0,330783563.2,842594333.04
sh600645,望春花,2005-06-14,3.4,3.45,3.13,3.15,3.37,3213073.0,10520149.0,309189384.0,787588174.8
sh600645,望春花,2005-06-15,3.12,3.18,3.01,3.07,3.15,2800140.0,8625132.0,301336955.2,767585935.44
sh600645,望春花,2005-06-16,3.07,3.12,2.96,3.08,3.07,2384248.0,7242575.0,302318508.8,770086215.36
sh600645,望春花,2005-06-17,3.07,3.11,2.93,2.94,3.08,2154999.0,6469584.0,288576758.4,735082296.48
sh600645,望春花,2005-06-20,2.9,3.05,2.8,3.04,2.94,3269884.0,9561221.0,298392294.4,760085095.68
sh600645,望春花,2005-06-21,3.04,3.04,2.91,2.97,3.04,1800535.0,5357139.0,291521419.2,742583136.24
sh600645,望春花,2005-06-22,2.95,2.98,2.9,2.97,2.97,1373290.0,4038241.0,291521419.2,742583136.24
sh600645,望春花,2005-06-23,2.95,3.07,2.92,2.95,2.97,2076751.0,6236323.0,289558312.0,737582576.4
sh600645,望春花,2005-06-24,2.98,2.98,2.88,2.94,2.95,1552410.0,4542563.0,288576758.4,735082296.48
sh600645,望春花,2005-06-27,2.99,3.13,2.99,3.11,2.94,3426579.0,10500520.0,305263169.6,777587055.12
sh600645,望春花,2005-06-28,3.09,3.09,2.98,2.99,3.11,1641702.0,4951422.0,293484526.4,747583696.08
sh600645,望春花,2005-06-29,2.99,3.03,2.95,2.95,2.99,1201990.0,3567481.0,289558312.0,737582576.4
sh600645,望春花,2005-07-04,2.66,2.74,2.66,2.66,2.95,1115200.0,2981069.0,261093257.6,665074458.72
sh600645,望春花,2005-07-05,2.57,2.65,2.48,2.56,2.66,2494489.0,6403434.0,251277721.6,640071659.52
sh600645,望春花,2005-07-06,2.56,2.61,2.49,2.55,2.56,1146287.0,2909864.0,250296168.0,637571379.6
sh600645,望春花,2005-07-07,2.53,2.59,2.51,2.55,2.55,805649.0,2053954.0,250296168.0,637571379.6
sh600645,望春花,2005-07-08,2.56,2.56,2.3,2.36,2.55,2545093.0,6023846.0,231646649.6,590066061.12
sh600645,望春花,2005-07-11,2.37,2.44,2.2,2.22,2.36,3574039.0,8142226.0,217904899.2,555062142.24
sh600645,望春花,2005-07-12,2.2,2.33,2.18,2.31,2.22,1996106.0,4522904.0,226738881.6,577564661.52
sh600645,望春花,2005-07-13,2.31,2.31,2.25,2.27,2.31,934523.0,2123321.0,222812667.2,567563541.84
sh600645,望春花,2005-07-14,2.25,2.38,2.25,2.38,2.27,2788255.0,6551459.0,233609756.8,595066620.96
sh600645,望春花,2005-07-15,2.3,2.3,2.2,2.21,2.38,1976737.0,4439819.0,216923345.6,552561862.32
sh600645,望春花,2005-07-18,2.1,2.25,2.1,2.21,2.21,951311.0,2102418.0,216923345.6,552561862.32
sh600645,望春花,2005-07-19,2.21,2.26,2.18,2.23,2.21,686508.0,1520263.0,218886452.8,557562422.16
sh600645,望春花,2005-07-20,2.23,2.26,2.22,2.23,2.23,640492.0,1433480.0,218886452.8,557562422.16
sh600645,望春花,2005-07-21,2.23,2.23,2.11,2.2,2.23,1328461.0,2881877.0,215941792.0,550061582.4
sh600645,望春花,2005-07-22,2.22,2.34,2.17,2.33,2.2,3212897.0,7358069.0,228701988.8,582565221.36
sh600645,望春花,2005-07-25,2.3,2.4,2.25,2.4,2.33,2618649.0,6161253.0,235572864.0,600067180.8
sh600645,望春花,2005-07-26,2.38,2.52,2.35,2.47,2.4,3452957.0,8432162.0,242443739.2,617569140.24
sh600645,望春花,2005-07-27,2.45,2.51,2.42,2.5,2.47,2375785.0,5886259.0,245388400.0,625069980.0
sh600645,望春花,2005-07-28,2.56,2.58,2.47,2.5,2.5,2815243.0,7109487.0,245388400.0,625069980.0
sh600645,望春花,2005-07-29,2.5,2.57,2.47,2.52,2.5,2105802.0,5285977.0,247351507.2,630070539.84
sh600645,望春花,2005-08-01,2.52,2.52,2.46,2.51,2.52,1569136.0,3910461.0,246369953.6,627570259.92
sh600645,望春花,2005-08-02,2.5,2.63,2.47,2.61,2.51,3219631.0,8323203.0,256185489.6,652573059.12
sh600645,望春花,2005-08-03,2.61,2.66,2.52,2.59,2.61,4943936.0,12771504.0,254222382.4,647572499.28
sh600645,望春花,2005-08-04,2.58,2.58,2.46,2.47,2.59,2183993.0,5484648.0,242443739.2,617569140.24
sh600645,望春花,2005-08-05,2.46,2.6,2.46,2.59,2.47,3820931.0,9722316.0,254222382.4,647572499.28
sh600645,望春花,2005-08-08,2.64,2.72,2.54,2.68,2.59,5269471.0,13902551.0,263056364.8,670075018.56
sh600645,望春花,2005-08-09,2.87,2.95,2.83,2.95,2.68,10905810.0,32104346.0,289558312.0,737582576.4
sh600645,望春花,2005-08-10,3.2,3.25,3.05,3.25,2.95,19003862.0,59806733.0,319004920.0,812590974.0
sh600645,望春花,2005-08-11,3.26,3.52,3.16,3.37,3.25,15515010.0,51963457.0,330783563.2,842594333.04
sh600645,望春花,2005-08-12,3.35,3.45,3.17,3.2,3.37,13008167.0,43178757.0,314097152.0,800089574.4
sh600645,望春花,2005-08-15,3.16,3.29,3.14,3.27,3.2,6198025.0,19918270.0,320968027.2,817591533.84
sh600645,望春花,2005-08-16,3.27,3.35,3.16,3.27,3.27,7280299.0,23783563.0,320968027.2,817591533.84
sh600645,望春花,2005-08-17,3.25,3.5,3.18,3.39,3.27,10456299.0,35185088.0,332746670.4,847594892.88
sh600645,望春花,2005-08-18,3.41,3.47,3.05,3.07,3.39,10874924.0,35702986.0,301336955.2,767585935.44
sh600645,望春花,2005-08-19,3.04,3.12,2.86,2.99,3.07,7772895.0,23178007.0,293484526.4,747583696.08
sh600645,望春花,2005-08-22,2.96,3.05,2.9,3.01,2.99,2954057.0,8787268.0,295447633.6,752584255.92
sh600645,望春花,2005-08-23,2.99,3.0,2.91,2.94,3.01,2408080.0,7084352.0,288576758.4,735082296.48
sh600645,望春花,2005-08-24,2.92,3.1,2.91,3.04,2.94,4518378.0,13740207.0,298392294.4,760085095.68
sh600645,望春花,2005-08-25,3.05,3.2,3.02,3.18,3.04,6396210.0,20064968.0,312134044.8,795089014.56
sh600645,望春花,2005-08-26,3.2,3.25,3.03,3.07,3.18,6371590.0,19772747.0,301336955.2,767585935.44
sh600645,望春花,2005-08-29,3.1,3.25,3.05,3.24,3.07,7282884.0,22965068.0,318023366.4,810090694.08
sh600645,望春花,2005-08-30,3.24,3.24,3.06,3.06,3.24,3759261.0,11740518.0,300355401.6,765085655.52
sh600645,望春花,2005-08-31,2.85,3.18,2.85,3.13,3.06,3227782.0,10090470.0,307226276.8,782587614.96
sh600645,望春花,2005-09-01,3.09,3.2,3.09,3.19,3.13,4544964.0,14369282.0,313115598.4,797589294.48
sh600645,望春花,2005-09-02,3.2,3.32,3.17,3.22,3.19,6135462.0,19999576.0,316060259.2,805090134.24
sh600645,望春花,2005-09-05,3.2,3.32,3.19,3.32,3.22,4528844.0,14782527.0,325875795.2,830092933.44
sh600645,望春花,2005-09-06,3.33,3.37,3.15,3.17,3.32,5356804.0,17544155.0,311152491.2,792588734.64
sh600645,望春花,2005-09-07,3.17,3.24,3.1,3.24,3.17,3281189.0,10432337.0,318023366.4,810090694.08
sh600645,望春花,2005-09-08,3.3,3.3,3.14,3.23,3.24,3249924.0,10469464.0,317041812.8,807590414.16
sh600645,望春花,2005-09-09,3.29,3.44,3.25,3.33,3.23,9626966.0,32309855.0,326857348.8,832593213.36
sh600645,望春花,2005-09-12,3.3,3.3,3.2,3.26,3.33,3185824.0,10343504.0,319986473.6,815091253.92
sh600645,望春花,2005-09-13,3.24,3.35,3.23,3.35,3.26,3428630.0,11275137.0,328820456.0,837593773.2
sh600645,望春花,2005-09-14,3.37,3.42,3.29,3.39,3.35,5470767.0,18398917.0,332746670.4,847594892.88
sh600645,望春花,2005-09-15,3.39,3.47,3.34,3.42,3.39,5134327.0,17577560.0,335691331.2,855095732.64
sh600645,望春花,2005-09-16,3.42,3.43,3.32,3.36,3.42,3048855.0,10243253.0,329802009.6,840094053.12
sh600645,望春花,2005-09-19,3.35,3.42,3.32,3.41,3.36,3309927.0,11182217.0,334709777.6,852595452.72
sh600645,望春花,2005-09-20,3.4,3.65,3.33,3.63,3.41,11906939.0,42316232.0,356303956.8,907601610.96
sh600645,望春花,2005-09-21,3.62,3.73,3.48,3.61,3.63,9045639.0,32412903.0,354340849.6,902601051.12
sh600645,望春花,2005-09-22,3.6,3.6,3.25,3.26,3.61,7765611.0,26134123.0,319986473.6,815091253.92
sh600645,望春花,2005-09-23,3.21,3.29,3.1,3.11,3.26,3302900.0,10591969.0,305263169.6,777587055.12
sh600645,望春花,2005-09-26,3.08,3.16,3.06,3.12,3.11,1914591.0,5956555.0,306244723.2,780087335.04
sh600645,望春花,2005-09-27,3.14,3.19,3.03,3.11,3.12,2013519.0,6239758.0,305263169.6,777587055.12
sh600645,望春花,2005-09-28,3.15,3.15,2.99,3.03,3.11,1845279.0,5655037.0,297410740.8,757584815.76
sh600645,望春花,2005-09-29,3.08,3.26,3.08,3.2,3.03,3027933.0,9642899.0,314097152.0,800089574.4
sh600645,望春花,2005-09-30,3.17,3.19,3.13,3.15,3.2,1433844.0,4524482.0,309189384.0,787588174.8
sh600645,望春花,2005-10-10,3.16,3.16,3.06,3.09,3.15,1067454.0,3302179.0,303300062.4,772586495.28
sh600645,望春花,2005-10-11,3.05,3.18,3.05,3.18,3.09,1212531.0,3810896.0,312134044.8,795089014.56
sh600645,望春花,2005-10-12,3.16,3.24,3.15,3.2,3.18,1763479.0,5629924.0,314097152.0,800089574.4
sh600645,望春花,2005-10-13,3.18,3.23,3.15,3.21,3.2,1377072.0,4400898.0,315078705.6,802589854.32
sh600645,望春花,2005-10-14,3.19,3.19,3.07,3.12,3.21,1471710.0,4610046.0,306244723.2,780087335.04
sh600645,望春花,2005-10-17,3.12,3.15,3.09,3.13,3.12,952441.0,2961373.0,307226276.8,782587614.96
sh600645,望春花,2005-10-18,3.15,3.27,3.13,3.27,3.13,2561347.0,8271549.0,320968027.2,817591533.84
sh600645,望春花,2005-10-19,3.24,3.36,3.18,3.19,3.27,2986865.0,9805972.0,313115598.4,797589294.48
sh600645,望春花,2005-10-20,3.03,3.18,3.02,3.14,3.19,1763691.0,5489901.0,308207830.4,785087894.88
sh600645,望春花,2005-10-21,3.11,3.18,3.1,3.16,3.14,1747043.0,5489179.0,310170937.6,790088454.72
sh600645,望春花,2005-10-24,3.16,3.16,3.09,3.12,3.16,1177780.0,3672428.0,306244723.2,780087335.04
sh600645,望春花,2005-10-25,3.1,3.12,3.05,3.05,3.12,1586477.0,4877691.0,299373848.0,762585375.6
sh600645,望春花,2005-10-26,3.06,3.16,3.03,3.06,3.05,2226884.0,6890377.0,300355401.6,765085655.52
sh600645,望春花,2005-10-27,3.02,3.05,2.8,2.81,3.06,3255332.0,9373517.0,275816561.6,702578657.52
sh600645,望春花,2005-10-28,2.82,2.88,2.63,2.68,2.81,2493019.0,6800035.0,263056364.8,670075018.56
sh600645,望春花,2005-10-31,2.66,2.75,2.66,2.7,2.68,1343144.0,3637757.0,265019472.0,675075578.4
sh600645,望春花,2005-11-01,2.7,2.75,2.54,2.65,2.7,1565820.0,4102254.0,260111704.0,662574178.8
sh600645,望春花,2005-11-02,2.65,2.92,2.62,2.83,2.65,3784491.0,10682831.0,277779668.8,707579217.36
sh600645,望春花,2005-11-03,2.84,2.91,2.77,2.79,2.83,2423626.0,6872739.0,273853454.4,697578097.68
sh600645,望春花,2005-11-04,2.77,2.82,2.74,2.82,2.79,931762.0,2591659.0,276798115.2,705078937.44
sh600645,望春花,2005-11-07,2.82,2.91,2.76,2.88,2.82,1643807.0,4714628.0,282687436.8,720080616.96
sh600645,望春花,2005-11-08,2.85,2.94,2.82,2.94,2.88,1773379.0,5136687.0,288576758.4,735082296.48
sh600645,望春花,2005-11-09,2.95,2.98,2.86,2.87,2.94,2212072.0,6482845.0,281705883.2,717580337.04
sh600645,望春花,2005-11-10,2.84,2.86,2.72,2.76,2.87,1443890.0,4017315.0,270908793.6,690077257.92
sh600645,望春花,2005-11-11,2.75,2.83,2.73,2.79,2.76,1044719.0,2907540.0,273853454.4,697578097.68
sh600645,望春花,2005-11-14,2.78,2.84,2.73,2.83,2.79,736581.0,2066975.0,277779668.8,707579217.36
sh600645,望春花,2005-11-15,2.8,2.89,2.77,2.79,2.83,915343.0,2591964.0,273853454.4,697578097.68
sh600645,望春花,2005-11-16,2.79,2.82,2.72,2.81,2.79,775437.0,2140925.0,275816561.6,702578657.52
sh600645,望春花,2005-11-17,2.83,2.86,2.78,2.8,2.81,996850.0,2811840.0,274835008.0,700078377.6
sh600645,望春花,2005-11-18,2.8,2.91,2.8,2.9,2.8,1963151.0,5638313.0,284650544.0,725081176.8
sh600645,望春花,2005-11-21,2.92,2.96,2.88,2.94,2.9,1934135.0,5656627.0,288576758.4,735082296.48
sh600645,望春花,2005-11-22,2.95,2.96,2.82,2.82,2.94,1162875.0,3356568.0,276798115.2,705078937.44
sh600645,望春花,2005-11-23,2.81,2.86,2.77,2.84,2.82,598157.0,1694817.0,278761222.4,710079497.28
sh600645,望春花,2005-11-24,2.8,2.88,2.8,2.88,2.84,1284827.0,3656971.0,282687436.8,720080616.96
sh600645,望春花,2005-11-25,2.87,2.88,2.82,2.88,2.88,634935.0,1811245.0,282687436.8,720080616.96
sh600645,望春花,2005-11-28,2.88,2.89,2.83,2.86,2.88,828151.0,2367557.0,280724329.6,715080057.12
sh600645,望春花,2005-11-29,2.86,2.86,2.81,2.84,2.86,746950.0,2113723.0,278761222.4,710079497.28
sh600645,望春花,2005-11-30,2.86,2.94,2.86,2.93,2.84,3431196.0,9987088.0,287595204.8,732582016.56
sh600645,望春花,2005-12-01,2.91,2.92,2.82,2.86,2.93,1339339.0,3825367.0,280724329.6,715080057.12
sh600645,望春花,2005-12-02,2.84,2.84,2.75,2.82,2.86,2948371.0,8209728.0,276798115.2,705078937.44
sh600645,望春花,2005-12-05,2.75,2.91,2.7,2.88,2.82,2021945.0,5566059.0,282687436.8,720080616.96
sh600645,望春花,2005-12-06,2.79,2.88,2.78,2.86,2.88,990324.0,2795547.0,280724329.6,715080057.12
sh600645,望春花,2005-12-07,2.81,2.87,2.81,2.87,2.86,729197.0,2069335.0,281705883.2,717580337.04
sh600645,望春花,2005-12-08,2.83,2.9,2.81,2.89,2.87,1513411.0,4333218.0,283668990.4,722580896.88
sh600645,望春花,2005-12-09,2.88,2.98,2.85,2.97,2.89,2906840.0,8553877.0,291521419.2,742583136.24
sh600645,望春花,2005-12-12,2.97,2.99,2.92,2.95,2.97,1112011.0,3275147.0,289558312.0,737582576.4
sh600645,望春花,2005-12-13,2.93,2.95,2.87,2.93,2.95,1100885.0,3196046.0,287595204.8,732582016.56
sh600645,望春花,2005-12-14,2.93,2.95,2.88,2.9,2.93,1748992.0,5082304.0,284650544.0,725081176.8
sh600645,望春花,2005-12-15,2.91,2.97,2.88,2.93,2.9,2997289.0,8765959.0,287595204.8,732582016.56
sh600645,望春花,2005-12-16,2.91,3.07,2.88,3.04,2.93,4961454.0,14912196.0,298392294.4,760085095.68
sh600645,望春花,2005-12-19,3.0,3.03,2.98,3.0,3.04,1901800.0,5703759.0,294466080.0,750083976.0
sh600645,望春花,2005-12-20,2.99,3.01,2.94,2.98,3.0,1774668.0,5254446.0,292502972.8,745083416.16
sh600645,望春花,2005-12-21,2.96,3.04,2.95,2.97,2.98,1510692.0,4516411.0,291521419.2,742583136.24
sh600645,望春花,2005-12-22,2.96,2.99,2.91,2.96,2.97,1197219.0,3523394.0,290539865.6,740082856.32
sh600645,望春花,2005-12-23,2.96,2.98,2.93,2.97,2.96,1025502.0,3027856.0,291521419.2,742583136.24
sh600645,望春花,2005-12-26,2.96,3.01,2.95,2.98,2.97,1510882.0,4501574.0,292502972.8,745083416.16
sh600645,望春花,2005-12-27,2.96,3.03,2.96,2.97,2.98,961500.0,2869457.0,291521419.2,742583136.24
sh600645,望春花,2005-12-28,2.97,2.97,2.91,2.92,2.97,1452266.0,4255906.0,286613651.2,730081736.64
sh600645,望春花,2005-12-29,2.93,2.93,2.87,2.92,2.92,2134699.0,6185321.0,286613651.2,730081736.64
sh600645,望春花,2005-12-30,2.93,2.98,2.88,2.92,2.92,2038999.0,5982817.0,286613651.2,730081736.64
sh600645,望春花,2006-01-04,2.9,2.98,2.85,2.92,2.92,1765460.0,5151387.0,286613651.2,730081736.64
sh600645,望春花,2006-01-05,2.93,3.02,2.9,3.01,2.92,2822853.0,8374061.0,295447633.6,752584255.92
sh600645,望春花,2006-01-06,3.0,3.09,3.0,3.06,3.01,3816170.0,11614389.0,300355401.6,765085655.52
sh600645,望春花,2006-01-09,3.07,3.2,3.07,3.18,3.06,6501628.0,20413648.0,312134044.8,795089014.56
sh600645,望春花,2006-01-10,3.18,3.18,3.07,3.13,3.18,2530535.0,7859417.0,307226276.8,782587614.96
sh600645,望春花,2006-01-11,3.1,3.12,3.02,3.05,3.13,2169485.0,6647695.0,299373848.0,762585375.6
sh600645,望春花,2006-01-12,3.04,3.2,3.04,3.18,3.05,3433621.0,10771878.0,312134044.8,795089014.56
sh600645,望春花,2006-01-13,3.18,3.18,3.09,3.13,3.18,1852966.0,5805105.0,307226276.8,782587614.96
sh600645,望春花,2006-01-16,3.09,3.12,3.05,3.06,3.13,1823585.0,5620930.0,300355401.6,765085655.52
sh600645,望春花,2006-01-17,3.04,3.09,3.04,3.05,3.06,1017808.0,3115349.0,299373848.0,762585375.6
sh600645,望春花,2006-01-18,3.07,3.18,3.06,3.17,3.05,2317169.0,7266662.0,311152491.2,792588734.64
sh600645,望春花,2006-01-19,3.17,3.18,3.08,3.13,3.17,2442306.0,7612320.0,307226276.8,782587614.96
sh600645,望春花,2006-01-20,3.13,3.26,3.11,3.19,3.13,4376274.0,13963659.0,313115598.4,797589294.48
sh600645,望春花,2006-01-23,3.19,3.19,3.08,3.13,3.19,2631807.0,8197763.0,307226276.8,782587614.96
sh600645,望春花,2006-01-24,3.12,3.16,3.04,3.04,3.13,3061206.0,9461139.0,298392294.4,760085095.68
sh600645,望春花,2006-01-25,3.04,3.04,2.74,2.74,3.04,5852183.0,16385480.0,268945686.4,685076698.08
sh600645,望春花,2006-02-06,2.71,2.8,2.65,2.77,2.74,5012141.0,13523857.0,271890347.2,692577537.84
sh600645,望春花,2006-02-07,2.76,2.82,2.69,2.79,2.77,4251930.0,11645199.0,273853454.4,697578097.68
sh600645,望春花,2006-02-08,2.78,2.84,2.75,2.83,2.79,3154252.0,8844315.0,277779668.8,707579217.36
sh600645,望春花,2006-02-09,2.81,2.88,2.81,2.84,2.83,2863613.0,8125034.0,278761222.4,710079497.28
sh600645,望春花,2006-02-10,2.86,2.87,2.8,2.85,2.84,2353362.0,6671329.0,279742776.0,712579777.2
sh600645,望春花,2006-02-13,2.87,2.92,2.84,2.92,2.85,4911533.0,14162527.0,286613651.2,730081736.64
sh600645,望春花,2006-02-14,2.95,2.97,2.9,2.94,2.92,7393720.0,21735440.0,288576758.4,735082296.48
sh600645,望春花,2006-02-15,2.93,2.94,2.84,2.89,2.94,3241795.0,9319651.0,283668990.4,722580896.88
sh600645,望春花,2006-02-16,2.88,2.88,2.76,2.76,2.89,2516300.0,7077223.0,270908793.6,690077257.92
sh600645,望春花,2006-02-17,2.76,2.84,2.74,2.79,2.76,1692453.0,4723468.0,273853454.4,697578097.68
sh600645,望春花,2006-02-20,2.8,2.8,2.72,2.73,2.79,1519248.0,4182500.0,267964132.8,682576418.16
sh600645,望春花,2006-02-21,2.72,2.76,2.6,2.75,2.73,1669595.0,4504979.0,269927240.0,687576978.0
sh600645,望春花,2006-02-22,2.74,2.81,2.7,2.81,2.75,1997836.0,5494612.0,275816561.6,702578657.52
sh600645,望春花,2006-02-23,2.79,2.81,2.73,2.78,2.81,982186.0,2726241.0,272871900.8,695077817.76
sh600645,望春花,2006-02-24,2.79,2.8,2.76,2.79,2.78,1056928.0,2937713.0,273853454.4,697578097.68
sh600645,望春花,2006-02-27,2.78,2.78,2.72,2.73,2.79,1447847.0,3958424.0,267964132.8,682576418.16
sh600645,望春花,2006-02-28,2.73,2.73,2.68,2.73,2.73,1319162.0,3568577.0,267964132.8,682576418.16
sh600645,望春花,2006-03-01,2.74,2.81,2.72,2.79,2.73,2099642.0,5830160.0,273853454.4,697578097.68
sh600645,望春花,2006-03-02,2.76,2.8,2.68,2.69,2.79,1980781.0,5403101.0,264037918.4,672575298.48
sh600645,望春花,2006-03-03,2.69,2.7,2.63,2.67,2.69,1397419.0,3718768.0,262074811.2,667574738.64
sh600645,望春花,2006-03-06,2.67,2.68,2.6,2.6,2.67,1119100.0,2946387.0,255203936.0,650072779.2
sh600645,望春花,2006-03-07,2.66,2.86,2.6,2.86,2.6,9589193.0,27280209.0,280724329.6,715080057.12
sh600645,望春花,2006-03-08,2.88,3.12,2.85,3.04,2.86,16040807.0,47696696.0,298392294.4,760085095.68
sh600645,望春花,2006-03-09,3.0,3.05,2.9,2.95,3.04,8497127.0,25182300.0,289558312.0,737582576.4
sh600645,望春花,2006-03-10,2.92,3.01,2.86,2.95,2.95,7046632.0,20657245.0,289558312.0,737582576.4
sh600645,望春花,2006-03-13,2.95,2.97,2.88,2.93,2.95,3234310.0,9411374.0,287595204.8,732582016.56
sh600645,望春花,2006-03-14,2.93,2.96,2.85,2.94,2.93,4175919.0,12144997.0,288576758.4,735082296.48
sh600645,望春花,2006-03-15,2.93,2.94,2.88,2.92,2.94,2537576.0,7369913.0,286613651.2,730081736.64
sh600645,望春花,2006-03-16,2.91,3.0,2.87,2.97,2.92,4739691.0,14055478.0,291521419.2,742583136.24
sh600645,望春花,2006-03-17,2.98,2.99,2.69,2.79,2.97,5249405.0,14950399.0,273853454.4,697578097.68
sh600645,望春花,2006-03-20,2.79,2.88,2.75,2.85,2.79,2737713.0,7727054.0,279742776.0,712579777.2
sh600645,望春花,2006-03-21,2.84,2.87,2.79,2.81,2.85,2962582.0,8396701.0,275816561.6,702578657.52
sh600645,望春花,2006-03-22,2.81,2.88,2.75,2.87,2.81,3228392.0,9058946.0,281705883.2,717580337.04
sh600645,望春花,2006-03-23,2.83,2.88,2.81,2.86,2.87,2140764.0,6101374.0,280724329.6,715080057.12
sh600645,望春花,2006-03-24,2.86,2.9,2.82,2.83,2.86,2207900.0,6336369.0,277779668.8,707579217.36
sh600645,望春花,2006-03-27,2.8,2.86,2.79,2.84,2.83,1562780.0,4392526.0,278761222.4,710079497.28
sh600645,望春花,2006-03-28,2.84,2.9,2.82,2.9,2.84,2648578.0,7615122.0,284650544.0,725081176.8
sh600645,望春花,2006-03-29,2.9,2.96,2.87,2.9,2.9,3766957.0,10971230.0,284650544.0,725081176.8
sh600645,望春花,2006-03-30,2.92,3.06,2.92,2.98,2.9,8030611.0,24087664.0,292502972.8,745083416.16
sh600645,望春花,2006-03-31,2.9,2.93,2.78,2.84,2.98,2826384.0,8052425.0,278761222.4,710079497.28
sh600645,望春花,2006-04-03,2.82,2.86,2.8,2.85,2.84,2760195.0,7776318.0,279742776.0,712579777.2
sh600645,望春花,2006-04-04,2.85,2.87,2.79,2.85,2.85,2163843.0,6110307.0,279742776.0,712579777.2
sh600645,望春花,2006-04-05,2.85,2.89,2.81,2.88,2.85,2621281.0,7451961.0,282687436.8,720080616.96
sh600645,望春花,2006-04-06,2.9,2.95,2.87,2.94,2.88,3859344.0,11244451.0,288576758.4,735082296.48
sh600645,望春花,2006-04-07,2.95,2.95,2.87,2.92,2.94,2785878.0,8077333.0,286613651.2,730081736.64
sh600645,望春花,2006-04-10,2.91,2.98,2.86,2.98,2.92,4125993.0,11986520.0,292502972.8,745083416.16
sh600645,望春花,2006-04-11,2.96,3.09,2.94,2.99,2.98,4775870.0,14410801.0,293484526.4,747583696.08
sh600645,望春花,2006-04-12,3.0,3.03,2.9,3.02,2.99,3674932.0,10817763.0,296429187.2,755084535.84
sh600645,望春花,2006-04-13,3.05,3.11,2.95,2.96,3.02,6514172.0,19821482.0,290539865.6,740082856.32
sh600645,望春花,2006-04-14,2.93,2.98,2.88,2.97,2.96,2268472.0,6646249.0,291521419.2,742583136.24
sh600645,望春花,2006-04-17,2.95,3.06,2.92,3.04,2.97,4254498.0,12793696.0,298392294.4,760085095.68
sh600645,望春花,2006-04-18,3.03,3.03,2.96,2.98,3.04,2610393.0,7821003.0,292502972.8,745083416.16
sh600645,望春花,2006-04-19,2.97,2.98,2.88,2.9,2.98,2731300.0,7957164.0,284650544.0,725081176.8
sh600645,望春花,2006-04-20,2.88,2.9,2.74,2.75,2.9,4462200.0,12393142.0,269927240.0,687576978.0
sh600645,望春花,2006-04-21,2.75,2.75,2.62,2.69,2.75,3074634.0,8242121.0,264037918.4,672575298.48
sh600645,望春花,2006-04-24,2.68,2.68,2.42,2.42,2.69,5140091.0,12775253.0,237535971.2,605067740.64
sh600645,望春花,2006-04-25,2.3,2.43,2.2,2.37,2.42,3177094.0,7331458.0,232628203.2,592566341.04
sh600645,望春花,2006-04-26,2.37,2.37,2.2,2.34,2.37,3536033.0,8089107.0,229683542.4,585065501.28
sh600645,望春花,2006-04-27,2.34,2.43,2.25,2.38,2.34,2965244.0,6988730.0,233609756.8,595066620.96
sh600645,望春花,2006-04-28,2.35,2.42,2.31,2.32,2.38,3139292.0,7407790.0,227720435.2,580064941.44
sh600645,*ST春花,2006-05-09,2.25,2.44,2.23,2.44,2.32,5937432.0,14145511.0,239499078.4,610068300.48
sh600645,*ST春花,2006-05-10,2.47,2.55,2.41,2.46,2.44,4527643.0,11211726.0,241462185.6,615068860.32
sh600645,*ST春花,2006-05-11,2.45,2.47,2.34,2.35,2.46,5375823.0,13011314.0,230665096.0,587565781.2
sh600645,*ST春花,2006-05-12,2.36,2.47,2.3,2.47,2.35,6389732.0,15107187.0,242443739.2,617569140.24
sh600645,*ST春花,2006-05-15,2.59,2.59,2.59,2.59,2.47,2113013.0,5472704.0,254222382.4,647572499.28
sh600645,*ST春花,2006-05-16,2.72,2.72,2.72,2.72,2.59,1526157.0,4151147.0,266982579.2,680076138.24
sh600645,*ST春花,2006-05-17,2.86,2.86,2.6,2.77,2.72,7908091.0,21923957.0,271890347.2,692577537.84
sh600645,*ST春花,2006-05-18,2.8,2.82,2.64,2.76,2.77,4035484.0,11021501.0,270908793.6,690077257.92
sh600645,*ST春花,2006-05-19,2.76,2.84,2.71,2.81,2.76,3563054.0,9935249.0,275816561.6,702578657.52
sh600645,*ST春花,2006-05-22,2.81,2.95,2.77,2.89,2.81,3902957.0,11290503.0,283668990.4,722580896.88
sh600645,*ST春花,2006-05-23,2.88,2.95,2.75,2.75,2.89,4379685.0,12454023.0,269927240.0,687576978.0
sh600645,*ST春花,2006-05-24,2.72,2.84,2.61,2.64,2.75,3629471.0,9881107.0,259130150.4,660073898.88
sh600645,*ST春花,2006-05-25,2.64,2.76,2.63,2.73,2.64,2422467.0,6560988.0,267964132.8,682576418.16
sh600645,*ST春花,2006-05-26,2.73,2.87,2.73,2.87,2.73,2943939.0,8270617.0,281705883.2,717580337.04
sh600645,*ST春花,2006-06-05,3.01,3.01,3.01,3.01,2.87,542314.0,1632365.0,295447633.6,752584255.92
sh600645,*ST春花,2006-06-06,3.16,3.16,3.16,3.16,3.01,1298335.0,4102739.0,310170937.6,790088454.72
sh600645,*ST春花,2006-06-07,3.32,3.32,3.17,3.25,3.16,13803634.0,45324554.0,319004920.0,812590974.0
sh600645,*ST春花,2006-06-08,3.11,3.34,3.09,3.09,3.25,5477230.0,17243751.0,303300062.4,772586495.28
sh600645,*ST春花,2006-06-09,2.96,3.09,2.94,2.94,3.09,5024726.0,15095137.0,288576758.4,735082296.48
sh600645,*ST春花,2006-06-12,2.89,2.98,2.81,2.86,2.94,3001528.0,8675997.0,280724329.6,715080057.12
sh600645,*ST春花,2006-06-13,2.88,2.93,2.82,2.87,2.86,1894457.0,5443428.0,281705883.2,717580337.04
sh600645,*ST春花,2006-06-14,2.87,2.93,2.83,2.88,2.87,2865789.0,8220486.0,282687436.8,720080616.96
sh600645,*ST春花,2006-06-15,2.88,3.02,2.86,3.02,2.88,3337961.0,9891000.0,296429187.2,755084535.84
sh600645,*ST春花,2006-06-16,2.92,3.14,2.87,2.9,3.02,5547780.0,16523396.0,284650544.0,725081176.8
sh600645,*ST春花,2006-06-19,2.9,2.97,2.88,2.97,2.9,2854715.0,8359467.0,291521419.2,742583136.24
sh600645,*ST春花,2006-06-20,2.97,3.0,2.86,2.89,2.97,3644061.0,10619987.0,283668990.4,722580896.88
sh600645,*ST春花,2006-06-21,2.88,2.93,2.84,2.87,2.89,2452680.0,7070595.0,281705883.2,717580337.04
sh600645,*ST春花,2006-06-22,2.73,2.81,2.73,2.73,2.87,3137900.0,8626699.0,267964132.8,682576418.16
sh600645,*ST春花,2006-06-23,2.66,2.76,2.62,2.75,2.73,3744663.0,10017029.0,269927240.0,687576978.0
sh600645,*ST春花,2006-06-26,2.75,2.8,2.71,2.77,2.75,2089392.0,5761093.0,271890347.2,692577537.84
sh600645,*ST春花,2006-06-27,2.78,2.91,2.74,2.86,2.77,3080366.0,8778309.0,280724329.6,715080057.12
sh600645,*ST春花,2006-06-28,2.85,2.89,2.82,2.86,2.86,1444844.0,4119330.0,280724329.6,715080057.12
sh600645,*ST春花,2006-06-29,2.85,3.0,2.85,3.0,2.86,5325530.0,15760355.0,294466080.0,750083976.0
sh600645,*ST春花,2006-07-04,3.12,3.15,2.95,2.98,3.0,5304411.0,16090710.0,292502972.8,745083416.16
sh600645,*ST春花,2006-07-05,2.98,3.03,2.88,2.91,2.98,2919724.0,8587515.0,285632097.6,727581456.72
sh600645,*ST春花,2006-07-06,2.94,3.06,2.93,3.06,2.91,3951536.0,11850345.0,300355401.6,765085655.52
sh600645,*ST春花,2006-07-07,3.03,3.09,2.99,3.01,3.06,3068123.0,9289139.0,295447633.6,752584255.92
sh600645,*ST春花,2006-07-10,3.0,3.04,2.92,3.01,3.01,2333119.0,6956899.0,295447633.6,752584255.92
sh600645,*ST春花,2006-07-11,3.02,3.15,2.98,3.1,3.01,3312437.0,10187768.0,304281616.0,775086775.2
sh600645,*ST春花,2006-07-12,3.09,3.09,2.99,3.0,3.1,2474300.0,7525887.0,294466080.0,750083976.0
sh600645,*ST春花,2006-07-13,2.99,3.0,2.85,2.85,3.0,3237577.0,9374642.0,279742776.0,712579777.2
sh600645,*ST春花,2006-07-14,2.73,2.83,2.72,2.76,2.85,2591530.0,7140268.0,270908793.6,690077257.92
sh600645,*ST春花,2006-07-17,2.74,2.9,2.74,2.88,2.76,1848950.0,5268861.0,282687436.8,720080616.96
sh600645,*ST春花,2006-07-18,2.86,2.88,2.8,2.85,2.88,1083514.0,3065170.0,279742776.0,712579777.2
sh600645,*ST春花,2006-07-19,2.85,2.88,2.77,2.79,2.85,2291200.0,6452133.0,273853454.4,697578097.68
sh600645,*ST春花,2006-07-20,2.79,2.86,2.78,2.85,2.79,1115395.0,3148077.0,279742776.0,712579777.2
sh600645,*ST春花,2006-07-21,2.84,2.91,2.81,2.9,2.85,1308679.0,3754569.0,284650544.0,725081176.8
sh600645,*ST春花,2006-07-24,2.86,3.03,2.85,2.99,2.9,2074104.0,6111463.0,293484526.4,747583696.08
sh600645,*ST春花,2006-07-25,2.99,3.03,2.95,3.01,2.99,1281631.0,3827657.0,295447633.6,752584255.92
sh600645,*ST春花,2006-07-26,3.0,3.03,2.96,2.99,3.01,1359606.0,4052124.0,293484526.4,747583696.08
sh600645,*ST春花,2006-07-27,2.99,3.0,2.89,2.92,2.99,2062410.0,6044824.0,286613651.2,730081736.64
sh600645,*ST春花,2006-07-28,2.91,3.07,2.89,3.07,2.92,7157358.0,21864814.0,301336955.2,767585935.44
sh600645,*ST春花,2006-07-31,3.09,3.12,2.92,2.93,3.07,4241534.0,12922527.0,287595204.8,732582016.56
sh600645,*ST春花,2006-08-01,2.91,2.96,2.86,2.89,2.93,2329854.0,6774857.0,283668990.4,722580896.88
sh600645,*ST春花,2006-08-02,2.87,2.89,2.77,2.85,2.89,1931800.0,5476056.0,279742776.0,712579777.2
sh600645,*ST春花,2006-08-03,2.88,2.9,2.83,2.88,2.85,798200.0,2290607.0,282687436.8,720080616.96
sh600645,*ST春花,2006-08-04,2.89,2.92,2.82,2.82,2.88,1013685.0,2901998.0,276798115.2,705078937.44
sh600645,*ST春花,2006-08-07,2.8,2.83,2.71,2.73,2.82,1723064.0,4763595.0,267964132.8,682576418.16
sh600645,*ST春花,2006-08-08,2.74,2.82,2.72,2.81,2.73,1209754.0,3358069.0,275816561.6,702578657.52
sh600645,*ST春花,2006-08-09,2.8,2.89,2.78,2.85,2.81,1357701.0,3873214.0,279742776.0,712579777.2
sh600645,*ST春花,2006-08-10,2.85,2.89,2.83,2.86,2.85,1144103.0,3271640.0,280724329.6,715080057.12
sh600645,*ST春花,2006-08-11,2.88,2.99,2.84,2.97,2.86,2296731.0,6754662.0,291521419.2,742583136.24
sh600645,*ST春花,2006-08-14,2.93,2.97,2.84,2.86,2.97,2619526.0,7556694.0,280724329.6,715080057.12
sh600645,*ST春花,2006-08-15,2.88,2.95,2.86,2.91,2.86,1260950.0,3665310.0,285632097.6,727581456.72
sh600645,*ST春花,2006-08-16,2.92,3.05,2.9,2.98,2.91,3047266.0,9124197.0,292502972.8,745083416.16
sh600645,*ST春花,2006-08-17,2.98,2.99,2.9,2.97,2.98,1470790.0,4330755.0,291521419.2,742583136.24
sh600645,*ST春花,2006-08-18,2.95,3.04,2.95,2.97,2.97,2038893.0,6086898.0,291521419.2,742583136.24
sh600645,*ST春花,2006-08-21,2.91,3.1,2.9,3.09,2.97,3765443.0,11370991.0,303300062.4,772586495.28
sh600645,*ST春花,2006-08-22,3.24,3.24,3.24,3.24,3.09,2542735.0,8238461.0,318023366.4,810090694.08
sh600645,*ST春花,2006-08-23,3.38,3.39,3.18,3.19,3.24,10189856.0,33625178.0,313115598.4,797589294.48
sh600645,*ST春花,2006-08-24,3.19,3.35,3.18,3.35,3.19,8061684.0,26717682.0,328820456.0,837593773.2
sh600645,*ST春花,2006-08-25,3.43,3.52,3.35,3.5,3.35,9595812.0,33180372.0,343543760.0,875097972.0
sh600645,*ST春花,2006-08-28,3.47,3.53,3.38,3.48,3.5,6036958.0,20873201.0,341580652.8,870097412.16
sh600645,*ST春花,2006-08-29,3.49,3.65,3.44,3.52,3.48,5643926.0,20198564.0,345506867.2,880098531.84
sh600645,*ST春花,2006-08-30,3.5,3.69,3.47,3.67,3.52,4836190.0,17432051.0,360230171.2,917602730.64
sh600645,*ST春花,2006-08-31,3.68,3.68,3.49,3.52,3.67,9130855.0,32334315.0,345506867.2,880098531.84
sh600645,*ST春花,2006-09-01,3.54,3.54,3.34,3.34,3.52,6391033.0,21775158.0,327838902.4,835093493.28
sh600645,*ST春花,2006-09-04,3.31,3.47,3.3,3.42,3.34,3718593.0,12664440.0,335691331.2,855095732.64
sh600645,*ST春花,2006-09-05,3.42,3.49,3.38,3.43,3.42,2626677.0,9010290.0,336672884.8,857596012.56
sh600645,*ST春花,2006-09-06,3.42,3.45,3.28,3.35,3.43,3468811.0,11649604.0,328820456.0,837593773.2
sh600645,*ST春花,2006-09-07,3.38,3.47,3.33,3.38,3.35,3264418.0,11105043.0,331765116.8,845094612.96
sh600645,*ST春花,2006-09-08,3.38,3.54,3.33,3.54,3.38,5789996.0,20168953.0,347469974.4,885099091.68
sh600645,*ST春花,2006-09-11,3.6,3.63,3.45,3.53,3.54,3884843.0,13707626.0,346488420.8,882598811.76
sh600645,*ST春花,2006-09-12,3.52,3.54,3.46,3.49,3.53,2967120.0,10386962.0,342562206.4,872597692.08
sh600645,*ST春花,2006-09-13,3.52,3.61,3.48,3.49,3.49,3439497.0,12202655.0,342562206.4,872597692.08
sh600645,*ST春花,2006-09-14,3.48,3.53,3.38,3.44,3.49,3225017.0,11058075.0,337654438.4,860096292.48
sh600645,*ST春花,2006-09-15,3.44,3.48,3.39,3.44,3.44,2552718.0,8751215.0,337654438.4,860096292.48
sh600645,*ST春花,2006-09-18,3.45,3.52,3.43,3.52,3.44,2202605.0,7689329.0,345506867.2,880098531.84
sh600645,*ST春花,2006-09-19,3.52,3.54,3.46,3.49,3.52,2170291.0,7586880.0,342562206.4,872597692.08
sh600645,*ST春花,2006-09-20,3.48,3.65,3.47,3.58,3.49,5494420.0,19712830.0,351396188.8,895100211.36
sh600645,*ST春花,2006-09-21,3.6,3.72,3.55,3.68,3.58,5356840.0,19415233.0,361211724.8,920103010.56
sh600645,*ST春花,2006-09-22,3.68,3.86,3.65,3.76,3.68,7640810.0,28955750.0,369064153.6,940105249.92
sh600645,*ST春花,2006-09-25,3.75,3.8,3.67,3.69,3.76,4230321.0,15808379.0,362193278.4,922603290.48
sh600645,*ST春花,2006-09-26,3.68,3.73,3.59,3.62,3.69,2822001.0,10287287.0,355322403.2,905101331.04
sh600645,*ST春花,2006-09-27,3.62,3.8,3.6,3.8,3.62,3186270.0,11982535.0,372990368.0,950106369.6
sh600645,*ST春花,2006-09-28,3.85,3.99,3.84,3.87,3.8,7895794.0,31193106.0,379861243.2,967608329.04
sh600645,*ST春花,2006-09-29,3.84,3.98,3.82,3.84,3.87,3640883.0,14111044.0,376916582.4,960107489.28
sh600645,S*ST春花,2006-10-09,3.87,3.97,3.8,3.95,3.84,3416389.0,13280779.0,387713672.0,987610568.4
sh600645,S*ST春花,2006-10-10,3.94,4.03,3.88,3.91,3.95,2601470.0,10245616.0,383787457.6,977609448.72
sh600645,S*ST春花,2006-10-11,3.9,3.96,3.82,3.88,3.91,2775561.0,10767327.0,380842796.8,970108608.96
sh600645,S*ST春花,2006-10-12,3.89,3.91,3.8,3.86,3.88,2186700.0,8423880.0,378879689.6,965108049.12
sh600645,S*ST春花,2006-10-13,3.88,4.03,3.86,3.98,3.86,2964345.0,11706733.0,390658332.8,995111408.16
sh600645,S*ST春花,2006-10-16,3.96,4.0,3.85,3.88,3.98,3055996.0,11981756.0,380842796.8,970108608.96
sh600645,S*ST春花,2006-10-17,3.86,3.88,3.8,3.84,3.88,2572544.0,9839859.0,376916582.4,960107489.28
sh600645,S*ST春花,2006-10-18,3.83,3.88,3.81,3.86,3.84,1443240.0,5565430.0,378879689.6,965108049.12
sh600645,S*ST春花,2006-10-19,3.85,3.95,3.82,3.93,3.86,2411210.0,9402797.0,385750564.8,982610008.56
sh600645,S*ST春花,2006-10-20,3.95,3.95,3.73,3.73,3.93,3947924.0,14988840.0,366119492.8,932604410.16
sh600645,S*ST春花,2006-10-23,3.66,3.68,3.54,3.54,3.73,4305826.0,15391747.0,347469974.4,885099091.68
sh600645,S*ST春花,2006-10-24,3.42,3.62,3.42,3.6,3.54,3309425.0,11725886.0,353359296.0,900100771.2
sh600645,S*ST春花,2006-10-25,3.6,3.6,3.42,3.47,3.6,4103094.0,14229368.0,340599099.2,867597132.24
sh600645,S*ST春花,2006-10-26,3.47,3.64,3.44,3.58,3.47,3718716.0,13317256.0,351396188.8,895100211.36
sh600645,S*ST春花,2006-10-27,3.54,3.64,3.48,3.54,3.58,1130726.0,4012809.0,347469974.4,885099091.68
sh600645,S*ST春花,2006-10-30,3.54,3.64,3.51,3.62,3.54,2042123.0,7342523.0,355322403.2,905101331.04
sh600645,S*ST春花,2006-10-31,3.62,3.69,3.57,3.63,3.62,2017028.0,7322110.0,356303956.8,907601610.96
sh600645,S*ST春花,2006-11-01,3.6,3.66,3.54,3.62,3.63,1770151.0,6322322.0,355322403.2,905101331.04
sh600645,S*ST春花,2006-11-02,3.63,3.63,3.48,3.53,3.62,1872908.0,6628607.0,346488420.8,882598811.76
sh600645,S*ST春花,2006-11-03,3.5,3.55,3.43,3.55,3.53,1839360.0,6439399.0,348451528.0,887599371.6
sh600645,S*ST春花,2006-11-06,3.5,3.68,3.5,3.63,3.55,2606096.0,9403517.0,356303956.8,907601610.96
sh600645,S*ST春花,2006-11-07,3.61,3.65,3.53,3.63,3.63,2345738.0,8414752.0,356303956.8,907601610.96
sh600645,S*ST春花,2006-11-08,3.63,3.72,3.57,3.68,3.63,2400325.0,8785230.0,361211724.8,920103010.56
sh600645,S*ST春花,2006-11-09,3.65,3.86,3.65,3.78,3.68,4037752.0,15340200.0,371027260.8,945105809.76
sh600645,S*ST春花,2006-11-10,3.78,3.85,3.71,3.8,3.78,2630825.0,9925962.0,372990368.0,950106369.6
sh600645,S*ST春花,2006-11-13,3.79,3.87,3.61,3.68,3.8,2916286.0,10929085.0,361211724.8,920103010.56
sh600645,S*ST春花,2006-11-14,3.64,3.76,3.63,3.75,3.68,2374672.0,8776765.0,368082600.0,937604970.0
sh600645,S*ST春花,2006-11-15,3.73,3.73,3.61,3.69,3.75,2088637.0,7671921.0,362193278.4,922603290.48
sh600645,S*ST春花,2006-11-16,3.68,3.68,3.51,3.53,3.69,5711065.0,20193582.0,346488420.8,882598811.76
sh600645,S*ST春花,2006-11-17,3.46,3.61,3.43,3.59,3.53,2187885.0,7748131.0,352377742.4,897600491.28
sh600645,S*ST春花,2006-11-20,3.59,3.71,3.45,3.69,3.59,2811211.0,10140822.0,362193278.4,922603290.48
sh600645,S*ST春花,2006-11-21,3.62,3.65,3.51,3.56,3.69,2276290.0,8101685.0,349433081.6,890099651.52
sh600645,S*ST春花,2006-11-22,3.56,3.59,3.49,3.49,3.56,2401401.0,8478118.0,342562206.4,872597692.08
sh600645,S*ST春花,2006-11-23,3.48,3.66,3.46,3.63,3.49,2823233.0,10075358.0,356303956.8,907601610.96
sh600645,S*ST春花,2006-11-24,3.63,3.72,3.59,3.7,3.63,2930384.0,10707867.0,363174832.0,925103570.4
sh600645,S*ST春花,2006-12-15,3.89,3.89,3.89,3.89,3.7,280507.0,1091172.0,381824350.4,972608888.88
sh600645,S*ST春花,2006-12-18,4.08,4.08,3.99,4.08,3.89,8838508.0,35971950.0,400473868.8,1020114207.36
sh600645,S*ST春花,2006-12-19,4.11,4.26,4.0,4.13,4.08,6838115.0,28324438.0,405381636.8,1032615606.96
sh600645,S*ST春花,2006-12-20,4.1,4.17,4.03,4.09,4.13,3635677.0,14933228.0,401455422.4,1022614487.28
sh600645,S*ST春花,2006-12-21,4.1,4.26,4.08,4.16,4.09,4513129.0,18739712.0,408326297.6,1040116446.72
sh600645,S*ST春花,2006-12-22,4.15,4.37,4.15,4.37,4.16,8378161.0,36389570.0,428938923.2,1092622325.04
sh600645,*ST春花,2007-01-25,3.3,4.19,3.3,3.71,3.36,43731226.0,165754891.0,618446790.08,1205902221.3
sh600645,*ST春花,2007-01-26,3.52,3.86,3.52,3.75,3.71,20813044.0,75679438.0,625114680.0,1218903862.5
sh600645,*ST春花,2007-02-15,3.94,3.94,3.94,3.94,3.75,481234.0,1896062.0,656787157.12,1280661658.2
sh600645,*ST春花,2007-02-16,4.14,4.14,4.14,4.14,3.94,630443.0,2610034.0,690126606.72,1345669864.2
sh600645,*ST春花,2007-02-26,4.35,4.35,4.35,4.35,4.14,332823.0,1447780.0,725133028.8,1413928480.5
sh600645,*ST春花,2007-02-27,4.57,4.57,4.57,4.57,4.35,1091359.0,4987511.0,761806423.36,1485437507.1
sh600645,*ST春花,2007-02-28,4.8,4.8,4.57,4.8,4.57,18262463.0,87208120.0,800146790.4,1560196944.0
sh600645,*ST春花,2007-03-01,5.0,5.04,4.8,5.04,4.8,17597157.0,87337172.0,840154129.92,1638206791.2
sh600645,*ST春花,2007-03-02,5.15,5.15,4.79,4.83,5.04,14171732.0,69746202.0,805147707.84,1569948174.9
sh600645,*ST春花,2007-03-05,4.78,5.07,4.68,4.98,4.83,13758301.0,68167788.0,830152295.04,1618704329.4
sh600645,*ST春花,2007-03-06,4.97,5.0,4.75,4.79,4.98,6343500.0,30708166.0,798479817.92,1556946533.7
sh600645,*ST春花,2007-03-07,4.79,4.85,4.72,4.79,4.79,4826629.0,23074978.0,798479817.92,1556946533.7
sh600645,*ST春花,2007-03-08,4.79,5.03,4.79,4.95,4.79,7300296.0,36005079.0,825151377.6,1608953098.5
sh600645,*ST春花,2007-03-09,5.03,5.1,4.87,5.0,4.95,8676421.0,43307696.0,833486240.0,1625205150.0
sh600645,*ST春花,2007-03-12,5.12,5.25,5.02,5.25,5.0,8495778.0,44302943.0,875160552.0,1706465407.5
sh600645,*ST春花,2007-03-13,5.45,5.51,5.39,5.51,5.25,3131746.0,17206575.0,918501836.48,1790976075.3
sh600645,*ST春花,2007-03-14,5.79,5.79,5.51,5.78,5.51,12445049.0,71423621.0,963510093.44,1878737153.4
sh600645,*ST春花,2007-03-19,5.66,6.01,5.49,5.58,5.78,13704837.0,77072461.0,930170643.84,1813728947.4
sh600645,*ST春花,2007-03-20,5.55,5.75,5.4,5.68,5.58,6042353.0,33979371.0,946840368.64,1846233050.4
sh600645,*ST春花,2007-03-21,5.68,5.96,5.68,5.95,5.68,7770937.0,45818268.0,991848625.6,1933994128.5
sh600645,*ST春花,2007-03-22,6.03,6.25,6.03,6.25,5.95,6128378.0,38229394.0,1041857800.0,2031506437.5
sh600645,*ST春花,2007-03-23,6.5,6.56,6.28,6.54,6.25,14125551.0,92003663.0,1090200001.92,2125768336.2
sh600645,*ST春花,2007-03-26,6.58,6.87,6.22,6.78,6.54,10573257.0,69059206.0,1130207341.44,2203778183.4
sh600645,*ST春花,2007-03-27,6.77,7.08,6.61,6.85,6.78,5544661.0,38220881.0,1141876148.8,2226531055.5
sh600645,*ST春花,2007-03-28,6.8,7.05,6.53,6.8,6.85,6490703.0,44128776.0,1133541286.4,2210279004.0
sh600645,*ST春花,2007-03-29,6.78,6.89,6.46,6.46,6.8,8573674.0,56360934.0,1076864222.08,2099765053.8
sh600645,*ST春花,2007-03-30,6.2,6.39,6.14,6.19,6.46,7404068.0,45963829.0,1031855965.12,2012003975.7
sh600645,*ST春花,2007-04-02,6.19,6.37,6.12,6.27,6.19,4012290.0,25082031.0,1045191744.96,2038007258.1
sh600645,*ST春花,2007-04-03,6.29,6.58,6.23,6.58,6.27,6725804.0,43793536.0,1096867891.84,2138769977.4
sh600645,*ST春花,2007-04-04,6.6,6.86,6.44,6.58,6.58,6471055.0,42892751.0,1096867891.84,2138769977.4
sh600645,*ST春花,2007-04-05,6.61,6.66,6.44,6.55,6.58,3407913.0,22264129.0,1091866974.4,2129018746.5
sh600645,*ST春花,2007-04-06,6.52,6.6,6.3,6.4,6.55,6539432.0,42059357.0,1066862387.2,2080262592.0
sh600645,*ST春花,2007-04-09,6.39,6.6,6.23,6.46,6.4,5612470.0,36276635.0,1076864222.08,2099765053.8
sh600645,*ST春花,2007-04-10,6.5,6.59,6.26,6.49,6.46,6534891.0,42011018.0,1081865139.52,2109516284.7
sh600645,*ST春花,2007-04-11,6.58,6.58,6.34,6.51,6.49,4845291.0,31244361.0,1085199084.48,2116017105.3
sh600645,*ST春花,2007-04-12,6.54,6.84,6.39,6.84,6.51,5813652.0,38805685.0,1140209176.32,2223280645.2
sh600645,*ST春花,2007-04-13,7.18,7.18,7.1,7.18,6.84,11220335.0,80530887.0,1196886240.64,2333794595.4
sh600645,*ST春花,2007-04-16,7.44,7.44,7.01,7.15,7.18,16106079.0,116612335.0,1191885323.2,2324043364.5
sh600645,*ST春花,2007-04-17,7.2,7.51,7.16,7.51,7.15,10438723.0,76245544.0,1251896332.48,2441058135.3
sh600645,*ST春花,2007-04-18,7.77,7.88,7.44,7.67,7.51,10294472.0,78850772.0,1278567892.16,2493064700.1
sh600645,*ST春花,2007-04-19,7.65,7.89,7.29,7.29,7.67,11835873.0,89220837.0,1215222937.92,2369549108.7
sh600645,*ST春花,2007-04-20,7.3,7.56,7.1,7.4,7.29,11204499.0,82201839.0,1233559635.2,2405303622.0
sh600645,*ST春花,2007-04-23,7.4,7.65,7.2,7.57,7.4,11977527.0,88144148.0,1261898167.36,2460560597.1
sh600645,*ST春花,2007-04-24,7.51,7.79,7.38,7.63,7.57,11048661.0,83586174.0,1271900002.24,2480063058.9
sh600645,*ST春花,2007-04-25,7.6,7.89,7.47,7.82,7.63,13582535.0,105126809.0,1303572479.36,2541820854.6
sh600645,*ST春花,2007-04-26,7.81,8.21,7.81,8.21,7.82,5533627.0,45176357.0,1368584406.08,2668586856.3
sh600645,*ST春花,2007-04-27,8.61,8.62,8.21,8.28,8.21,16797316.0,142318201.0,1380253213.44,2691339728.4
sh600645,*ST春花,2007-04-30,7.98,8.0,7.87,7.87,8.28,4576400.0,36052311.0,1311907341.76,2558072906.1
sh600645,*ST春花,2007-05-08,7.48,7.8,7.48,7.78,7.87,15981868.0,121648544.0,1296904589.44,2528819213.4
sh600645,*ST春花,2007-05-09,7.72,7.72,7.42,7.58,7.78,10458561.0,79275245.0,1263565139.84,2463811007.4
sh600645,*ST春花,2007-05-11,7.85,7.96,7.58,7.96,7.58,2618125.0,20837442.0,1326910094.08,2587326598.8
sh600645,*ST春花,2007-05-14,8.22,8.36,8.01,8.36,7.96,14077997.0,116972877.0,1393588993.28,2717343010.8
sh600645,*ST春花,2007-05-15,8.61,8.61,7.94,7.99,8.36,14931128.0,123600266.0,1331911011.52,2597077829.7
sh600645,*ST春花,2007-05-16,7.94,8.22,7.59,8.2,7.99,8693715.0,68614790.0,1366917433.6,2665336446.0
sh600645,*ST春花,2007-05-17,8.25,8.44,8.07,8.26,8.2,9557195.0,79287249.0,1376919268.48,2684838907.8
sh600645,*ST春花,2007-05-18,8.26,8.67,8.2,8.67,8.26,15024265.0,128446668.0,1445265140.16,2818105730.1
sh600645,*ST春花,2007-05-21,8.47,9.1,8.33,9.1,8.67,17347316.0,155918657.0,1516944956.8,2957873373.0
sh600645,*ST春花,2007-05-22,9.46,9.56,9.2,9.56,9.1,11487490.0,109452220.0,1593625690.88,3107392246.8
sh600645,*ST春花,2007-05-23,10.0,10.0,9.28,9.55,9.56,19665596.0,189454400.0,1591958718.4,3104141836.5
sh600645,*ST春花,2007-05-24,9.49,9.5,9.07,9.16,9.55,15721482.0,144318380.0,1526946791.68,2977375834.8
sh600645,*ST春花,2007-05-25,9.1,9.49,8.95,9.23,9.16,10651831.0,98037294.0,1538615599.04,3000128706.9
sh600645,*ST春花,2007-05-28,9.47,9.47,9.0,9.19,9.23,9096429.0,83625860.0,1531947709.12,2987127065.7
sh600645,*ST春花,2007-05-29,9.05,9.19,8.8,8.98,9.19,9907778.0,89200309.0,1496941287.04,2918868449.4
sh600645,*ST春花,2007-05-30,8.53,8.8,8.53,8.53,8.98,5800952.0,49842762.0,1421927525.44,2772599985.9
sh600645,*ST春花,2007-05-31,8.1,8.15,8.1,8.1,8.53,2869500.0,23251618.0,1350247708.8,2632832343.0
sh600645,*ST春花,2007-06-01,7.7,7.9,7.7,7.7,8.1,8404609.0,64844783.0,1283568809.6,2502815931.0
sh600645,*ST春花,2007-06-04,7.32,7.32,7.32,7.32,7.7,1380200.0,10103064.0,1220223855.36,2379300339.6
sh600645,*ST春花,2007-06-05,6.95,6.95,6.95,6.95,7.32,228300.0,1586685.0,1158545873.6,2259035158.5
sh600645,*ST春花,2007-06-06,6.6,7.3,6.6,6.65,6.95,12479045.0,84763691.0,1108536699.2,2161522849.5
sh600645,*ST春花,2007-06-07,6.65,6.8,6.32,6.59,6.65,7132068.0,46583405.0,1098534864.32,2142020387.7
sh600645,*ST春花,2007-06-08,6.62,6.92,6.6,6.92,6.59,6526066.0,45086612.0,1153544956.16,2249283927.6
sh600645,*ST春花,2007-06-11,7.27,7.27,6.93,7.0,6.92,8637010.0,61599472.0,1166880736.0,2275287210.0
sh600645,*ST春花,2007-06-12,7.18,7.25,6.65,7.01,7.0,8349779.0,57499959.0,1168547708.48,2278537620.3
sh600645,*ST春花,2007-06-13,7.0,7.36,6.92,7.2,7.01,10030526.0,72224389.0,1200220185.6,2340295416.0
sh600645,*ST春花,2007-06-14,7.4,7.4,7.03,7.21,7.2,7491510.0,53937116.0,1201887158.08,2343545826.3
sh600645,*ST春花,2007-06-15,7.1,7.28,6.85,7.12,7.21,7449252.0,53084373.0,1186884405.76,2314292133.6
sh600645,*ST春花,2007-06-18,7.17,7.17,6.9,6.94,7.12,6590813.0,46168759.0,1156878901.12,2255784748.2
sh600645,*ST春花,2007-06-19,6.96,7.05,6.74,7.03,6.94,6398857.0,44136466.0,1171881653.44,2285038440.9
sh600645,*ST春花,2007-06-20,7.04,7.1,6.68,6.68,7.03,6991534.0,47821921.0,1113537616.64,2171274080.4
sh600645,*ST春花,2007-06-21,6.4,6.59,6.35,6.4,6.68,7861401.0,50204452.0,1066862387.2,2080262592.0
sh600645,*ST春花,2007-06-22,6.48,6.5,6.08,6.16,6.4,11110339.0,68538552.0,1026855047.68,2002252744.8
sh600645,*ST春花,2007-06-25,6.15,6.22,5.86,5.89,6.16,8105087.0,48030459.0,981846790.72,1914491666.7
sh600645,*ST春花,2007-06-26,5.7,5.8,5.6,5.6,5.89,7620408.0,42741132.0,933504588.8,1820229768.0
sh600645,*ST春花,2007-06-27,5.5,5.75,5.45,5.62,5.6,2739991.0,15457821.0,936838533.76,1826730588.6
sh600645,*ST春花,2007-06-28,5.7,5.9,5.62,5.88,5.62,6025290.0,35459550.0,980179818.24,1911241256.4
sh600645,*ST春花,2007-06-29,5.6,5.72,5.59,5.59,5.88,3793323.0,21258028.0,931837616.32,1816979357.7
sh600645,*ST春花,2007-07-02,5.59,5.7,5.31,5.31,5.59,1932412.0,10413341.0,885162386.88,1725967869.3
sh600645,*ST春花,2007-07-03,5.39,5.45,5.04,5.22,5.31,3684873.0,19007412.0,870159634.56,1696714176.6
sh600645,*ST春花,2007-07-04,5.22,5.22,5.0,5.02,5.22,2286950.0,11647157.0,836820184.96,1631705970.6
sh600645,*ST春花,2007-07-05,4.82,5.2,4.82,5.05,5.02,3300972.0,16624695.0,841821102.4,1641457201.5
sh600645,*ST春花,2007-07-06,5.07,5.3,4.9,5.3,5.05,3723455.0,19202396.0,883495414.4,1722717459.0
sh600645,*ST春花,2007-07-09,5.49,5.57,5.26,5.57,5.3,3444914.0,18911586.0,928503671.36,1810478537.1
sh600645,*ST春花,2007-07-10,5.6,5.79,5.42,5.68,5.57,3171617.0,17701272.0,946840368.64,1846233050.4
sh600645,*ST春花,2007-07-11,5.65,5.8,5.5,5.74,5.68,2009463.0,11396571.0,956842203.52,1865735512.2
sh600645,*ST春花,2007-07-12,5.74,5.85,5.65,5.79,5.74,1644753.0,9432002.0,965177065.92,1881987563.7
sh600645,*ST春花,2007-07-13,5.75,5.8,5.61,5.73,5.79,1632350.0,9315888.0,955175231.04,1862485101.9
sh600645,*ST春花,2007-07-16,5.74,5.74,5.49,5.51,5.73,1282773.0,7165267.0,918501836.48,1790976075.3
sh600645,*ST春花,2007-07-17,5.5,5.52,5.24,5.46,5.51,1024369.0,5578871.0,910166974.08,1774724023.8
sh600645,*ST春花,2007-07-20,5.73,5.73,5.73,5.73,5.46,150305.0,861248.0,955175231.04,1862485101.9
sh600645,*ST春花,2007-07-23,6.02,6.02,6.02,6.02,5.73,149036.0,897197.0,1003517432.96,1956747000.6
sh600645,*ST春花,2007-07-24,6.32,6.32,6.12,6.32,6.02,7083458.0,44747207.0,1053526607.36,2054259309.6
sh600645,*ST春花,2007-07-25,6.19,6.59,6.1,6.52,6.32,6190406.0,39745100.0,1086866056.96,2119267515.6
sh600645,*ST春花,2007-07-26,6.52,6.62,6.32,6.51,6.52,3294458.0,21284139.0,1085199084.48,2116017105.3
sh600645,*ST春花,2007-07-27,6.4,6.84,6.36,6.82,6.51,3583562.0,24087254.0,1136875231.36,2216779824.6
sh600645,*ST春花,2007-07-30,6.86,6.89,6.71,6.76,6.82,3404854.0,23138197.0,1126873396.48,2197277362.8
sh600645,*ST春花,2007-07-31,6.5,6.91,6.42,6.72,6.76,7794739.0,51403445.0,1120205506.56,2184275721.6
sh600645,*ST春花,2007-08-01,6.59,6.72,6.38,6.45,6.72,4791226.0,31160488.0,1075197249.6,2096514643.5
sh600645,*ST春花,2007-08-02,6.48,6.77,6.45,6.77,6.45,4114440.0,27414469.0,1128540368.96,2200527773.1
sh600645,*ST春花,2007-08-03,6.81,7.08,6.61,7.0,6.77,4527375.0,31126252.0,1166880736.0,2275287210.0
sh600645,*ST春花,2007-08-06,6.99,7.22,6.86,6.94,7.0,3497484.0,24760507.0,1156878901.12,2255784748.2
sh600645,*ST春花,2007-08-07,6.94,7.19,6.85,7.0,6.94,3306115.0,23386589.0,1166880736.0,2275287210.0
sh600645,*ST春花,2007-08-08,6.92,7.35,6.82,7.11,7.0,3616898.0,25829582.0,1185217433.28,2311041723.3
sh600645,*ST春花,2007-08-09,7.11,7.18,6.96,6.98,7.11,2827561.0,20050681.0,1163546791.04,2268786389.4
sh600645,*ST春花,2007-08-10,6.98,7.15,6.8,6.94,6.98,3515433.0,24494949.0,1156878901.12,2255784748.2
sh600645,*ST春花,2007-08-13,6.85,7.05,6.79,6.99,6.94,2562451.0,17773902.0,1165213763.52,2272036799.7
sh600645,*ST春花,2007-08-14,7.0,7.34,6.92,7.34,6.99,3957971.0,28829402.0,1223557800.32,2385801160.2
sh600645,*ST春花,2007-08-15,7.55,7.71,7.23,7.27,7.34,6389217.0,48026138.0,1211888992.96,2363048288.1
sh600645,*ST春花,2007-08-16,7.3,7.62,7.16,7.6,7.27,4288221.0,31595215.0,1266899084.8,2470311828.0
sh600645,*ST春花,2007-08-17,7.59,7.98,7.4,7.86,7.6,4409687.0,34700515.0,1310240369.28,2554822495.8
sh600645,*ST春花,2007-08-20,7.86,8.18,7.75,7.8,7.86,4240071.0,33422240.0,1300238534.4,2535320034.0
sh600645,*ST春花,2007-08-21,7.9,7.97,7.7,7.8,7.8,2457142.0,19196221.0,1300238534.4,2535320034.0
sh600645,*ST春花,2007-08-22,7.85,8.07,7.71,8.0,7.8,5062283.0,39929308.0,1333577984.0,2600328240.0
sh600645,*ST春花,2007-08-23,8.0,8.28,7.92,8.08,8.0,3060084.0,24748809.0,1346913763.84,2626331522.4
sh600645,*ST春花,2007-08-24,8.08,8.4,7.93,8.32,8.08,5839327.0,47735348.0,1386921103.36,2704341369.6
sh600645,*ST春花,2007-08-27,8.36,8.37,8.03,8.08,8.32,3737117.0,30395822.0,1346913763.84,2626331522.4
sh600645,*ST春花,2007-08-28,8.08,8.31,7.97,8.07,8.08,3749204.0,30304263.0,1345246791.36,2623081112.1
sh600645,*ST春花,2007-08-29,8.03,8.15,7.7,7.81,8.07,2785424.0,21958377.0,1301905506.88,2538570444.3
sh600645,*ST春花,2007-08-30,7.8,7.95,7.7,7.93,7.81,2246459.0,17605000.0,1321909176.64,2577575367.9
sh600645,*ST春花,2007-08-31,8.0,8.09,7.78,7.85,7.93,5767912.0,45568050.0,1308573396.8,2551572085.5
sh600645,*ST春花,2007-09-03,7.8,7.94,7.78,7.84,7.85,3025595.0,23780038.0,1306906424.32,2548321675.2
sh600645,*ST春花,2007-09-04,7.94,8.23,7.85,8.23,7.84,7420120.0,60956800.0,1371918351.04,2675087676.9
sh600645,*ST春花,2007-09-05,8.19,8.5,8.0,8.14,8.23,4990332.0,40812005.0,1356915598.72,2645833984.2
sh600645,*ST春花,2007-09-06,8.04,8.19,7.9,7.95,8.14,3399690.0,27362977.0,1325243121.6,2584076188.5
sh600645,*ST春花,2007-09-07,7.84,7.96,7.55,7.67,7.95,4253727.0,32748737.0,1278567892.16,2493064700.1
sh600645,*ST春花,2007-09-10,7.65,7.8,7.39,7.63,7.67,3202317.0,24234359.0,1271900002.24,2480063058.9
sh600645,*ST春花,2007-09-11,7.68,7.76,7.25,7.46,7.63,3375528.0,25527879.0,1243561470.08,2424806083.8
sh600645,*ST春花,2007-09-12,7.58,7.82,7.34,7.56,7.46,2550859.0,19130824.0,1260231194.88,2457310186.8
sh600645,*ST春花,2007-09-13,7.5,7.6,7.44,7.53,7.56,1644321.0,12333446.0,1255230277.44,2447558955.9
sh600645,*ST春花,2007-09-14,7.55,7.6,7.3,7.36,7.53,2114234.0,15692814.0,1226891745.28,2392301980.8
sh600645,*ST春花,2007-09-17,7.25,7.73,7.19,7.69,7.36,3706355.0,28377979.0,1281901837.12,2499565520.7
sh600645,*ST春花,2007-09-18,7.68,7.7,7.46,7.61,7.69,3037151.0,22943562.0,1268566057.28,2473562238.3
sh600645,*ST春花,2007-09-19,7.64,7.68,7.43,7.51,7.61,2418818.0,18165353.0,1251896332.48,2441058135.3
sh600645,*ST春花,2007-09-20,7.6,7.89,7.5,7.89,7.51,11187225.0,87986129.0,1315241286.72,2564573726.7
sh600645,*ST春花,2007-09-21,8.28,8.28,8.1,8.28,7.89,5240345.0,43374099.0,1380253213.44,2691339728.4
sh600645,*ST春花,2007-09-24,8.58,8.58,8.2,8.3,8.28,7151243.0,60011185.0,1383587158.4,2697840549.0
sh600645,*ST春花,2007-09-25,8.18,8.68,8.16,8.32,8.3,3446241.0,28704778.0,1386921103.36,2704341369.6
sh600645,*ST春花,2007-09-26,8.32,8.64,8.23,8.33,8.32,2818027.0,23659577.0,1388588075.84,2707591779.9
sh600645,*ST春花,2007-09-27,8.25,8.36,7.95,8.19,8.33,2952722.0,23882465.0,1365250461.12,2662086035.7
sh600645,*ST春花,2007-09-28,8.08,8.33,8.08,8.27,8.19,2689607.0,22099011.0,1378586240.96,2688089318.1
sh600645,*ST春花,2007-10-08,8.3,8.39,8.1,8.14,8.27,1737356.0,14239623.0,1356915598.72,2645833984.2
sh600645,*ST春花,2007-10-09,8.11,8.39,8.02,8.14,8.14,1644569.0,13468540.0,1356915598.72,2645833984.2
sh600645,*ST春花,2007-10-10,8.27,8.27,7.94,7.95,8.14,2982350.0,24036981.0,1325243121.6,2584076188.5
sh600645,*ST春花,2007-10-11,7.82,7.98,7.55,7.55,7.95,2715300.0,20783521.0,1258564222.4,2454059776.5
sh600645,*ST春花,2007-10-12,7.54,7.54,7.17,7.22,7.55,2584740.0,18729398.0,1203554130.56,2346796236.6
sh600645,*ST春花,2007-10-15,7.22,7.3,6.86,6.98,7.22,3436661.0,23840561.0,1163546791.04,2268786389.4
sh600645,*ST春花,2007-10-17,7.2,7.33,7.09,7.33,6.98,596208.0,4364917.0,1221890827.84,2382550749.9
sh600645,*ST春花,2007-10-18,7.6,7.6,7.3,7.35,7.33,2961386.0,22201332.0,1225224772.8,2389051570.5
sh600645,*ST春花,2007-10-19,7.36,7.36,6.99,7.19,7.35,1327407.0,9466159.0,1198553213.12,2337045005.7
sh600645,*ST春花,2007-10-22,7.21,7.21,6.88,6.9,7.19,1143434.0,7992629.0,1150211011.2,2242783107.0
sh600645,*ST春花,2007-10-23,6.8,7.0,6.8,6.93,6.9,1108632.0,7614543.0,1155211928.64,2252534337.9
sh600645,*ST春花,2007-10-24,6.95,7.05,6.7,6.72,6.93,1431316.0,9822146.0,1120205506.56,2184275721.6
sh600645,*ST春花,2007-10-25,6.71,6.71,6.38,6.38,6.72,2831668.0,18211138.0,1063528442.24,2073761771.4
sh600645,*ST春花,2007-10-26,6.2,6.33,6.06,6.27,6.38,1469844.0,9010451.0,1045191744.96,2038007258.1
sh600645,*ST春花,2007-10-29,6.29,6.58,6.27,6.58,6.27,1418387.0,9306139.0,1096867891.84,2138769977.4
sh600645,*ST春花,2007-10-30,6.91,6.91,6.56,6.74,6.58,1092637.0,7350470.0,1123539451.52,2190776542.2
sh600645,*ST春花,2007-10-31,6.74,6.91,6.6,6.82,6.74,1007052.0,6829401.0,1136875231.36,2216779824.6
sh600645,*ST春花,2007-11-01,6.85,6.85,6.65,6.67,6.82,773748.0,5209131.0,1111870644.16,2168023670.1
sh600645,*ST春花,2007-11-02,6.57,6.79,6.34,6.48,6.67,1378410.0,8897126.0,1080198167.04,2106265874.4
sh600645,*ST春花,2007-11-05,6.43,6.8,6.35,6.8,6.48,2400048.0,16274397.0,1133541286.4,2210279004.0
sh600645,*ST春花,2007-11-06,6.85,6.99,6.7,6.77,6.8,1407544.0,9665302.0,1128540368.96,2200527773.1
sh600645,*ST春花,2007-11-07,6.87,7.11,6.75,7.11,6.77,2517508.0,17715124.0,1185217433.28,2311041723.3
sh600645,*ST春花,2007-11-08,7.18,7.21,6.75,6.78,7.11,1996019.0,13827772.0,1130207341.44,2203778183.4
sh600645,*ST春花,2007-11-09,6.85,7.12,6.61,7.05,6.78,2105403.0,14798407.0,1175215598.4,2291539261.5
sh600645,*ST春花,2007-11-12,6.92,7.19,6.78,6.98,7.05,1966457.0,13721117.0,1163546791.04,2268786389.4
sh600645,*ST春花,2007-11-13,7.1,7.1,6.8,6.95,6.98,1208356.0,8390167.0,1158545873.6,2259035158.5
sh600645,*ST春花,2007-11-14,6.82,7.04,6.81,7.02,6.95,967931.0,6763241.0,1170214680.96,2281788030.6
sh600645,*ST春花,2007-11-15,7.15,7.15,6.89,7.05,7.02,972669.0,6838095.0,1175215598.4,2291539261.5
sh600645,*ST春花,2007-11-16,7.09,7.4,6.9,7.4,7.05,4359030.0,32119744.0,1233559635.2,2405303622.0
sh600645,*ST春花,2007-11-19,7.43,7.7,7.23,7.49,7.4,2788242.0,20963629.0,1248562387.52,2434557314.7
sh600645,*ST春花,2007-11-20,7.46,7.68,7.46,7.57,7.49,2018574.0,15285090.0,1261898167.36,2460560597.1
sh600645,*ST春花,2007-11-21,7.5,7.66,7.2,7.26,7.57,2699449.0,19954969.0,1210222020.48,2359797877.8
sh600645,*ST春花,2007-11-22,7.18,7.26,6.91,6.99,7.26,1017186.0,7187058.0,1165213763.52,2272036799.7
sh600645,*ST春花,2007-11-23,6.95,7.08,6.8,7.05,6.99,600374.0,4177484.0,1175215598.4,2291539261.5
sh600645,*ST春花,2007-11-26,7.04,7.4,7.04,7.38,7.05,3891824.0,28698303.0,1230225690.24,2398802801.4
sh600645,*ST春花,2007-11-27,7.21,7.4,7.2,7.3,7.38,1046325.0,7632967.0,1216889910.4,2372799519.0
sh600645,*ST春花,2007-11-28,7.27,7.44,7.15,7.25,7.3,1013959.0,7434065.0,1208555048.0,2356547467.5
sh600645,*ST春花,2007-11-29,7.38,7.38,7.11,7.3,7.25,1729845.0,12518152.0,1216889910.4,2372799519.0
sh600645,*ST春花,2007-11-30,7.23,7.34,7.22,7.28,7.3,967456.0,7031280.0,1213555965.44,2366298698.4
sh600645,ST望春花,2007-12-04,7.4,7.64,7.4,7.43,7.28,3903825.0,29637038.0,1238560552.64,2415054852.9
sh600645,ST望春花,2007-12-05,7.3,7.34,7.08,7.22,7.43,2707382.0,19418800.0,1203554130.56,2346796236.6
sh600645,ST望春花,2007-12-06,7.28,7.29,7.09,7.18,7.22,1511655.0,10817976.0,1196886240.64,2333794595.4
sh600645,ST望春花,2007-12-07,7.14,7.25,7.02,7.2,7.18,1115683.0,8019059.0,1200220185.6,2340295416.0
sh600645,ST望春花,2007-12-10,7.12,7.35,7.0,7.33,7.2,1202329.0,8747219.0,1221890827.84,2382550749.9
sh600645,ST望春花,2007-12-11,7.32,7.53,7.3,7.49,7.33,1840067.0,13689349.0,1248562387.52,2434557314.7
sh600645,ST望春花,2007-12-12,7.48,7.58,7.42,7.56,7.49,1423952.0,10661636.0,1260231194.88,2457310186.8
sh600645,ST望春花,2007-12-13,7.57,7.63,7.25,7.33,7.56,2245980.0,16656319.0,1221890827.84,2382550749.9
sh600645,ST望春花,2007-12-14,7.4,7.6,7.2,7.53,7.33,1879181.0,13943317.0,1255230277.44,2447558955.9
sh600645,ST望春花,2007-12-17,7.53,7.88,7.51,7.68,7.53,3293295.0,25263035.0,1280234864.64,2496315110.4
sh600645,ST望春花,2007-12-18,7.64,7.64,7.45,7.56,7.68,952653.0,7187720.0,1260231194.88,2457310186.8
sh600645,ST望春花,2007-12-19,7.6,7.66,7.51,7.65,7.56,1226379.0,9322246.0,1275233947.2,2486563879.5
sh600645,ST望春花,2007-12-20,7.64,7.88,7.52,7.8,7.65,4012935.0,31043794.0,1300238534.4,2535320034.0
sh600645,ST望春花,2007-12-21,7.75,7.95,7.6,7.78,7.8,2536930.0,19759903.0,1296904589.44,2528819213.4
sh600645,ST望春花,2007-12-24,7.81,7.88,7.72,7.75,7.78,2230638.0,17356793.0,1291903672.0,2519067982.5
sh600645,ST望春花,2007-12-25,7.76,7.95,7.72,7.88,7.75,1911519.0,14973605.0,1313574314.24,2561323316.4
sh600645,ST望春花,2007-12-26,7.92,7.95,7.75,7.89,7.88,2426191.0,18939284.0,1315241286.72,2564573726.7
sh600645,ST望春花,2007-12-27,7.88,7.95,7.8,7.83,7.89,2490358.0,19583568.0,1305239451.84,2545071264.9
sh600645,ST望春花,2007-12-28,7.85,8.05,7.81,7.93,7.83,2572666.0,20399786.0,1321909176.64,2577575367.9
sh600645,ST望春花,2008-01-02,8.04,8.33,7.94,8.26,7.93,6067729.0,50288721.0,1376919268.48,2684838907.8
sh600645,ST望春花,2008-01-03,8.23,8.45,8.18,8.25,8.26,2415827.0,19995963.0,1375252296.0,2681588497.5
sh600645,ST望春花,2008-01-04,8.25,8.42,8.11,8.29,8.25,2550602.0,21091276.0,1381920185.92,2694590138.7
sh600645,ST望春花,2008-01-07,8.23,8.7,8.16,8.57,8.29,4904807.0,41776767.0,1428595415.36,2785601627.1
sh600645,ST望春花,2008-01-08,8.64,8.79,8.24,8.32,8.57,2891532.0,24620564.0,1386921103.36,2704341369.6
sh600645,ST望春花,2008-01-09,8.37,8.53,8.25,8.33,8.32,2531216.0,21193691.0,1388588075.84,2707591779.9
sh600645,ST望春花,2008-01-10,8.37,8.58,8.29,8.44,8.33,2715480.0,22890358.0,1406924773.12,2743346293.2
sh600645,ST望春花,2008-01-11,8.5,8.63,8.2,8.54,8.44,2925842.0,24660762.0,1423594497.92,2775850396.2
sh600645,ST望春花,2008-01-14,8.54,8.97,8.46,8.96,8.54,6073541.0,53686450.0,1493607342.08,2912367628.8
sh600645,ST望春花,2008-01-15,8.96,9.1,8.8,8.97,8.96,3600330.0,32142077.0,1495274314.56,2915618039.1
sh600645,ST望春花,2008-01-16,8.97,9.26,8.8,8.82,8.97,4728697.0,42737770.0,1470269727.36,2866861884.6
sh600645,ST望春花,2008-01-17,9.03,9.26,8.73,9.26,8.82,17188385.0,158025241.0,1543616516.48,3009879937.8
sh600645,ST望春花,2008-01-18,9.2,9.2,8.8,8.91,9.26,11030128.0,97831188.0,1485272479.68,2896115577.3
sh600645,ST望春花,2008-01-21,8.81,8.94,8.46,8.46,8.91,5762206.0,49174236.0,1410258718.08,2749847113.8
sh600645,ST望春花,2008-01-22,8.05,8.1,8.04,8.04,8.46,3634856.0,29232302.0,1340245873.92,2613329881.2
sh600645,ST望春花,2008-01-23,8.04,8.04,7.64,7.8,8.04,5783436.0,44426375.0,1300238534.4,2535320034.0
sh600645,ST望春花,2008-01-24,7.84,8.04,7.5,7.86,7.8,3111156.0,24303977.0,1310240369.28,2554822495.8
sh600645,ST望春花,2008-01-25,7.8,7.95,7.47,7.5,7.86,4604030.0,35018255.0,1250229360.0,2437807725.0
sh600645,ST望春花,2008-01-28,7.48,7.48,7.13,7.13,7.5,3353328.0,24046035.0,1188551378.24,2317542543.9
sh600645,ST望春花,2008-01-29,6.85,7.08,6.77,6.94,7.13,4498231.0,31028495.0,1468408810.96,2255784748.2
sh600645,ST望春花,2008-01-30,7.08,7.2,6.88,7.04,6.94,2424379.0,17028852.0,1489567439.36,2288288851.2
sh600645,ST望春花,2008-01-31,6.98,7.09,6.75,6.78,7.04,2934900.0,20439533.0,1434555005.52,2203778183.4
sh600645,ST望春花,2008-02-01,6.78,7.12,6.49,7.12,6.78,5336444.0,36826565.0,1506494342.08,2314292133.6
sh600645,ST望春花,2008-02-04,7.38,7.48,7.05,7.46,7.12,4323712.0,31740292.0,1578433678.64,2424806083.8
sh600645,ST望春花,2008-02-05,7.42,7.42,7.2,7.28,7.46,2087595.0,15254815.0,1540348147.52,2366298698.4
sh600645,ST望春花,2008-02-13,7.26,7.27,7.05,7.16,7.28,1127354.0,8076489.0,1514957793.44,2327293774.8
sh600645,ST望春花,2008-02-14,7.16,7.36,7.15,7.26,7.16,1522720.0,10984260.0,1536116421.84,2359797877.8
sh600645,ST望春花,2008-02-15,7.26,7.32,7.08,7.12,7.26,1471549.0,10566718.0,1506494342.08,2314292133.6
sh600645,ST望春花,2008-02-18,7.25,7.29,7.15,7.24,7.12,1809135.0,13105194.0,1531884696.16,2353297057.2
sh600645,ST望春花,2008-02-19,7.3,7.45,7.21,7.38,7.24,2326056.0,17079465.0,1561506775.92,2398802801.4
sh600645,ST望春花,2008-02-20,7.33,7.43,7.19,7.2,7.38,2591288.0,18901411.0,1523421244.8,2340295416.0
sh600645,ST望春花,2008-02-21,7.21,7.29,7.13,7.2,7.2,3818575.0,27564740.0,1523421244.8,2340295416.0
sh600645,ST望春花,2008-02-22,7.2,7.31,6.95,6.99,7.2,3401387.0,24275053.0,1478988125.16,2272036799.7
sh600645,ST望春花,2008-02-25,7.03,7.12,6.64,6.66,6.99,2816390.0,19162169.0,1409164651.44,2164773259.8
sh600645,ST望春花,2008-02-26,6.85,6.95,6.58,6.74,6.66,2094361.0,14107190.0,1426091554.16,2190776542.2
sh600645,ST望春花,2008-02-27,6.74,7.08,6.74,6.91,6.74,3364903.0,23482112.0,1462061222.44,2246033517.3
sh600645,ST望春花,2008-02-28,6.96,7.1,6.92,6.97,6.91,2148914.0,15057738.0,1474756399.48,2265535979.1
sh600645,ST望春花,2008-02-29,6.93,7.09,6.93,6.98,6.97,3395627.0,23786009.0,1476872262.32,2268786389.4
sh600645,ST望春花,2008-03-03,7.02,7.33,6.98,7.33,6.98,6079383.0,43686081.0,1550927461.72,2382550749.9
sh600645,ST望春花,2008-03-04,7.35,7.4,7.23,7.25,7.33,3547746.0,25946103.0,1534000559.0,2356547467.5
sh600645,ST望春花,2008-03-05,7.24,7.58,7.16,7.44,7.25,5706281.0,42293345.0,1574201952.96,2418305263.2
sh600645,ST望春花,2008-03-06,7.56,7.68,7.37,7.54,7.44,4804063.0,36354198.0,1595360581.36,2450809366.2
sh600645,ST望春花,2008-03-07,7.53,7.62,7.37,7.4,7.54,3171384.0,23736679.0,1565738501.6,2405303622.0
sh600645,ST望春花,2008-03-10,7.35,7.56,7.28,7.32,7.4,3308974.0,24616493.0,1548811598.88,2379300339.6
sh600645,ST望春花,2008-03-11,7.28,7.58,7.27,7.46,7.32,3396675.0,25221518.0,1578433678.64,2424806083.8
sh600645,ST望春花,2008-03-12,7.55,7.83,7.5,7.53,7.46,15140769.0,117647453.0,1593244718.52,2447558955.9
sh600645,ST望春花,2008-03-13,7.35,7.64,7.23,7.28,7.53,5692763.0,42070082.0,1540348147.52,2366298698.4
sh600645,ST望春花,2008-03-14,7.27,7.4,7.21,7.31,7.28,2560917.0,18675484.0,1546695736.04,2376049929.3
sh600645,ST望春花,2008-03-17,7.37,7.45,6.94,6.94,7.31,5481533.0,38395475.0,1468408810.96,2255784748.2
sh600645,ST望春花,2008-03-18,6.8,6.95,6.59,6.59,6.94,3640924.0,24214325.0,1394353611.56,2142020387.7
sh600645,ST望春花,2008-03-19,6.7,6.78,6.39,6.55,6.59,3383672.0,22252660.0,1385890160.2,2129018746.5
sh600645,ST望春花,2008-03-20,6.4,6.88,6.31,6.88,6.55,4358477.0,29099401.0,1455713633.92,2236282286.4
sh600645,ST望春花,2008-03-21,6.93,7.22,6.81,7.07,6.88,5399545.0,38218995.0,1495915027.88,2298040082.1
sh600645,ST望春花,2008-03-24,7.12,7.31,6.98,7.01,7.07,3548401.0,25235413.0,1483219850.84,2278537620.3
sh600645,ST望春花,2008-03-25,6.95,7.36,6.81,7.36,7.01,7004852.0,50772826.0,1557275050.24,2392301980.8
sh600645,ST望春花,2008-03-26,7.39,7.46,7.22,7.35,7.36,4297810.0,31491179.0,1555159187.4,2389051570.5
sh600645,ST望春花,2008-03-27,7.48,7.54,7.11,7.17,7.35,4084463.0,29595227.0,1517073656.28,2330544185.1
sh600645,ST望春花,2008-03-28,7.19,7.4,6.98,7.29,7.17,5785272.0,41907398.0,1542464010.36,2369549108.7
sh600645,ST望春花,2008-03-31,7.35,7.55,7.21,7.48,7.29,5550943.0,41285472.0,1582665404.32,2431306904.4
sh600645,ST望春花,2008-04-01,7.52,7.55,7.11,7.11,7.48,6871450.0,49504008.0,1504378479.24,2311041723.3
sh600645,ST望春花,2008-04-02,7.0,7.13,6.75,6.75,7.11,5443168.0,37081797.0,1428207417.0,2194026952.5
sh600645,ST望春花,2008-04-03,6.55,6.8,6.41,6.56,6.75,2981075.0,19335459.0,1388006023.04,2132269156.8
sh600645,ST望春花,2008-04-07,6.7,6.89,6.65,6.89,6.56,3130743.0,21504105.0,1457829496.76,2239532696.7
sh600645,ST望春花,2008-04-08,7.06,7.1,6.87,6.9,6.89,4092471.0,28450822.0,1459945359.6,2242783107.0
sh600645,ST望春花,2008-04-09,6.99,7.01,6.56,6.56,6.9,2399000.0,16274831.0,1388006023.04,2132269156.8
sh600645,ST望春花,2008-04-10,6.53,6.75,6.45,6.74,6.56,1471252.0,9738867.0,1426091554.16,2190776542.2
sh600645,ST望春花,2008-04-11,6.8,7.08,6.74,6.88,6.74,2102962.0,14623887.0,1455713633.92,2236282286.4
sh600645,ST望春花,2008-04-14,6.8,6.8,6.54,6.72,6.88,1887097.0,12563896.0,1421859828.48,2184275721.6
sh600645,ST望春花,2008-04-15,6.7,6.9,6.61,6.87,6.72,1385572.0,9370450.0,1453597771.08,2233031876.1
sh600645,ST望春花,2008-04-16,6.9,6.9,6.67,6.69,6.87,1067945.0,7202773.0,1415512239.96,2174524490.7
sh600645,ST望春花,2008-04-17,6.7,6.8,6.36,6.47,6.69,1790480.0,11534019.0,1368963257.48,2103015464.1
sh600645,ST望春花,2008-04-18,6.54,6.54,6.15,6.15,6.47,2217610.0,13690966.0,1301255646.6,1999002334.5
sh600645,ST望春花,2008-04-21,6.45,6.46,5.84,5.84,6.15,2460339.0,14779542.0,1235663898.56,1898239615.2
sh600645,ST望春花,2008-04-22,5.57,5.87,5.55,5.55,5.84,1736400.0,9647716.0,1174303876.2,1803977716.5
sh600645,ST望春花,2008-04-23,5.3,5.8,5.27,5.69,5.55,4411151.0,23781334.0,1203925955.96,1849483460.7
sh600645,ST望春花,2008-04-24,5.97,5.97,5.72,5.95,5.69,6440490.0,38025287.0,1258938389.8,1933994128.5
sh600645,ST望春花,2008-04-25,5.87,6.01,5.66,5.69,5.95,3943695.0,23032418.0,1203925955.96,1849483460.7
sh600645,ST望春花,2008-04-28,5.53,5.94,5.53,5.9,5.69,2169097.0,12621308.0,1248359075.6,1917742077.0
sh600645,ST望春花,2008-04-29,5.95,6.04,5.81,5.97,5.9,2200679.0,13039354.0,1263170115.48,1940494949.1
sh600645,ST望春花,2008-04-30,6.05,6.24,5.9,6.19,5.97,2954432.0,17966338.0,1309719097.96,2012003975.7
sh600645,ST望春花,2008-05-05,6.19,6.5,6.0,6.34,6.19,3572372.0,22077725.0,1341457040.56,2060760130.2
sh600645,ST望春花,2008-05-06,6.27,6.65,6.16,6.45,6.34,4105575.0,26568567.0,1364731531.8,2096514643.5
sh600645,ST望春花,2008-05-07,6.45,6.59,6.33,6.33,6.45,4044355.0,26141331.0,1339341177.72,2057509719.9
sh600645,ST望春花,2008-05-08,6.22,6.48,6.2,6.47,6.33,1943138.0,12401187.0,1368963257.48,2103015464.1
sh600645,ST望春花,2008-05-09,6.46,6.61,6.31,6.61,6.47,3117019.0,20140062.0,1398585337.24,2148521208.3
sh600645,ST望春花,2008-05-12,6.5,6.9,6.43,6.76,6.61,5358969.0,36266504.0,1430323279.84,2197277362.8
sh600645,ST望春花,2008-05-13,6.52,6.9,6.42,6.42,6.76,7344200.0,47802239.0,1358383943.28,2086763412.6
sh600645,ST望春花,2008-05-14,6.4,6.64,6.31,6.55,6.42,3144377.0,20414276.0,1385890160.2,2129018746.5
sh600645,ST望春花,2008-05-15,6.53,6.88,6.51,6.68,6.55,4679288.0,31624859.0,1413396377.12,2171274080.4
sh600645,ST望春花,2008-05-16,6.61,6.87,6.37,6.47,6.68,2442782.0,16024019.0,1368963257.48,2103015464.1
sh600645,ST望春花,2008-05-19,6.48,6.57,6.35,6.54,6.47,1372041.0,8857884.0,1383774297.36,2125768336.2
sh600645,ST望春花,2008-05-20,6.45,6.68,6.21,6.21,6.54,2083707.0,13511909.0,1313950823.64,2018504796.3
sh600645,ST望春花,2008-05-21,6.15,6.35,5.95,6.28,6.21,2192815.0,13502594.0,1328761863.52,2041257668.4
sh600645,ST望春花,2008-05-22,6.28,6.54,6.16,6.38,6.28,2131935.0,13625517.0,1349920491.92,2073761771.4
sh600645,ST望春花,2008-05-23,6.45,6.7,6.28,6.65,6.38,3227446.0,20969009.0,1407048788.6,2161522849.5
sh600645,ST望春花,2008-05-26,6.54,6.67,6.32,6.33,6.65,1533278.0,9993294.0,1339341177.72,2057509719.9
sh600645,ST望春花,2008-05-27,6.23,6.45,6.22,6.37,6.33,783317.0,4967242.0,1347804629.08,2070511361.1
sh600645,ST望春花,2008-05-28,6.4,6.49,6.3,6.46,6.37,1113298.0,7129465.0,1366847394.64,2099765053.8
sh600645,ST望春花,2008-05-29,6.48,6.58,6.34,6.37,6.46,1183787.0,7643579.0,1347804629.08,2070511361.1
sh600645,ST望春花,2008-06-02,6.43,6.47,6.05,6.07,6.37,4350145.0,26512953.0,1284328743.88,1972999052.1
sh600645,ST望春花,2008-06-03,6.08,6.16,5.92,6.08,6.07,1724619.0,10384176.0,1286444606.72,1976249462.4
sh600645,ST望春花,2008-06-04,6.09,6.09,5.85,5.97,6.08,1739029.0,10339903.0,1263170115.48,1940494949.1
sh600645,ST望春花,2008-06-05,5.97,6.04,5.9,5.91,5.97,1179091.0,7010897.0,1250474938.44,1920992487.3
sh600645,ST望春花,2008-06-06,5.88,5.99,5.88,5.91,5.91,600953.0,3558122.0,1250474938.44,1920992487.3
sh600645,ST望春花,2008-06-10,5.85,5.85,5.61,5.61,5.91,751300.0,4224686.0,1186999053.24,1823480178.3
sh600645,ST望春花,2008-06-11,5.33,5.48,5.33,5.33,5.61,4089312.0,21815073.0,1127754893.72,1732468689.9
sh600645,ST望春花,2008-06-12,5.3,5.44,5.23,5.33,5.33,1486780.0,7891706.0,1127754893.72,1732468689.9
sh600645,ST望春花,2008-06-13,5.38,5.6,5.27,5.6,5.33,2996610.0,16245577.0,1184883190.4,1820229768.0
sh600645,ST望春花,2008-06-16,5.88,5.88,5.65,5.88,5.6,7015252.0,41140118.0,1244127349.92,1911241256.4
sh600645,ST望春花,2008-06-17,6.16,6.16,5.7,5.91,5.88,4504288.0,26622914.0,1250474938.44,1920992487.3
sh600645,ST望春花,2008-06-18,5.8,6.12,5.8,6.06,5.91,3663745.0,21897817.0,1282212881.04,1969748641.8
sh600645,ST望春花,2008-06-19,6.03,6.06,5.84,5.9,6.06,4191355.0,25048117.0,1248359075.6,1917742077.0
sh600645,ST望春花,2008-06-20,5.88,5.99,5.61,5.61,5.9,5992095.0,33761111.0,1186999053.24,1823480178.3
sh600645,ST望春花,2008-06-23,5.61,5.89,5.33,5.65,5.61,2350777.0,12758063.0,1195462504.6,1836481819.5
sh600645,ST望春花,2008-06-24,5.48,5.83,5.42,5.68,5.65,900115.0,5066569.0,1201810093.12,1846233050.4
sh600645,ST望春花,2008-06-25,5.72,5.89,5.61,5.79,5.68,1987843.0,11526202.0,1225084584.36,1881987563.7
sh600645,ST望春花,2008-06-26,5.8,5.92,5.68,5.86,5.79,1053898.0,6118735.0,1239895624.24,1904740435.8
sh600645,ST望春花,2008-06-27,5.76,5.8,5.57,5.57,5.86,1462280.0,8211136.0,1178535601.88,1810478537.1
sh600645,ST望春花,2008-07-01,5.51,5.65,5.35,5.55,5.57,1059479.0,5813346.0,1174303876.2,1803977716.5
sh600645,ST望春花,2008-07-02,5.59,5.7,5.44,5.47,5.55,488856.0,2710940.0,1157376973.48,1777974434.1
sh600645,ST望春花,2008-07-03,5.4,5.64,5.37,5.59,5.47,971082.0,5400449.0,1182767327.56,1816979357.7
sh600645,ST望春花,2008-07-04,5.62,5.63,5.37,5.39,5.59,864992.0,4711544.0,1140450070.76,1751971151.7
sh600645,ST望春花,2008-07-07,5.38,5.66,5.35,5.6,5.39,2123224.0,11891336.0,1184883190.4,1820229768.0
sh600645,ST望春花,2008-07-08,5.58,5.73,5.53,5.7,5.6,1454433.0,8210796.0,1206041818.8,1852733871.0
sh600645,ST望春花,2008-07-09,5.69,5.85,5.69,5.77,5.7,1982720.0,11385457.0,1220852858.68,1875486743.1
sh600645,ST望春花,2008-07-10,5.7,5.87,5.7,5.76,5.77,2537537.0,14711779.0,1218736995.84,1872236332.8
sh600645,ST望春花,2008-07-11,5.74,5.78,5.56,5.61,5.76,1304441.0,7352722.0,1186999053.24,1823480178.3
sh600645,ST望春花,2008-07-14,5.6,5.67,5.52,5.65,5.61,650126.0,3646153.0,1195462504.6,1836481819.5
sh600645,ST望春花,2008-07-15,5.65,5.75,5.39,5.47,5.65,935164.0,5172199.0,1157376973.48,1777974434.1
sh600645,ST望春花,2008-07-16,5.4,5.48,5.2,5.21,5.47,1467425.0,7703856.0,1102364539.64,1693463766.3
sh600645,ST望春花,2008-07-17,5.21,5.34,4.95,5.09,5.21,2285494.0,11721894.0,1076974185.56,1654458842.7
sh600645,ST望春花,2008-07-18,5.16,5.34,5.06,5.34,5.09,2225529.0,11570594.0,1129870756.56,1735719100.2
sh600645,ST望春花,2008-07-21,5.39,5.6,5.28,5.54,5.34,2454334.0,13468593.0,1172188013.36,1800727306.2
sh600645,ST望春花,2008-07-22,5.54,5.61,5.42,5.56,5.54,646857.0,3582683.0,1176419739.04,1807228126.8
sh600645,ST望春花,2008-07-23,5.52,5.82,5.48,5.67,5.56,2255260.0,12723394.0,1199694230.28,1842982640.1
sh600645,ST望春花,2008-07-24,5.78,5.78,5.58,5.64,5.67,1416610.0,8039752.0,1193346641.76,1833231409.2
sh600645,ST望春花,2008-07-25,5.65,5.75,5.55,5.64,5.64,1158003.0,6537892.0,1193346641.76,1833231409.2
sh600645,ST望春花,2008-07-28,5.67,5.74,5.62,5.65,5.64,1218101.0,6914326.0,1195462504.6,1836481819.5
sh600645,ST望春花,2008-07-29,5.65,5.65,5.43,5.5,5.65,1832187.0,10171084.0,1163724562.0,1787725665.0
sh600645,ST望春花,2008-07-30,5.59,5.68,5.26,5.42,5.5,2078857.0,11197936.0,1146797659.28,1761722382.6
sh600645,ST望春花,2008-07-31,5.43,5.43,5.26,5.3,5.42,876857.0,4656316.0,1121407305.2,1722717459.0
sh600645,ST望春花,2008-08-04,5.27,5.41,5.11,5.22,5.3,907080.0,4774165.0,1104480402.48,1696714176.6
sh600645,ST望春花,2008-08-05,5.2,5.25,5.11,5.11,5.22,873537.0,4517552.0,1081205911.24,1660959663.3
sh600645,ST望春花,2008-08-06,5.23,5.24,5.06,5.22,5.11,1043420.0,5413192.0,1104480402.48,1696714176.6
sh600645,ST望春花,2008-08-07,5.2,5.25,5.15,5.22,5.22,642487.0,3335531.0,1104480402.48,1696714176.6
sh600645,ST望春花,2008-08-08,5.22,5.28,5.06,5.07,5.22,1827237.0,9418508.0,1072742459.88,1647958022.1
sh600645,ST望春花,2008-08-11,5.17,5.18,4.83,4.99,5.07,2053043.0,10122906.0,1055815557.16,1621954739.7
sh600645,ST望春花,2008-08-12,4.86,4.98,4.74,4.78,4.99,2042188.0,9737556.0,1011382437.52,1553696123.4
sh600645,ST望春花,2008-08-13,4.77,4.77,4.54,4.58,4.78,2226223.0,10195054.0,969065180.72,1488687917.4
sh600645,ST望春花,2008-08-14,4.52,4.81,4.49,4.81,4.58,1269907.0,6030950.0,1017730026.04,1563447354.3
sh600645,ST望春花,2008-08-15,4.81,5.01,4.73,4.84,4.81,1413263.0,6904780.0,1024077614.56,1573198585.2
sh600645,ST望春花,2008-08-18,4.87,5.08,4.74,4.88,4.84,1969403.0,9660044.0,1032541065.92,1586200226.4
sh600645,ST望春花,2008-08-19,4.88,5.0,4.76,4.88,4.88,1055210.0,5206711.0,1032541065.92,1586200226.4
sh600645,ST望春花,2008-08-20,4.79,5.1,4.75,5.1,4.88,2311975.0,11611715.0,1079090048.4,1657709253.0
sh600645,ST望春花,2008-08-21,4.99,5.33,4.93,5.07,5.1,1793538.0,9192384.0,1072742459.88,1647958022.1
sh600645,ST望春花,2008-08-22,4.99,5.09,4.82,4.85,5.07,866420.0,4240670.0,1026193477.4,1576448995.5
sh600645,ST望春花,2008-08-25,4.81,4.9,4.8,4.84,4.85,318498.0,1539667.0,1024077614.56,1573198585.2
sh600645,ST望春花,2008-08-26,4.74,4.8,4.6,4.61,4.84,856264.0,3966247.0,975412769.24,1498439148.3
sh600645,ST望春花,2008-08-27,4.5,4.61,4.39,4.5,4.61,470900.0,2124409.0,952138278.0,1462684635.0
sh600645,ST望春花,2008-08-28,4.5,4.54,4.33,4.39,4.5,640842.0,2826537.0,928863786.76,1426930121.7
sh600645,ST望春花,2008-08-29,4.35,4.52,4.35,4.51,4.39,759749.0,3375798.0,954254140.84,1465935045.3
sh600645,ST望春花,2008-09-01,4.42,4.53,4.28,4.29,4.51,859228.0,3714294.0,907705158.36,1394426018.7
sh600645,ST望春花,2008-09-02,4.17,4.29,4.08,4.19,4.29,982785.0,4087591.0,886546529.96,1361921915.7
sh600645,ST望春花,2008-09-03,4.21,4.35,4.08,4.15,4.19,1809162.0,7519872.0,878083078.6,1348920274.5
sh600645,ST望春花,2008-09-04,4.16,4.28,4.15,4.24,4.15,1856221.0,7827209.0,897125844.16,1378173967.2
sh600645,ST望春花,2008-09-05,4.18,4.18,4.03,4.06,4.24,1603500.0,6552978.0,859040313.04,1319666581.8
sh600645,ST望春花,2008-09-08,4.08,4.08,3.86,3.86,4.06,3595078.0,13943050.0,816723056.24,1254658375.8
sh600645,ST望春花,2008-09-09,3.67,4.05,3.67,3.97,3.86,1576698.0,6266176.0,839997547.48,1290412889.1
sh600645,ST望春花,2008-09-10,3.96,4.17,3.83,3.99,3.97,2379431.0,9721548.0,844229273.16,1296913709.7
sh600645,ST望春花,2008-09-11,3.98,4.19,3.98,4.19,3.99,5144601.0,21477327.0,886546529.96,1361921915.7
sh600645,ST望春花,2008-09-16,4.16,4.37,4.0,4.14,4.19,2567213.0,10834248.0,875967215.76,1345669864.2
sh600645,ST望春花,2008-09-17,4.06,4.2,3.93,3.97,4.14,1110572.0,4526490.0,839997547.48,1290412889.1
sh600645,ST望春花,2008-09-18,3.91,3.94,3.77,3.77,3.97,2353890.0,8891871.0,797680290.68,1225404683.1
sh600645,ST望春花,2008-09-19,3.96,3.96,3.88,3.96,3.77,1385342.0,5478188.0,837881684.64,1287162478.8
sh600645,ST望春花,2008-09-22,4.16,4.16,4.02,4.16,3.96,4054658.0,16785312.0,880198941.44,1352170684.8
sh600645,ST望春花,2008-09-23,4.05,4.16,4.02,4.05,4.16,1243005.0,5072726.0,856924450.2,1316416171.5
sh600645,ST望春花,2008-09-24,4.05,4.25,4.02,4.25,4.05,3256198.0,13740793.0,899241707.0,1381424377.5
sh600645,ST望春花,2008-09-25,4.26,4.39,4.26,4.37,4.25,2603890.0,11284611.0,924632061.08,1420429301.1
sh600645,ST望春花,2008-09-26,4.35,4.49,4.25,4.47,4.37,3197999.0,13812580.0,945790689.48,1452933404.1
sh600645,ST望春花,2008-10-06,4.38,4.56,4.25,4.32,4.47,2300238.0,10136132.0,914052746.88,1404177249.6
sh600645,ST望春花,2008-10-07,4.27,4.39,4.18,4.29,4.32,1135714.0,4830648.0,907705158.36,1394426018.7
sh600645,ST望春花,2008-10-08,4.2,4.3,4.11,4.16,4.29,631534.0,2641874.0,880198941.44,1352170684.8
sh600645,ST望春花,2008-10-09,4.18,4.24,4.13,4.16,4.16,629298.0,2630401.0,880198941.44,1352170684.8
sh600645,ST望春花,2008-10-10,4.1,4.17,3.95,4.0,4.16,2001052.0,8005955.0,846345136.0,1300164120.0
sh600645,ST望春花,2008-10-13,4.1,4.17,3.9,4.12,4.0,1031685.0,4160772.0,871735490.08,1339169043.6
sh600645,ST望春花,2008-10-14,4.32,4.33,4.1,4.1,4.12,1213598.0,5102205.0,867503764.4,1332668223.0
sh600645,ST望春花,2008-10-15,4.1,4.14,3.99,4.06,4.1,819800.0,3308013.0,859040313.04,1319666581.8
sh600645,ST望春花,2008-10-16,3.96,4.22,3.87,4.03,4.06,1427870.0,5824667.0,852692724.52,1309915350.9
sh600645,ST望春花,2008-10-17,4.1,4.1,3.92,4.02,4.03,1012350.0,4075327.0,850576861.68,1306664940.6
sh600645,ST望春花,2008-10-20,3.91,4.13,3.91,4.1,4.02,864568.0,3512356.0,867503764.4,1332668223.0
sh600645,ST望春花,2008-10-21,4.1,4.18,4.04,4.08,4.1,767435.0,3169643.0,863272038.72,1326167402.4
sh600645,ST望春花,2008-10-22,4.02,4.1,3.93,4.03,4.08,655168.0,2638824.0,852692724.52,1309915350.9
sh600645,ST望春花,2008-10-23,3.9,3.99,3.85,3.99,4.03,494300.0,1934911.0,844229273.16,1296913709.7
sh600645,ST望春花,2008-10-24,3.99,4.1,3.92,3.99,3.99,415520.0,1664246.0,844229273.16,1296913709.7
sh600645,ST望春花,2008-10-27,3.84,3.95,3.79,3.79,3.99,733100.0,2812029.0,801912016.36,1231905503.7
sh600645,ST望春花,2008-10-28,3.7,3.79,3.6,3.7,3.79,1144661.0,4168584.0,782869250.8,1202651811.0
sh600645,ST望春花,2008-10-29,3.72,3.78,3.52,3.52,3.7,1298793.0,4667904.0,744783719.68,1144144425.6
sh600645,ST望春花,2008-10-30,3.6,3.67,3.46,3.54,3.52,906329.0,3200213.0,749015445.36,1150645246.2
sh600645,ST望春花,2008-10-31,3.54,3.56,3.44,3.45,3.54,452817.0,1582838.0,729972679.8,1121391553.5
sh600645,ST望春花,2008-11-03,3.37,3.46,3.33,3.43,3.45,753099.0,2565368.0,725740954.12,1114890732.9
sh600645,ST望春花,2008-11-04,3.45,3.51,3.31,3.37,3.43,472997.0,1594289.0,713045777.08,1095388271.1
sh600645,ST望春花,2008-11-05,3.35,3.48,3.35,3.4,3.37,648001.0,2214131.0,719393365.6,1105139502.0
sh600645,ST望春花,2008-11-06,3.35,3.38,3.3,3.36,3.4,258898.0,866006.0,710929914.24,1092137860.8
sh600645,ST望春花,2008-11-07,3.35,3.48,3.34,3.44,3.36,516398.0,1767272.0,727856816.96,1118141143.2
sh600645,ST望春花,2008-11-10,3.44,3.61,3.41,3.61,3.44,1114070.0,3983852.0,763826485.24,1173398118.3
sh600645,ST望春花,2008-11-11,3.61,3.67,3.53,3.6,3.61,872400.0,3123987.0,761710622.4,1170147708.0
sh600645,ST望春花,2008-11-12,3.6,3.71,3.55,3.68,3.6,755458.0,2748661.0,778637525.12,1196150990.4
sh600645,ST望春花,2008-11-13,3.62,3.86,3.6,3.86,3.68,1518119.0,5777136.0,816723056.24,1254658375.8
sh600645,ST望春花,2008-11-17,4.05,4.05,4.02,4.05,3.86,1865127.0,7551987.0,856924450.2,1316416171.5
sh600645,ST望春花,2008-11-18,4.23,4.25,3.85,3.96,4.05,6340398.0,26336467.0,837881684.64,1287162478.8
sh600645,ST望春花,2008-11-19,3.9,4.1,3.78,4.09,3.96,3818873.0,14951499.0,865387901.56,1329417812.7
sh600645,ST望春花,2008-11-20,3.97,4.16,3.89,4.07,4.09,3202915.0,12788621.0,861156175.88,1322916992.1
sh600645,ST望春花,2008-11-21,3.97,4.09,3.87,4.0,4.07,2326169.0,9240202.0,846345136.0,1300164120.0
sh600645,ST望春花,2008-11-24,4.0,4.08,3.82,3.87,4.0,1852000.0,7368692.0,818838919.08,1257908786.1
sh600645,ST望春花,2008-11-25,3.95,3.98,3.8,3.86,3.87,681127.0,2635799.0,816723056.24,1254658375.8
sh600645,ST望春花,2008-11-26,3.85,4.0,3.81,3.88,3.86,578278.0,2258558.0,820954781.92,1261159196.4
sh600645,ST望春花,2008-11-27,4.06,4.07,3.89,3.89,3.88,1173242.0,4658495.0,823070644.76,1264409606.7
sh600645,ST望春花,2008-11-28,3.9,3.95,3.8,3.94,3.89,449184.0,1749907.0,833649958.96,1280661658.2
sh600645,ST望春花,2008-12-01,3.94,4.01,3.89,4.0,3.94,2050358.0,8101510.0,846345136.0,1300164120.0
sh600645,ST望春花,2008-12-02,3.95,4.03,3.89,4.0,4.0,1668949.0,6612146.0,846345136.0,1300164120.0
sh600645,ST望春花,2008-12-03,4.04,4.1,3.98,4.08,4.0,2396987.0,9719428.0,863272038.72,1326167402.4
sh600645,ST望春花,2008-12-04,4.09,4.23,4.05,4.09,4.08,3009071.0,12405323.0,865387901.56,1329417812.7
sh600645,ST望春花,2008-12-05,4.05,4.15,4.02,4.11,4.09,1755529.0,7158305.0,869619627.24,1335918633.3
sh600645,ST望春花,2008-12-08,4.15,4.32,4.11,4.27,4.11,2999337.0,12788799.0,903473432.68,1387925198.1
sh600645,ST望春花,2008-12-09,4.28,4.36,4.2,4.21,4.27,3017838.0,12827893.0,890778255.64,1368422736.3
sh600645,ST望春花,2008-12-10,4.18,4.37,4.16,4.33,4.21,3451291.0,14821380.0,916168609.72,1407427659.9
sh600645,ST望春花,2008-12-11,4.3,4.55,4.3,4.55,4.33,7840458.0,35345425.0,962717592.2,1478936686.5
sh600645,ST望春花,2008-12-12,4.45,4.53,4.32,4.32,4.55,3051500.0,13286967.0,914052746.88,1404177249.6
sh600645,ST望春花,2008-12-15,4.36,4.39,4.1,4.23,4.32,2768976.0,11631987.0,895009981.32,1374923556.9
sh600645,ST望春花,2008-12-16,4.17,4.34,4.1,4.31,4.23,1701260.0,7174987.0,911936884.04,1400926839.3
sh600645,ST望春花,2008-12-17,4.3,4.39,4.27,4.28,4.31,1358940.0,5869055.0,905589295.52,1391175608.4
sh600645,ST望春花,2008-12-18,4.3,4.33,4.09,4.26,4.28,2102323.0,8868521.0,901357569.84,1384674787.8
sh600645,ST望春花,2008-12-19,4.25,4.33,4.2,4.29,4.26,1904269.0,8141903.0,907705158.36,1394426018.7
sh600645,ST望春花,2008-12-22,4.26,4.31,4.14,4.18,4.29,1899171.0,7985812.0,884430667.12,1358671505.4
sh600645,ST望春花,2008-12-23,4.19,4.33,4.0,4.17,4.18,2650803.0,11024317.0,882314804.28,1355421095.1
sh600645,ST望春花,2008-12-24,4.05,4.14,3.96,3.98,4.17,2190542.0,8831879.0,842113410.32,1293663299.4
sh600645,ST望春花,2008-12-25,3.98,4.05,3.92,3.97,3.98,709300.0,2818072.0,839997547.48,1290412889.1
sh600645,ST望春花,2008-12-26,3.94,4.0,3.84,3.98,3.97,2469885.0,9668026.0,842113410.32,1293663299.4
sh600645,ST望春花,2008-12-29,3.96,4.03,3.9,4.01,3.98,1337625.0,5311146.0,848460998.84,1303414530.3
sh600645,ST望春花,2008-12-30,4.02,4.07,3.97,3.97,4.01,1090400.0,4369218.0,839997547.48,1290412889.1
sh600645,ST望春花,2008-12-31,3.97,4.0,3.88,3.9,3.97,870140.0,3435087.0,825186507.6,1267660017.0
sh600645,ST望春花,2009-01-05,3.96,4.1,3.94,4.1,3.9,2991268.0,12125906.0,867503764.4,1332668223.0
sh600645,ST望春花,2009-01-06,4.08,4.28,4.06,4.22,4.1,2055506.0,8536084.0,892894118.48,1371673146.6
sh600645,ST望春花,2009-01-07,4.24,4.43,4.17,4.36,4.22,5748747.0,25005780.0,922516198.24,1417178890.8
sh600645,ST望春花,2009-01-08,4.28,4.57,4.21,4.32,4.36,3366323.0,14850338.0,914052746.88,1404177249.6
sh600645,ST望春花,2009-01-09,4.3,4.49,4.26,4.46,4.32,1545480.0,6833064.0,943674826.64,1449682993.8
sh600645,ST望春花,2009-01-12,4.46,4.68,4.41,4.6,4.46,5507823.0,25584519.0,973296906.4,1495188738.0
sh600645,ST望春花,2009-01-13,4.59,4.6,4.37,4.37,4.6,3751830.0,16633564.0,924632061.08,1420429301.1
sh600645,ST望春花,2009-01-14,4.33,4.52,4.29,4.5,4.37,2114971.0,9395271.0,952138278.0,1462684635.0
sh600645,ST望春花,2009-01-15,4.53,4.57,4.36,4.43,4.5,3148367.0,14051109.0,937327238.12,1439931762.9
sh600645,ST望春花,2009-01-16,4.43,4.65,4.38,4.62,4.43,4335117.0,19703171.0,977528632.08,1501689558.6
sh600645,ST望春花,2009-01-19,4.74,4.85,4.65,4.79,4.62,7393804.0,35335228.0,1013498300.36,1556946533.7
sh600645,ST望春花,2009-01-20,4.84,4.97,4.78,4.89,4.79,4666349.0,22670724.0,1034656928.76,1589450636.7
sh600645,ST望春花,2009-01-21,4.81,5.11,4.79,5.01,4.89,6724928.0,33439603.0,1060047282.84,1628455560.3
sh600645,ST望春花,2009-01-22,5.07,5.26,4.99,5.23,5.01,7596556.0,39142279.0,1106596265.32,1699964586.9
sh600645,ST望春花,2009-01-23,5.2,5.37,5.03,5.04,5.23,8325209.0,43154605.0,1066394871.36,1638206791.2
sh600645,ST望春花,2009-02-02,5.15,5.29,5.06,5.29,5.04,6984810.0,36265610.0,1207324591.19,1719467048.7
sh600645,ST望春花,2009-02-03,5.38,5.55,5.34,5.55,5.29,7570119.0,41761473.0,1266663796.05,1803977716.5
sh600645,ST望春花,2009-02-04,5.6,5.78,5.45,5.68,5.55,7678450.0,42887257.0,1296333398.48,1846233050.4
sh600645,ST望春花,2009-02-05,5.67,5.81,5.52,5.59,5.68,6455279.0,36310146.0,1275792904.49,1816979357.7
sh600645,ST望春花,2009-02-06,5.61,5.8,5.53,5.78,5.59,6024251.0,34225181.0,1319156169.58,1878737153.4
sh600645,ST望春花,2009-02-09,5.87,5.95,5.61,5.88,5.78,7259161.0,41795336.0,1341978940.68,1911241256.4
sh600645,ST望春花,2009-02-10,5.81,5.98,5.74,5.82,5.88,6325535.0,36683768.0,1328285278.02,1891738794.6
sh600645,ST望春花,2009-02-11,5.75,5.98,5.64,5.98,5.82,9555832.0,55522168.0,1364801711.78,1943745359.4
sh600645,ST望春花,2009-02-12,6.28,6.28,6.21,6.27,5.98,22350197.0,140342543.0,1430987747.97,2038007258.1
sh600645,ST望春花,2009-02-13,6.3,6.58,6.23,6.58,6.27,12955925.0,83790385.0,1501738338.38,2138769977.4
sh600645,ST协和,2009-02-16,6.58,6.91,6.51,6.88,6.58,15045534.0,101637764.0,1570206651.68,2236282286.4
sh600645,ST协和,2009-02-17,6.61,6.75,6.54,6.54,6.88,12444098.0,82108782.0,1492609229.94,2125768336.2
sh600645,ST协和,2009-02-18,6.21,6.28,6.21,6.21,6.54,5916397.0,36769459.0,1417294085.31,2018504796.3
sh600645,ST协和,2009-02-19,5.95,6.13,5.9,5.99,6.21,13700095.0,81401481.0,1367083988.89,1946995769.7
sh600645,ST协和,2009-02-20,6.04,6.27,5.73,6.19,5.99,8203194.0,50135172.0,1412729531.09,2012003975.7
sh600645,ST协和,2009-02-23,6.15,6.31,6.0,6.21,6.19,8657249.0,53411539.0,1417294085.31,2018504796.3
sh600645,ST协和,2009-02-24,6.14,6.18,5.9,5.9,6.21,9893497.0,59299412.0,1346543494.9,1917742077.0
sh600645,ST协和,2009-02-25,5.88,5.95,5.61,5.74,5.9,8829378.0,50304347.0,1310027061.14,1865735512.2
sh600645,ST协和,2009-02-26,5.75,5.95,5.45,5.54,5.74,8390552.0,47729667.0,1264381518.94,1800727306.2
sh600645,ST协和,2009-02-27,5.45,5.58,5.26,5.39,5.54,6487794.0,35061085.0,1230147362.29,1751971151.7
sh600645,ST协和,2009-03-02,5.31,5.58,5.31,5.49,5.39,4793979.0,26212181.0,1252970133.39,1784475254.7
sh600645,ST协和,2009-03-03,5.37,5.54,5.23,5.41,5.49,6646800.0,35789810.0,1234711916.51,1758471972.3
sh600645,ST协和,2009-03-04,5.38,5.68,5.38,5.68,5.41,8612894.0,48204588.0,1296333398.48,1846233050.4
sh600645,ST协和,2009-03-05,5.73,5.85,5.57,5.7,5.68,7729771.0,43926240.0,1300897952.7,1852733871.0
sh600645,ST协和,2009-03-06,5.6,5.99,5.52,5.82,5.7,11552159.0,67590920.0,1328285278.02,1891738794.6
sh600645,ST协和,2009-03-09,5.75,6.1,5.72,6.09,5.82,15648181.0,93156862.0,1389906759.99,1979499872.7
sh600645,ST协和,2009-03-10,6.18,6.39,6.06,6.39,6.09,16843315.0,106584689.0,1458375073.29,2077012181.7
sh600645,ST协和,2009-03-11,6.71,6.71,6.71,6.71,6.39,1481271.0,9939328.0,1531407940.81,2181025311.3
sh600645,ST协和,2009-03-12,7.05,7.05,6.61,6.79,6.71,48009940.0,334994941.0,1549666157.69,2207028593.7
sh600645,ST协和,2009-03-13,7.13,7.13,6.68,6.88,6.79,38368188.0,268219359.0,1570206651.68,2236282286.4
sh600645,ST协和,2009-03-16,6.7,7.22,6.54,7.22,6.88,35271287.0,244640800.0,1647804073.42,2346796236.6
sh600645,ST协和,2009-03-17,7.58,7.58,6.94,7.12,7.22,30357052.0,216627693.0,1624981302.32,2314292133.6
sh600645,ST协和,2009-03-18,7.01,7.2,6.9,6.95,7.12,20447321.0,143650039.0,1586182591.45,2259035158.5
sh600645,ST中源,2009-03-19,6.97,7.3,6.97,7.09,6.95,20394267.0,146391193.0,1618134470.99,2304540902.7
sh600645,ST中源,2009-03-20,7.17,7.39,6.95,7.17,7.09,20910755.0,149359611.0,1636392687.87,2330544185.1
sh600645,ST中源,2009-03-23,7.26,7.53,7.14,7.53,7.17,22370690.0,165163010.0,1718554663.83,2447558955.9
sh600645,ST中源,2009-03-24,7.72,7.91,7.61,7.91,7.53,8628381.0,67958480.0,1805281194.01,2571074547.3
sh600645,ST中源,2009-03-25,8.31,8.31,8.18,8.28,7.91,8152500.0,67693912.0,1889725447.08,2691339728.4
sh600645,ST中源,2009-03-26,8.69,8.69,8.38,8.69,8.28,5708988.0,49533111.0,1983298808.59,2824606550.7
sh600645,ST中源,2009-03-27,9.12,9.12,8.7,9.12,8.69,20667375.0,186048635.0,2081436724.32,2964374193.6
sh600645,ST中源,2009-03-30,9.07,9.49,8.66,8.66,9.12,30406045.0,270730032.0,1976451977.26,2814855319.8
sh600645,ST中源,2009-03-31,8.23,8.52,8.23,8.28,8.66,18205813.0,150816406.0,1889725447.08,2691339728.4
sh600645,ST中源,2009-04-01,8.35,8.69,8.35,8.69,8.28,5148149.0,44394267.0,1983298808.59,2824606550.7
sh600645,ST中源,2009-04-02,9.08,9.12,8.71,8.88,8.69,22574596.0,203235774.0,2026662073.68,2886364346.4
sh600645,ST中源,2009-04-03,8.78,9.05,8.44,8.5,8.88,18313091.0,157349809.0,1939935543.5,2762848755.0
sh600645,ST中源,2009-04-07,8.47,8.68,8.11,8.68,8.5,11841048.0,100084544.0,1981016531.48,2821356140.4
sh600645,ST中源,2009-04-08,8.62,9.09,8.4,8.72,8.68,14171660.0,124835134.0,1990145639.92,2834357781.6
sh600645,ST中源,2009-04-09,8.6,9.0,8.55,8.88,8.72,9203359.0,80980282.0,2026662073.68,2886364346.4
sh600645,ST中源,2009-04-10,8.91,9.32,8.75,9.19,8.88,16150670.0,145616217.0,2097412664.09,2987127065.7
sh600645,ST中源,2009-04-13,9.15,9.28,8.91,8.95,9.19,11695126.0,106268040.0,2042638013.45,2909117218.5
sh600645,ST中源,2009-04-14,8.86,8.99,8.61,8.92,8.95,12460560.0,109767592.0,2035791182.12,2899365987.6
sh600645,ST中源,2009-04-15,8.85,8.93,8.53,8.7,8.92,10364003.0,90194526.0,1985581085.7,2827856961.0
sh600645,ST中源,2009-04-16,8.66,8.92,8.48,8.64,8.7,10475991.0,90829155.0,1971887423.04,2808354499.2
sh600645,ST中源,2009-04-17,8.67,8.67,8.21,8.22,8.64,11891150.0,99296628.0,1876031784.42,2671837266.6
sh600645,ST中源,2009-04-20,8.15,8.5,8.1,8.47,8.22,7898567.0,66036336.0,1933088712.17,2753097524.1
sh600645,ST中源,2009-04-21,8.35,8.65,8.26,8.55,8.47,9179219.0,77770731.0,1951346929.05,2779100806.5
sh600645,ST中源,2009-04-22,8.52,8.96,8.2,8.29,8.55,13320097.0,115316721.0,1892007724.19,2694590138.7
sh600645,ST中源,2009-04-23,8.15,8.33,7.88,7.9,8.29,13550585.0,108108743.0,1802998916.9,2567824137.0
sh600645,ST中源,2009-04-24,8.0,8.07,7.61,7.68,7.9,7842591.0,61552488.0,1752788820.48,2496315110.4
sh600645,ST中源,2009-04-27,7.9,7.98,7.55,7.66,7.68,6507521.0,50386081.0,1748224266.26,2489814289.8
sh600645,ST中源,2009-04-28,7.6,8.04,7.57,8.04,7.66,8608361.0,67880804.0,1834950796.44,2613329881.2
sh600645,ST中源,2009-04-29,7.88,7.89,7.64,7.73,8.04,12828999.0,98852167.0,1764200206.03,2512567161.9
sh600645,ST中源,2009-04-30,7.71,7.9,7.7,7.78,7.73,7687005.0,59921523.0,1775611591.58,2528819213.4
sh600645,ST中源,2009-05-04,7.6,7.94,7.59,7.86,7.78,8234241.0,64305958.0,1793869808.46,2554822495.8
sh600645,ST中源,2009-05-05,7.92,8.15,7.86,7.99,7.86,8623429.0,68901380.0,1823539410.89,2597077829.7
sh600645,ST中源,2009-05-06,8.0,8.05,7.86,8.03,7.99,7808289.0,62081170.0,1832668519.33,2610079470.9
sh600645,ST中源,2009-05-07,8.04,8.1,7.63,7.64,8.03,11297478.0,87764779.0,1743659712.04,2483313469.2
sh600645,ST中源,2009-05-08,7.66,7.76,7.28,7.32,7.64,11801403.0,88049561.0,1670626844.52,2379300339.6
sh600645,ST中源,2009-05-11,7.33,7.4,7.01,7.03,7.32,11114395.0,79563214.0,1604440808.33,2285038440.9
sh600645,ST中源,2009-05-12,7.03,7.29,7.03,7.2,7.03,7163107.0,51491921.0,1643239519.2,2340295416.0
sh600645,ST中源,2009-05-13,7.24,7.45,7.2,7.37,7.2,6734883.0,49387077.0,1682038230.07,2395552391.1
sh600645,ST中源,2009-05-14,7.5,7.59,7.39,7.52,7.37,8579509.0,64194138.0,1716272386.72,2444308545.6
sh600645,ST中源,2009-05-15,7.53,7.9,7.48,7.9,7.52,14344906.0,111930583.0,1802998916.9,2567824137.0
sh600645,ST中源,2009-05-18,7.95,8.24,7.73,7.86,7.9,14586459.0,116441159.0,1793869808.46,2554822495.8
sh600645,ST中源,2009-05-19,7.82,8.09,7.79,7.86,7.86,8043007.0,63612403.0,1793869808.46,2554822495.8
sh600645,ST中源,2009-05-20,7.86,7.86,7.47,7.48,7.86,9469705.0,72288293.0,1707143278.28,2431306904.4
sh600645,ST中源,2009-05-21,7.42,7.52,7.18,7.24,7.48,6796310.0,49677226.0,1652368627.64,2353297057.2
sh600645,ST中源,2009-05-22,7.23,7.41,7.18,7.32,7.24,3661612.0,26650451.0,1670626844.52,2379300339.6
sh600645,ST中源,2009-05-25,7.17,7.18,7.01,7.12,7.32,5244568.0,37156820.0,1624981302.32,2314292133.6
sh600645,ST中源,2009-05-26,7.18,7.39,7.14,7.2,7.12,4975110.0,36173628.0,1643239519.2,2340295416.0
sh600645,ST中源,2009-05-27,7.24,7.38,7.21,7.3,7.2,3566427.0,25982671.0,1666062290.3,2372799519.0
sh600645,ST中源,2009-06-01,7.3,7.39,7.26,7.33,7.3,4339134.0,31787577.0,1672909121.63,2382550749.9
sh600645,ST中源,2009-06-02,7.32,7.38,7.1,7.24,7.33,5080596.0,36731941.0,1652368627.64,2353297057.2
sh600645,ST中源,2009-06-03,7.24,7.55,7.2,7.4,7.24,6865756.0,50881169.0,1688885061.4,2405303622.0
sh600645,ST中源,2009-06-04,7.41,7.58,7.36,7.58,7.4,7580415.0,56867504.0,1729966049.38,2463811007.4
sh600645,ST中源,2009-06-05,7.65,7.69,7.36,7.38,7.58,5791851.0,43237287.0,1684320507.18,2398802801.4
sh600645,ST中源,2009-06-08,7.44,7.47,7.18,7.21,7.38,5604690.0,40777210.0,1645521796.31,2343545826.3
sh600645,ST中源,2009-06-09,7.21,7.37,7.1,7.26,7.21,5285450.0,38285719.0,1656933181.86,2359797877.8
sh600645,ST中源,2009-06-10,7.35,7.35,7.15,7.25,7.26,6469200.0,46701475.0,1654650904.75,2356547467.5
sh600645,ST中源,2009-06-11,7.18,7.61,7.15,7.61,7.25,21437054.0,161376570.0,1736812880.71,2473562238.3
sh600645,ST中源,2009-06-12,7.56,7.73,7.49,7.55,7.61,16058136.0,122415277.0,1723119218.05,2454059776.5
sh600645,ST中源,2009-06-15,7.65,7.78,7.55,7.64,7.55,11693549.0,89590702.0,1743659712.04,2483313469.2
sh600645,ST中源,2009-06-16,7.57,7.77,7.45,7.52,7.64,11495803.0,87463132.0,1716272386.72,2444308545.6
sh600645,ST中源,2009-06-17,7.56,7.74,7.41,7.68,7.52,12434693.0,95190844.0,1752788820.48,2496315110.4
sh600645,ST中源,2009-06-18,7.78,7.85,7.57,7.71,7.68,13605873.0,105103278.0,1759635651.81,2506066341.3
sh600645,ST中源,2009-06-19,7.7,7.88,7.69,7.8,7.71,13359107.0,104144965.0,1780176145.8,2535320034.0
sh600645,ST中源,2009-06-22,7.74,7.75,7.41,7.41,7.8,14217601.0,106552161.0,1691167338.51,2408554032.3
sh600645,ST中源,2009-06-23,7.26,7.36,7.2,7.26,7.41,5561621.0,40435456.0,1656933181.86,2359797877.8
sh600645,ST中源,2009-06-24,7.3,7.4,7.25,7.31,7.26,4359183.0,31855375.0,1668344567.41,2376049929.3
sh600645,ST中源,2009-06-25,7.31,7.31,7.16,7.21,7.31,5961527.0,42999922.0,1645521796.31,2343545826.3
sh600645,ST中源,2009-06-26,7.25,7.27,7.16,7.21,7.21,3302449.0,23792690.0,1645521796.31,2343545826.3
sh600645,ST中源,2009-06-29,7.2,7.33,7.18,7.32,7.21,5219796.0,37784451.0,1670626844.52,2379300339.6
sh600645,ST中源,2009-07-01,7.28,7.38,7.15,7.28,7.32,7191112.0,52234619.0,1661497736.08,2366298698.4
sh600645,ST中源,2009-07-02,7.33,7.64,7.21,7.64,7.28,13852025.0,103931442.0,1743659712.04,2483313469.2
sh600645,ST中源,2009-07-03,7.67,7.67,7.45,7.48,7.64,8296683.0,62535685.0,1707143278.28,2431306904.4
sh600645,ST中源,2009-07-06,7.5,7.63,7.36,7.6,7.48,9889663.0,74402558.0,1734530603.6,2470311828.0
sh600645,ST中源,2009-07-07,7.6,7.69,7.51,7.57,7.6,9018900.0,68625355.0,1727683772.27,2460560597.1
sh600645,ST中源,2009-07-08,7.5,7.62,7.42,7.53,7.57,5076756.0,38201118.0,1718554663.83,2447558955.9
sh600645,ST中源,2009-07-09,7.53,7.91,7.52,7.83,7.53,23533618.0,185604616.0,1787022977.13,2545071264.9
sh600645,ST中源,2009-07-10,7.75,7.94,7.7,7.8,7.83,12328868.0,96508664.0,1780176145.8,2535320034.0
sh600645,ST中源,2009-07-13,7.84,8.11,7.7,7.87,7.8,11929534.0,94854776.0,1796152085.57,2558072906.1
sh600645,ST中源,2009-07-14,7.96,8.05,7.87,7.92,7.87,8130431.0,64654656.0,1807563471.12,2574324957.6
sh600645,ST中源,2009-07-15,7.94,8.07,7.78,7.85,7.92,10831978.0,85546179.0,1791587531.35,2551572085.5
sh600645,ST中源,2009-07-16,7.88,7.88,7.6,7.71,7.85,12567873.0,96812139.0,1759635651.81,2506066341.3
sh600645,ST中源,2009-07-17,7.72,7.79,7.65,7.72,7.71,6387690.0,49337613.0,1761917928.92,2509316751.6
sh600645,ST中源,2009-07-20,7.72,7.86,7.71,7.77,7.72,9235699.0,71849605.0,1773329314.47,2525568803.1
sh600645,ST中源,2009-07-21,7.8,7.88,7.52,7.54,7.77,8395608.0,64302950.0,1720836940.94,2450809366.2
sh600645,ST中源,2009-07-22,7.68,7.92,7.62,7.92,7.54,6605057.0,52004786.0,1807563471.12,2574324957.6
sh600645,ST中源,2009-07-23,8.24,8.24,7.94,8.02,7.92,17422166.0,140256453.0,1830386242.22,2606829060.6
sh600645,ST中源,2009-07-24,8.02,8.05,7.62,7.83,8.02,9763907.0,76396301.0,1787022977.13,2545071264.9
sh600645,ST中源,2009-07-27,7.88,8.22,7.83,8.22,7.83,21481999.0,175486953.0,1876031784.42,2671837266.6
sh600645,ST中源,2009-07-28,8.28,8.63,8.24,8.35,8.22,18410756.0,155629198.0,1905701386.85,2714092600.5
sh600645,ST中源,2009-07-29,8.37,8.67,7.93,8.11,8.35,16835166.0,140004438.0,1850926736.21,2636082753.3
sh600645,ST中源,2009-07-30,8.15,8.3,7.7,7.99,8.11,10465481.0,83184121.0,1823539410.89,2597077829.7
sh600645,ST中源,2009-07-31,7.98,8.17,7.92,8.16,7.99,7632064.0,61514986.0,1862338121.76,2652334804.8
sh600645,ST中源,2009-08-03,8.18,8.23,7.9,8.07,8.16,9426997.0,75546442.0,1841797627.77,2623081112.1
sh600645,ST中源,2009-08-04,8.09,8.14,7.81,7.96,8.07,7485633.0,59530702.0,1816692579.56,2587326598.8
sh600645,ST中源,2009-08-05,7.96,8.08,7.8,8.02,7.96,7473621.0,59474279.0,1830386242.22,2606829060.6
sh600645,ST中源,2009-08-06,7.99,7.99,7.71,7.85,8.02,5995165.0,47102227.0,1791587531.35,2551572085.5
sh600645,ST中源,2009-08-07,7.86,7.95,7.8,7.84,7.85,5319005.0,41853210.0,1789305254.24,2548321675.2
sh600645,ST中源,2009-08-10,7.86,7.92,7.66,7.75,7.84,5512490.0,42794107.0,1768764760.25,2519067982.5
sh600645,ST中源,2009-08-11,7.76,7.91,7.7,7.89,7.75,3882309.0,30318186.0,1800716639.79,2564573726.7
sh600645,ST中源,2009-08-12,7.89,7.9,7.5,7.5,7.89,6797931.0,51612002.0,1711707832.5,2437807725.0
sh600645,ST中源,2009-08-13,7.35,7.49,7.14,7.25,7.5,6133684.0,44432032.0,1654650904.75,2356547467.5
sh600645,ST中源,2009-08-17,6.89,6.96,6.89,6.89,7.25,3231724.0,22278312.0,1572488928.79,2239532696.7
sh600645,ST中源,2009-08-18,6.55,6.7,6.55,6.55,6.89,5412221.0,35522675.0,1494891507.05,2129018746.5
sh600645,ST中源,2009-08-19,6.6,6.86,6.26,6.34,6.55,7641529.0,50222178.0,1446963687.74,2060760130.2
sh600645,ST中源,2009-08-20,6.3,6.5,6.26,6.44,6.34,4199332.0,26844228.0,1469786458.84,2093264233.2
sh600645,ST中源,2009-08-21,6.36,6.5,6.28,6.46,6.44,4382663.0,28100103.0,1474351013.06,2099765053.8
sh600645,ST中源,2009-08-24,6.42,6.65,6.37,6.62,6.46,5129125.0,33615891.0,1669747446.82,2151771618.6
sh600645,ST中源,2009-08-25,6.66,6.66,6.29,6.36,6.62,8916823.0,56619462.0,1604168241.96,2067260950.8
sh600645,ST中源,2009-08-26,6.49,6.61,6.35,6.55,6.36,6480719.0,41917628.0,1652091507.05,2129018746.5
sh600645,ST中源,2009-08-27,6.52,6.88,6.44,6.88,6.55,13185071.0,90012911.0,1735326651.68,2236282286.4
sh600645,ST中源,2009-08-28,6.77,6.88,6.54,6.55,6.88,9058398.0,59820514.0,1652091507.05,2129018746.5
sh600645,ST中源,2009-08-31,6.49,6.49,6.22,6.22,6.55,4229017.0,26411099.0,1568856362.42,2021755206.6
sh600645,ST中源,2009-09-01,6.0,6.05,5.91,5.91,6.22,5923045.0,35198341.0,1490665772.01,1920992487.3
sh600645,ST中源,2009-09-02,5.85,6.11,5.82,5.96,5.91,2449911.0,14582797.0,1503277157.56,1937244538.8
sh600645,ST中源,2009-09-03,5.94,6.23,5.8,6.18,5.96,5028373.0,30541520.0,1558767253.98,2008753565.4
sh600645,ST中源,2009-09-04,6.13,6.26,6.12,6.21,6.18,4869877.0,30122245.0,1566334085.31,2018504796.3
sh600645,ST中源,2009-09-07,6.23,6.51,6.21,6.27,6.21,5834160.0,37167682.0,1581467747.97,2038007258.1
sh600645,ST中源,2009-09-08,6.21,6.37,6.13,6.3,6.27,3710567.0,23300161.0,1589034579.3,2047758489.0
sh600645,ST中源,2009-09-09,6.31,6.35,6.2,6.25,6.3,3814216.0,23844402.0,1576423193.75,2031506437.5
sh600645,ST中源,2009-09-10,6.21,6.3,6.19,6.25,6.25,3495012.0,21821951.0,1576423193.75,2031506437.5
sh600645,ST中源,2009-09-11,6.22,6.33,6.18,6.31,6.25,5200192.0,32535186.0,1591556856.41,2051008899.3
sh600645,ST中源,2009-09-14,6.33,6.46,6.28,6.42,6.31,5064098.0,32432635.0,1619301904.62,2086763412.6
sh600645,ST中源,2009-09-15,6.4,6.58,6.38,6.5,6.42,6461673.0,41989659.0,1639480121.5,2112766695.0
sh600645,ST中源,2009-09-16,6.49,6.51,6.28,6.43,6.5,5615035.0,35842165.0,1621824181.73,2090013822.9
sh600645,ST中源,2009-09-17,6.45,6.63,6.41,6.59,6.43,7001389.0,45798150.0,1662180615.49,2142020387.7
sh600645,ST中源,2009-09-18,6.59,6.78,6.45,6.55,6.59,8778181.0,58212926.0,1652091507.05,2129018746.5
sh600645,ST中源,2009-09-21,6.55,6.73,6.36,6.71,6.55,6534253.0,43110369.0,1692447940.81,2181025311.3
sh600645,ST中源,2009-09-22,6.8,6.87,6.59,6.64,6.71,8402951.0,56645841.0,1674792001.04,2158272439.2
sh600645,ST中源,2009-09-23,6.5,6.62,6.31,6.31,6.64,5896657.0,37815734.0,1591556856.41,2051008899.3
sh600645,ST中源,2009-09-24,6.24,6.35,6.1,6.25,6.31,3657948.0,22704522.0,1576423193.75,2031506437.5
sh600645,ST中源,2009-09-25,6.26,6.4,6.21,6.25,6.25,2392857.0,15071565.0,1576423193.75,2031506437.5
sh600645,ST中源,2009-09-28,6.3,6.3,5.94,5.99,6.25,2790400.0,17073298.0,1510843988.89,1946995769.7
sh600645,ST中源,2009-09-29,5.98,6.05,5.69,5.69,5.99,3942645.0,22725021.0,1435175675.59,1849483460.7
sh600645,ST中源,2009-09-30,5.78,5.82,5.67,5.73,5.69,2822112.0,16152257.0,1445264784.03,1862485101.9
sh600645,ST中源,2009-10-09,5.8,5.99,5.76,5.99,5.73,2656238.0,15699454.0,1510843988.89,1946995769.7
sh600645,ST中源,2009-10-12,5.99,6.04,5.92,5.95,5.99,2066596.0,12382265.0,1500754880.45,1933994128.5
sh600645,ST中源,2009-10-13,5.95,6.03,5.92,6.03,5.95,1854195.0,11084560.0,1520933097.33,1959997410.9
sh600645,ST中源,2009-10-14,6.03,6.15,6.0,6.07,6.03,3501376.0,21304923.0,1531022205.77,1972999052.1
sh600645,ST中源,2009-10-15,6.1,6.17,6.03,6.06,6.07,3016599.0,18345433.0,1528499928.66,1969748641.8
sh600645,ST中源,2009-10-16,6.06,6.11,5.96,6.08,6.06,2737943.0,16479564.0,1533544482.88,1976249462.4
sh600645,ST中源,2009-10-19,6.07,6.23,6.05,6.22,6.08,3547232.0,21860290.0,1568856362.42,2021755206.6
sh600645,ST中源,2009-10-20,6.25,6.31,6.2,6.28,6.22,4003525.0,25029034.0,1583990025.08,2041257668.4
sh600645,ST中源,2009-10-21,6.26,6.36,6.22,6.25,6.28,3497626.0,22045533.0,1576423193.75,2031506437.5
sh600645,ST中源,2009-10-22,6.23,6.25,6.1,6.16,6.25,3753625.0,23145961.0,1553722699.76,2002252744.8
sh600645,ST中源,2009-10-23,6.2,6.32,6.17,6.24,6.16,4442898.0,27783553.0,1573900916.64,2028256027.2
sh600645,ST中源,2009-10-26,6.26,6.4,6.24,6.35,6.24,5349266.0,33871839.0,1601645964.85,2064010540.5
sh600645,ST中源,2009-10-27,6.3,6.3,6.12,6.13,6.35,4046280.0,25055386.0,1546155868.43,1992501513.9
sh600645,ST中源,2009-10-28,6.1,6.15,5.95,6.1,6.13,4105507.0,24768941.0,1538589037.1,1982750283.0
sh600645,ST中源,2009-10-29,6.0,6.15,5.91,6.0,6.1,3305647.0,19949167.0,1513366266.0,1950246180.0
sh600645,ST中源,2009-10-30,6.16,6.3,6.09,6.3,6.0,7940343.0,49739973.0,1589034579.3,2047758489.0
sh600645,ST中源,2009-11-02,6.3,6.62,6.23,6.62,6.3,11110738.0,72516925.0,1669747446.82,2151771618.6
sh600645,ST中源,2009-11-03,6.73,6.8,6.54,6.69,6.62,10479608.0,69603294.0,1687403386.59,2174524490.7
sh600645,ST中源,2009-11-04,6.62,6.8,6.61,6.77,6.69,7279274.0,49038965.0,1707581603.47,2200527773.1
sh600645,ST中源,2009-11-05,6.8,7.11,6.71,6.98,6.77,10511964.0,73180667.0,1760549422.78,2268786389.4
sh600645,ST中源,2009-11-06,6.99,7.03,6.86,6.97,6.98,7710696.0,53628388.0,1758027145.67,2265535979.1
sh600645,ST中源,2009-11-09,6.97,7.04,6.82,6.91,6.97,6501177.0,45043937.0,1742893483.01,2246033517.3
sh600645,ST中源,2009-11-10,7.0,7.26,6.82,7.16,6.91,11802457.0,84285662.0,1805950410.76,2327293774.8
sh600645,ST中源,2009-11-11,7.06,7.52,7.04,7.17,7.16,7484557.0,53984303.0,1808472687.87,2330544185.1
sh600645,ST中源,2009-11-12,7.49,7.49,7.14,7.21,7.17,6781280.0,49531071.0,1818561796.31,2343545826.3
sh600645,ST中源,2009-11-13,7.18,7.39,7.06,7.28,7.21,6123883.0,44150035.0,1836217736.08,2366298698.4
sh600645,ST中源,2009-11-16,7.36,7.36,7.1,7.33,7.28,6073541.0,44359732.0,1848829121.63,2382550749.9
sh600645,ST中源,2009-11-17,7.38,7.44,7.27,7.37,7.33,5155334.0,37783754.0,1858918230.07,2395552391.1
sh600645,ST中源,2009-11-18,7.48,7.68,7.41,7.65,7.37,8396474.0,63538354.0,1929541989.15,2486563879.5
sh600645,ST中源,2009-11-19,7.77,7.77,7.48,7.63,7.65,6711612.0,50962307.0,1924497434.93,2480063058.9
sh600645,ST中源,2009-11-20,7.65,7.69,7.51,7.63,7.63,5584804.0,42581395.0,1924497434.93,2480063058.9
sh600645,ST中源,2009-11-23,7.69,7.76,7.6,7.71,7.63,7150700.0,54851100.0,1944675651.81,2506066341.3
sh600645,ST中源,2009-11-24,7.74,8.09,7.34,7.41,7.71,14868470.0,116298879.0,1869007338.51,2408554032.3
sh600645,ST中源,2009-11-25,7.58,7.65,7.31,7.6,7.41,7420966.0,55663265.0,1916930603.6,2470311828.0
sh600645,ST中源,2009-11-26,7.6,7.64,7.22,7.22,7.6,10520257.0,77378536.0,1821084073.42,2346796236.6
sh600645,ST中源,2009-11-27,7.02,7.08,6.86,6.86,7.22,8940535.0,61938088.0,1730282097.46,2229781465.8
sh600645,ST中源,2009-11-30,6.86,7.06,6.86,7.03,6.86,4947619.0,34511795.0,1773160808.33,2285038440.9
sh600645,ST中源,2009-12-01,7.0,7.2,7.0,7.2,7.03,5446018.0,38721748.0,1816039519.2,2340295416.0
sh600645,ST中源,2009-12-02,7.21,7.33,7.17,7.25,7.2,5789804.0,42024020.0,1828650904.75,2356547467.5
sh600645,ST中源,2009-12-03,7.24,7.52,7.18,7.42,7.25,6866880.0,50510956.0,1871529615.62,2411804442.6
sh600645,ST中源,2009-12-04,7.33,7.71,7.15,7.39,7.42,9501185.0,70660561.0,1863962784.29,2402053211.7
sh600645,ST中源,2009-12-07,7.38,7.76,7.28,7.76,7.39,13932142.0,106618279.0,1957287037.36,2522318392.8
sh600645,ST中源,2009-12-08,7.78,7.87,7.63,7.76,7.76,9498304.0,73555202.0,1957287037.36,2522318392.8
sh600645,ST中源,2009-12-09,7.74,7.75,7.45,7.57,7.76,7147028.0,54557109.0,1909363772.27,2460560597.1
sh600645,ST中源,2009-12-10,7.7,7.7,7.5,7.6,7.57,3711224.0,28170178.0,1916930603.6,2470311828.0
sh600645,ST中源,2009-12-11,7.65,7.84,7.55,7.75,7.6,7522854.0,58022190.0,1954764760.25,2519067982.5
sh600645,ST中源,2009-12-14,7.75,7.75,7.36,7.53,7.75,7887815.0,58874171.0,1899274663.83,2447558955.9
sh600645,ST中源,2009-12-15,7.45,7.6,7.41,7.43,7.53,4282707.0,32040066.0,1874051892.73,2415054852.9
sh600645,ST中源,2009-12-16,7.4,7.57,7.32,7.35,7.43,4324569.0,31928267.0,1853873675.85,2389051570.5
sh600645,ST中源,2009-12-17,7.35,7.4,6.98,6.99,7.35,6066241.0,43048694.0,1763071699.89,2272036799.7
sh600645,ST中源,2009-12-18,6.9,7.02,6.86,6.91,6.99,3404115.0,23607754.0,1742893483.01,2246033517.3
sh600645,ST中源,2009-12-21,6.93,7.1,6.91,7.08,6.91,2698924.0,18884643.0,1785772193.88,2301290492.4
sh600645,ST中源,2009-12-22,7.1,7.1,6.73,6.73,7.08,3841683.0,26298262.0,1697492495.03,2187526131.9
sh600645,ST中源,2009-12-23,6.76,6.82,6.63,6.75,6.73,3011450.0,20264619.0,1702537049.25,2194026952.5
sh600645,ST中源,2009-12-24,6.76,6.94,6.76,6.91,6.75,3040357.0,20912885.0,1742893483.01,2246033517.3
sh600645,ST中源,2009-12-25,6.91,7.05,6.86,7.02,6.91,3003846.0,20906606.0,1770638531.22,2281788030.6
sh600645,ST中源,2009-12-28,7.02,7.12,7.0,7.05,7.02,3264315.0,23038601.0,1778205362.55,2291539261.5
sh600645,ST中源,2009-12-30,7.28,7.4,7.21,7.4,7.05,3193715.0,23480956.0,1866485061.4,2405303622.0
sh600645,ST中源,2009-12-31,7.7,7.77,7.52,7.53,7.4,10877767.0,83078047.0,1899274663.83,2447558955.9
sh600645,ST中源,2010-01-04,7.6,7.6,7.42,7.47,7.53,4379719.0,32827237.0,1884141001.17,2428056494.1
sh600645,ST中源,2010-01-05,7.48,7.84,7.42,7.84,7.47,8768987.0,67890567.0,1977465254.24,2548321675.2
sh600645,ST中源,2010-01-06,7.88,7.89,7.71,7.73,7.84,5812857.0,45182698.0,1949720206.03,2512567161.9
sh600645,ST中源,2010-01-07,7.74,7.83,7.44,7.45,7.73,5750696.0,43914002.0,1879096446.95,2421555673.5
sh600645,ST中源,2010-01-08,7.41,7.57,7.36,7.53,7.45,3944298.0,29568314.0,1899274663.83,2447558955.9
sh600645,ST中源,2010-01-11,7.53,7.85,7.46,7.74,7.53,5534418.0,42483735.0,1952242483.14,2515817572.2
sh600645,ST中源,2010-01-12,7.78,7.78,7.57,7.74,7.74,5005227.0,38455014.0,1952242483.14,2515817572.2
sh600645,ST中源,2010-01-13,7.6,7.65,7.48,7.54,7.74,6055731.0,45836507.0,1901796940.94,2450809366.2
sh600645,ST中源,2010-01-14,7.51,7.78,7.51,7.68,7.54,5681221.0,43646493.0,1937108820.48,2496315110.4
sh600645,ST中源,2010-01-15,7.7,7.95,7.66,7.8,7.68,6429220.0,50211673.0,1967376145.8,2535320034.0
sh600645,ST中源,2010-01-18,7.87,8.08,7.8,8.03,7.8,8185507.0,65343592.0,2025388519.33,2610079470.9
sh600645,ST中源,2010-01-19,8.03,8.43,7.92,8.31,8.03,22184107.0,184495952.0,2096012278.41,2701090959.3
sh600645,ST中源,2010-01-20,8.2,8.27,7.89,7.89,8.31,17311640.0,138982060.0,1990076639.79,2564573726.7
sh600645,ST中源,2010-01-21,7.84,7.91,7.6,7.77,7.89,7883021.0,61315140.0,1959809314.47,2525568803.1
sh600645,ST中源,2010-01-22,7.64,7.75,7.47,7.56,7.77,7043515.0,53537493.0,1906841495.16,2457310186.8
sh600645,ST中源,2010-01-25,7.55,7.75,7.5,7.57,7.56,3592279.0,27477992.0,2437676471.96,2460560597.1
sh600645,ST中源,2010-01-26,7.57,7.68,7.19,7.24,7.57,5690443.0,41744287.0,2331410522.72,2353297057.2
sh600645,ST中源,2010-01-27,7.25,7.34,7.13,7.24,7.24,3774558.0,27376712.0,2331410522.72,2353297057.2
sh600645,ST中源,2010-01-28,7.2,7.36,7.16,7.32,7.24,2497907.0,18205244.0,2357171964.96,2379300339.6
sh600645,ST中源,2010-01-29,7.33,7.62,7.27,7.47,7.32,3998972.0,29869853.0,2405474669.16,2428056494.1
sh600645,ST中源,2010-02-01,7.44,7.5,7.2,7.27,7.47,3694589.0,26938801.0,2341071063.56,2363048288.1
sh600645,ST中源,2010-02-02,7.32,7.41,7.13,7.14,7.27,2740100.0,19903740.0,2299208719.92,2320792954.2
sh600645,ST中源,2010-02-03,7.13,7.21,6.79,7.19,7.14,5051523.0,35410900.0,2315309621.32,2337045005.7
sh600645,ST中源,2010-02-04,7.18,7.29,7.08,7.16,7.19,3837814.0,27560156.0,2305649080.48,2327293774.8
sh600645,ST中源,2010-02-05,7.12,7.25,6.89,7.12,7.16,4153135.0,29528745.0,2292768359.36,2314292133.6
sh600645,ST中源,2010-02-08,7.1,7.26,7.01,7.2,7.12,2768616.0,19841153.0,2318529801.6,2340295416.0
sh600645,ST中源,2010-02-09,7.13,7.26,7.0,7.1,7.2,2451234.0,17529935.0,2286327998.8,2307791313.0
sh600645,ST中源,2010-02-10,7.11,7.21,7.03,7.16,7.1,2181515.0,15566145.0,2305649080.48,2327293774.8
sh600645,ST中源,2010-02-11,7.22,7.29,7.16,7.2,7.16,2177356.0,15729743.0,2318529801.6,2340295416.0
sh600645,ST中源,2010-02-12,7.25,7.45,7.21,7.3,7.2,3366162.0,24660097.0,2350731604.4,2372799519.0
sh600645,ST中源,2010-02-22,7.22,7.43,7.22,7.32,7.3,3704475.0,27186295.0,2357171964.96,2379300339.6
sh600645,ST中源,2010-02-23,7.3,7.58,7.2,7.54,7.32,4912925.0,36321422.0,2428015931.12,2450809366.2
sh600645,ST中源,2010-02-24,7.47,7.58,7.45,7.56,7.54,4001052.0,30143239.0,2434456291.68,2457310186.8
sh600645,ST中源,2010-02-25,7.58,7.67,7.54,7.59,7.56,4133694.0,31438896.0,2444116832.52,2467061417.7
sh600645,ST中源,2010-02-26,7.56,7.77,7.52,7.61,7.59,4670041.0,35756656.0,2450557193.08,2473562238.3
sh600645,ST中源,2010-03-01,7.64,7.79,7.59,7.72,7.61,4527667.0,34917962.0,2485979176.16,2509316751.6
sh600645,ST中源,2010-03-02,7.8,7.82,7.61,7.67,7.72,4632408.0,35552372.0,2469878274.76,2493064700.1
sh600645,ST中源,2010-03-03,7.65,7.76,7.55,7.73,7.67,5080829.0,38938565.0,2489199356.44,2512567161.9
sh600645,ST中源,2010-03-04,7.73,7.77,7.38,7.4,7.73,5574317.0,42227145.0,2382933407.2,2405303622.0
sh600645,ST中源,2010-03-05,7.41,7.52,7.38,7.46,7.4,3330165.0,24784989.0,2402254488.88,2424806083.8
sh600645,ST中源,2010-03-08,7.46,7.65,7.41,7.57,7.46,4014778.0,30351411.0,2437676471.96,2460560597.1
sh600645,ST中源,2010-03-09,7.55,7.66,7.46,7.6,7.57,3761387.0,28411965.0,2447337012.8,2470311828.0
sh600645,ST中源,2010-03-10,7.57,7.66,7.45,7.49,7.6,2747002.0,20700436.0,2411915029.72,2434557314.7
sh600645,ST中源,2010-03-11,7.49,7.57,7.39,7.49,7.49,3514216.0,26269790.0,2411915029.72,2434557314.7
sh600645,ST中源,2010-03-12,7.46,7.75,7.43,7.57,7.49,6995042.0,53185105.0,2437676471.96,2460560597.1
sh600645,ST中源,2010-03-15,7.65,7.95,7.6,7.89,7.57,20289805.0,160142779.0,2540722240.92,2564573726.7
sh600645,ST中源,2010-03-16,7.76,7.95,7.73,7.86,7.89,7167710.0,56099802.0,2531061700.08,2554822495.8
sh600645,ST中源,2010-03-17,7.83,8.24,7.83,8.05,7.86,10747680.0,86676890.0,2592245125.4,2616580291.5
sh600645,ST中源,2010-03-18,8.01,8.08,7.94,8.07,8.05,7349943.0,58756298.0,2598685485.96,2623081112.1
sh600645,ST中源,2010-03-19,7.91,8.04,7.81,7.97,8.07,8654747.0,68545918.0,2566483683.16,2590577009.1
sh600645,ST中源,2010-03-22,7.99,7.99,7.82,7.87,7.97,6450194.0,50807161.0,2534281880.36,2558072906.1
sh600645,ST中源,2010-03-23,7.95,8.26,7.95,8.26,7.87,9982533.0,82334039.0,2659868911.28,2684838907.8
sh600645,ST中源,2010-03-24,8.35,8.57,8.22,8.24,8.26,18018226.0,150486768.0,2653428550.72,2678338087.2
sh600645,ST中源,2010-03-25,8.17,8.65,8.13,8.5,8.24,22997424.0,196828265.0,2737153238.0,2762848755.0
sh600645,ST中源,2010-03-26,8.4,8.93,8.4,8.93,8.5,18868821.0,166352693.0,2875620990.04,2902616397.9
sh600645,ST中源,2010-03-29,9.05,9.38,8.85,8.88,8.93,26417633.0,242188887.0,2859520088.64,2886364346.4
sh600645,ST中源,2010-03-30,9.0,9.32,8.88,9.32,8.88,17959702.0,164717321.0,3001208020.96,3029382399.6
sh600645,ST中源,2010-03-31,9.41,9.65,9.29,9.4,9.32,13629036.0,128669648.0,3026969463.2,3055385682.0
sh600645,ST中源,2010-04-01,9.35,9.45,9.12,9.15,9.4,15972089.0,147185767.0,2946464956.2,2974125424.5
sh600645,ST中源,2010-04-02,9.13,9.35,9.1,9.19,9.15,8516486.0,78655107.0,2959345677.32,2987127065.7
sh600645,ST中源,2010-04-06,9.21,9.65,9.21,9.65,9.19,13145099.0,125699227.0,3107473970.2,3136645939.5
sh600645,ST中源,2010-04-07,9.7,10.13,9.66,10.13,9.65,14624220.0,146654397.0,3262042623.64,3292665633.9
sh600645,ST中源,2010-04-08,10.25,10.5,10.06,10.17,10.13,15892648.0,163099653.0,3274923344.76,3305667275.1
sh600645,ST中源,2010-04-09,10.1,10.68,10.07,10.68,10.17,10069703.0,105340146.0,3439152539.04,3471438200.4
sh600645,ST中源,2010-04-12,11.21,11.21,11.05,11.21,10.68,3995466.0,44752084.0,3609822093.88,3643709946.3
sh600645,ST中源,2010-04-13,11.77,11.77,11.11,11.45,11.21,34554242.0,398497056.0,3687106420.6,3721719793.5
sh600645,ST中源,2010-04-14,11.6,12.02,11.21,12.02,11.45,23242834.0,275027763.0,3870656696.56,3906993180.6
sh600645,ST中源,2010-04-15,12.02,12.62,11.84,11.95,12.02,28047077.0,342256975.0,3848115434.6,3884240308.5
sh600645,ST中源,2010-04-16,11.7,11.85,11.35,11.38,11.95,24019175.0,275088511.0,3664565158.64,3698966921.4
sh600645,ST中源,2010-04-19,11.11,11.85,10.91,11.25,11.38,20830138.0,236739952.0,3622702815.0,3656711587.5
sh600645,ST中源,2010-04-20,11.25,11.54,11.03,11.43,11.25,12348312.0,139881922.0,3680666060.04,3715218972.9
sh600645,ST中源,2010-04-21,11.48,11.69,11.28,11.45,11.43,12761828.0,146412254.0,3687106420.6,3721719793.5
sh600645,ST中源,2010-04-22,11.44,12.02,11.36,12.02,11.45,13836697.0,164255361.0,3870656696.56,3906993180.6
sh600645,ST中源,2010-04-23,12.34,12.62,12.03,12.16,12.02,25729232.0,321616025.0,3915739220.48,3952498924.8
sh600645,ST中源,2010-04-26,12.0,12.77,12.0,12.77,12.16,16816001.0,211967405.0,4112170217.56,4150773953.1
sh600645,ST中源,2010-04-27,12.17,13.18,12.15,13.11,12.77,22117617.0,277780196.0,4221656347.08,4261287903.3
sh600645,ST中源,2010-04-28,12.91,13.39,12.45,12.45,13.11,19588127.0,251079374.0,4009124448.6,4046760823.5
sh600645,ST中源,2010-04-29,11.84,12.3,11.83,11.83,12.45,13299801.0,158526641.0,3809473271.24,3845235384.9
sh600645,ST中源,2010-04-30,11.24,11.24,11.24,11.24,11.83,2447100.0,27505404.0,3619482634.72,3653461177.2
sh600645,ST中源,2010-05-04,11.24,11.7,10.68,10.68,11.24,12965778.0,139923253.0,3439152539.04,3471438200.4
sh600645,ST中源,2010-05-05,10.15,10.64,10.15,10.49,10.68,18400473.0,190395080.0,3377969113.72,3409680404.7
sh600645,ST中源,2010-05-06,10.4,11.01,10.28,10.72,10.49,25720926.0,279886939.0,3452033260.16,3484439841.6
sh600645,ST中源,2010-05-07,10.28,10.74,10.18,10.18,10.72,18396601.0,190753244.0,3278143525.04,3308917685.4
sh600645,ST中源,2010-05-10,9.99,10.15,9.67,9.67,10.18,16134742.0,157067059.0,3113914330.76,3143146760.1
sh600645,ST中源,2010-05-11,9.8,9.89,9.19,9.32,9.67,15980138.0,151104975.0,3001208020.96,3029382399.6
sh600645,ST中源,2010-05-12,9.32,9.41,8.85,8.85,9.32,13589246.0,121601655.0,2849859547.8,2876613115.5
sh600645,ST中源,2010-05-13,8.85,9.29,8.47,9.17,8.85,16023912.0,142712025.0,2952905316.76,2980626245.1
sh600645,ST中源,2010-05-14,8.99,9.57,8.9,9.1,9.17,13560840.0,125098820.0,2930364054.8,2957873373.0
sh600645,ST中源,2010-05-17,8.92,9.34,8.65,8.68,9.1,11540415.0,104071331.0,2795116483.04,2821356140.4
sh600645,ST中源,2010-05-18,8.59,8.88,8.4,8.72,8.68,11416834.0,98969030.0,2807997204.16,2834357781.6
sh600645,ST中源,2010-05-19,8.73,9.15,8.62,8.92,8.72,10220555.0,91005891.0,2872400809.76,2899365987.6
sh600645,ST中源,2010-05-20,8.8,9.08,8.67,8.69,8.92,8232695.0,72853798.0,2798336663.32,2824606550.7
sh600645,ST中源,2010-05-21,8.35,8.79,8.26,8.76,8.69,13527212.0,114415653.0,2820877925.28,2847359422.8
sh600645,ST中源,2010-05-24,8.91,9.2,8.85,9.2,8.76,16064382.0,146613541.0,2962565857.6,2990377476.0
sh600645,ST中源,2010-05-25,9.14,9.5,9.07,9.18,9.2,15091982.0,139494666.0,2956125497.04,2983876655.4
sh600645,ST中源,2010-05-26,9.18,9.29,8.98,9.15,9.18,7702441.0,70247180.0,2946464956.2,2974125424.5
sh600645,ST中源,2010-05-27,9.1,9.39,9.0,9.32,9.15,9502206.0,87740983.0,3001208020.96,3029382399.6
sh600645,ST中源,2010-05-28,9.4,9.66,9.3,9.44,9.32,11614991.0,109873623.0,3039850184.32,3068387323.2
sh600645,ST中源,2010-05-31,9.36,9.8,9.08,9.13,9.44,14973769.0,142419595.0,2940024595.64,2967624603.9
sh600645,ST中源,2010-06-01,9.01,9.11,8.67,8.67,9.13,15285022.0,134443152.0,2791896302.76,2818105730.1
sh600645,ST中源,2010-06-02,8.53,8.83,8.35,8.81,8.67,9629741.0,82789368.0,2836978826.68,2863611474.3
sh600645,ST中源,2010-06-03,8.93,9.25,8.8,9.25,8.81,9997423.0,91299477.0,2978666759.0,3006629527.5
sh600645,ST中源,2010-06-04,9.2,9.65,9.1,9.41,9.25,17172247.0,160602229.0,3030189643.48,3058636092.3
sh600645,ST中源,2010-06-07,9.19,9.7,9.08,9.5,9.41,12945602.0,122602841.0,3059171266.0,3087889785.0
sh600645,ST中源,2010-06-08,9.43,9.62,9.3,9.5,9.5,9788290.0,92677505.0,3059171266.0,3087889785.0
sh600645,ST中源,2010-06-09,9.5,9.93,9.5,9.76,9.5,12172132.0,118887998.0,3142895953.28,3172400452.8
sh600645,ST中源,2010-06-10,9.76,10.17,9.7,10.06,9.76,12595815.0,126213064.0,3239501361.68,3269912761.8
sh600645,ST中源,2010-06-11,10.09,10.13,9.83,9.87,10.06,8805339.0,87599834.0,3178317936.36,3208154966.1
sh600645,ST中源,2010-06-17,9.91,10.07,9.55,9.59,9.87,9314950.0,91310714.0,3088152888.52,3117143477.7
sh600645,ST中源,2010-06-18,9.75,9.86,9.11,9.11,9.59,11340510.0,107380556.0,2933584235.08,2961123783.3
sh600645,ST中源,2010-06-21,9.05,9.57,8.81,9.57,9.11,8431331.0,77633594.0,3081712527.96,3110642657.1
sh600645,ST中源,2010-06-22,9.59,9.8,9.5,9.65,9.57,6128110.0,59219574.0,3107473970.2,3136645939.5
sh600645,ST中源,2010-06-23,9.51,9.78,9.28,9.48,9.65,7351541.0,70136841.0,3052730905.44,3081388964.4
sh600645,ST中源,2010-06-24,9.48,9.78,9.44,9.73,9.48,7008318.0,67478577.0,3133235412.44,3162649221.9
sh600645,ST中源,2010-06-28,9.6,9.67,9.24,9.24,9.73,7462296.0,69837622.0,2975446578.72,3003379117.2
sh600645,ST中源,2010-06-29,9.16,9.28,8.78,8.78,9.24,7869060.0,69937357.0,2827318285.84,2853860243.4
sh600645,ST中源,2010-06-30,8.55,8.7,8.34,8.34,8.78,7781044.0,65519557.0,2685630353.52,2710842190.2
sh600645,ST中源,2010-07-01,8.27,8.52,7.92,7.94,8.34,8429500.0,68595511.0,2556823142.32,2580825778.2
sh600645,ST中源,2010-07-02,7.94,8.08,7.58,8.0,7.94,8609767.0,67214097.0,2576144224.0,2600328240.0
sh600645,ST中源,2010-07-05,7.8,7.93,7.68,7.82,8.0,5067562.0,39612743.0,2518180978.96,2541820854.6
sh600645,ST中源,2010-07-06,7.82,8.11,7.75,8.09,7.82,5854673.0,46841749.0,2605125846.52,2629581932.7
sh600645,ST中源,2010-07-07,8.07,8.24,8.02,8.21,8.09,5719524.0,46591314.0,2643768009.88,2668586856.3
sh600645,ST中源,2010-07-08,8.2,8.33,8.11,8.18,8.21,5878119.0,48398503.0,2634107469.04,2658835625.4
sh600645,ST中源,2010-07-09,8.18,8.39,8.07,8.36,8.18,7473517.0,61843348.0,2692070714.08,2717343010.8
sh600645,ST中源,2010-07-12,8.34,8.44,8.25,8.34,8.36,5695424.0,47505015.0,2685630353.52,2710842190.2
sh600645,ST中源,2010-07-13,8.3,8.3,7.92,7.92,8.34,8344661.0,66671088.0,2550382781.76,2574324957.6
sh600645,ST中源,2010-07-14,7.9,8.26,7.89,8.06,7.92,6512381.0,52666107.0,2595465305.68,2619830701.8
sh600645,ST中源,2010-07-15,8.07,8.46,7.98,8.46,8.06,16585155.0,138857337.0,2724272516.88,2749847113.8
sh600645,ST中源,2010-07-16,8.4,8.54,8.1,8.36,8.46,9486141.0,79080122.0,2692070714.08,2717343010.8
sh600645,ST中源,2010-07-19,8.26,8.58,8.13,8.52,8.36,7720017.0,65122099.0,2743593598.56,2769349575.6
sh600645,ST中源,2010-07-20,8.48,8.74,8.48,8.67,8.52,9783759.0,84101995.0,2791896302.76,2818105730.1
sh600645,ST中源,2010-07-21,8.68,8.74,8.53,8.58,8.67,8125164.0,69986374.0,2762914680.24,2788852037.4
sh600645,ST中源,2010-07-22,8.55,8.97,8.53,8.84,8.58,9185525.0,80327981.0,2846639367.52,2873362705.2
sh600645,ST中源,2010-07-23,8.9,8.9,8.61,8.75,8.84,7043655.0,61500408.0,2817657745.0,2844109012.5
sh600645,ST中源,2010-07-26,8.85,9.19,8.76,8.85,8.75,8575578.0,76420252.0,2849859547.8,2876613115.5
sh600645,ST中源,2010-07-27,8.82,8.89,8.67,8.7,8.85,6636141.0,57928675.0,2801556843.6,2827856961.0
sh600645,ST中源,2010-07-28,8.66,8.85,8.6,8.81,8.7,8981807.0,78651683.0,2836978826.68,2863611474.3
sh600645,ST中源,2010-07-29,8.85,9.06,8.76,8.88,8.81,8006533.0,71181870.0,2859520088.64,2886364346.4
sh600645,ST中源,2010-07-30,8.92,8.96,8.75,8.85,8.88,5683997.0,50226762.0,2849859547.8,2876613115.5
sh600645,ST中源,2010-08-02,8.84,9.2,8.8,9.18,8.85,9549673.0,86512134.0,2956125497.04,2983876655.4
sh600645,ST中源,2010-08-03,9.23,9.23,8.92,8.93,9.18,8361163.0,75915555.0,2875620990.04,2902616397.9
sh600645,ST中源,2010-08-04,8.9,8.96,8.61,8.93,8.93,7605897.0,66984512.0,2875620990.04,2902616397.9
sh600645,ST中源,2010-08-05,8.93,8.99,8.8,8.84,8.93,7786477.0,69343688.0,2846639367.52,2873362705.2
sh600645,ST中源,2010-08-06,8.8,8.98,8.68,8.95,8.84,7585759.0,66994144.0,2882061350.6,2909117218.5
sh600645,ST中源,2010-08-09,8.96,9.19,8.92,9.14,8.95,8264706.0,75341458.0,2943244775.92,2970875014.2
sh600645,ST中源,2010-08-10,9.15,9.44,8.88,8.92,9.14,15154183.0,139708331.0,2872400809.76,2899365987.6
sh600645,ST中源,2010-08-11,8.88,9.18,8.81,9.15,8.92,7748316.0,69543616.0,2946464956.2,2974125424.5
sh600645,ST中源,2010-08-12,9.02,9.49,8.98,9.25,9.15,11418347.0,105929959.0,2978666759.0,3006629527.5
sh600645,ST中源,2010-08-13,9.28,9.4,9.1,9.39,9.25,8630515.0,80009225.0,3023749282.92,3052135271.7
sh600645,ST中源,2010-08-16,9.41,9.85,9.36,9.8,9.39,13733337.0,133716104.0,3155776674.4,3185402094.0
sh600645,ST中源,2010-08-17,9.8,9.8,9.64,9.74,9.8,8527026.0,82737329.0,3136455592.72,3165899632.2
sh600645,ST中源,2010-08-18,9.75,9.79,9.54,9.66,9.74,8789493.0,84623979.0,3110694150.48,3139896349.8
sh600645,ST中源,2010-08-19,9.64,9.73,9.4,9.63,9.66,7885922.0,75582541.0,3101033609.64,3130145118.9
sh600645,ST中源,2010-08-20,9.63,9.63,9.15,9.15,9.63,10884172.0,101389877.0,2946464956.2,2974125424.5
sh600645,ST中源,2010-08-23,9.03,9.25,9.02,9.1,9.15,6795022.0,61943181.0,2930364054.8,2957873373.0
sh600645,ST中源,2010-08-24,9.1,9.22,8.97,9.16,9.1,5897730.0,53704907.0,2949685136.48,2977375834.8
sh600645,ST中源,2010-08-25,9.15,9.21,8.9,8.9,9.16,7048912.0,63771160.0,2865960449.2,2892865167.0
sh600645,ST中源,2010-08-26,8.92,9.19,8.92,9.08,8.9,4664976.0,42243361.0,2923923694.24,2951372552.4
sh600645,ST中源,2010-08-27,9.17,9.25,9.05,9.13,9.08,4231743.0,38729672.0,2940024595.64,2967624603.9
sh600645,ST中源,2010-08-30,9.24,9.46,9.1,9.43,9.13,8485746.0,78754406.0,3036630004.04,3065136912.9
sh600645,ST中源,2010-08-31,9.41,9.85,9.35,9.64,9.43,11703618.0,113019348.0,3104253789.92,3133395529.2
sh600645,ST中源,2010-09-01,9.65,9.66,9.16,9.31,9.64,9957380.0,93367305.0,2997987840.68,3026131989.3
sh600645,ST中源,2010-09-02,9.39,9.78,9.32,9.78,9.31,14673766.0,142935624.0,3149336313.84,3178901273.4
sh600645,ST中源,2010-09-03,9.89,9.89,9.59,9.8,9.78,12271547.0,119690995.0,3155776674.4,3185402094.0
sh600645,ST中源,2010-09-06,9.83,9.92,9.46,9.63,9.8,8296013.0,80260387.0,3101033609.64,3130145118.9
sh600645,ST中源,2010-09-07,9.58,10.11,9.48,10.11,9.63,13636356.0,135133667.0,3255602263.08,3286164813.3
sh600645,ST中源,2010-09-08,10.11,10.49,10.02,10.26,10.11,12364349.0,126810441.0,3303904967.28,3334920967.8
sh600645,ST中源,2010-09-09,10.32,10.5,10.1,10.12,10.26,12206450.0,125225333.0,3258822443.36,3289415223.6
sh600645,ST中源,2010-09-10,10.14,10.63,10.07,10.46,10.12,11729383.0,121358693.0,3368308572.88,3399929173.8
sh600645,ST中源,2010-09-13,10.49,10.57,10.31,10.41,10.46,8928246.0,93154771.0,3352207671.48,3383677122.3
sh600645,ST中源,2010-09-14,10.41,10.47,9.97,10.11,10.41,10301494.0,104843421.0,3255602263.08,3286164813.3
sh600645,ST中源,2010-09-15,10.18,10.26,9.92,9.98,10.11,8206684.0,82880149.0,3213739919.44,3243909479.4
sh600645,ST中源,2010-09-16,9.96,10.03,9.48,9.56,9.98,8552634.0,82863679.0,3078492347.68,3107392246.8
sh600645,ST中源,2010-09-17,9.67,9.82,9.58,9.67,9.56,5089971.0,49420657.0,3113914330.76,3143146760.1
sh600645,ST中源,2010-09-20,9.62,9.72,9.32,9.4,9.67,3999859.0,38159123.0,3026969463.2,3055385682.0
sh600645,ST中源,2010-09-21,9.39,9.48,9.2,9.31,9.4,4078586.0,38049679.0,2997987840.68,3026131989.3
sh600645,ST中源,2010-09-27,9.32,9.71,9.32,9.62,9.31,3869591.0,37021673.0,3097813429.36,3126894708.6
sh600645,ST中源,2010-09-28,9.61,9.8,9.51,9.64,9.62,4658682.0,45027333.0,3104253789.92,3133395529.2
sh600645,ST中源,2010-09-29,9.69,9.73,9.35,9.37,9.64,3835665.0,36452014.0,3017308922.36,3045634451.1
sh600645,ST中源,2010-09-30,9.33,9.47,9.33,9.43,9.37,3094813.0,29084053.0,3036630004.04,3065136912.9
sh600645,ST中源,2010-10-08,9.48,9.7,9.43,9.64,9.43,5180071.0,49717127.0,3104253789.92,3133395529.2
sh600645,ST中源,2010-10-11,9.66,9.82,9.56,9.81,9.64,8242818.0,79637077.0,3158996854.68,3188652504.3
sh600645,ST中源,2010-10-12,9.78,9.78,9.6,9.65,9.81,5636436.0,54422834.0,3107473970.2,3136645939.5
sh600645,ST中源,2010-10-13,9.6,9.78,9.39,9.5,9.65,7260291.0,69279508.0,3059171266.0,3087889785.0
sh600645,ST中源,2010-10-14,9.45,9.58,9.03,9.03,9.5,12791007.0,116952515.0,2907822792.84,2935120500.9
sh600645,ST中源,2010-10-15,8.9,8.96,8.58,8.61,9.03,12598889.0,109398366.0,2772575221.08,2798603268.3
sh600645,ST中源,2010-10-18,8.61,8.94,8.25,8.92,8.61,7252176.0,63538453.0,2872400809.76,2899365987.6
sh600645,ST中源,2010-10-19,8.95,9.18,8.86,9.03,8.92,7966449.0,71983255.0,2907822792.84,2935120500.9
sh600645,ST中源,2010-10-20,8.93,9.14,8.76,8.91,9.03,8031028.0,71845010.0,2869180629.48,2896115577.3
sh600645,ST中源,2010-10-21,8.86,8.88,8.64,8.8,8.91,6944799.0,60730364.0,2833758646.4,2860361064.0
sh600645,ST中源,2010-10-22,8.74,8.97,8.72,8.88,8.8,5044566.0,44550169.0,2859520088.64,2886364346.4
sh600645,ST中源,2010-10-25,8.88,9.05,8.71,8.95,8.88,8238893.0,73018157.0,2882061350.6,2909117218.5
sh600645,ST中源,2010-10-26,8.98,8.98,8.78,8.91,8.95,8110897.0,71895912.0,2869180629.48,2896115577.3
sh600645,ST中源,2010-10-27,9.05,9.2,8.91,9.0,8.91,9722880.0,88315670.0,2898162252.0,2925369270.0
sh600645,ST中源,2010-10-28,8.95,9.04,8.8,8.89,9.0,5479086.0,48829326.0,2862740268.92,2889614756.7
sh600645,ST中源,2010-10-29,8.91,9.08,8.82,9.07,8.89,5279165.0,47447002.0,2920703513.96,2948122142.1
sh600645,ST中源,2010-11-01,9.13,9.2,9.01,9.17,9.07,8701628.0,79325327.0,2952905316.76,2980626245.1
sh600645,ST中源,2010-11-02,9.2,9.24,9.04,9.16,9.17,9363846.0,85609490.0,2949685136.48,2977375834.8
sh600645,ST中源,2010-11-03,9.09,9.62,9.07,9.62,9.16,19905667.0,189560759.0,3097813429.36,3126894708.6
sh600645,ST中源,2010-11-04,9.55,10.07,9.42,9.77,9.62,16040093.0,156805071.0,3146116133.56,3175650863.1
sh600645,ST中源,2010-11-05,9.7,10.07,9.62,9.66,9.77,11465100.0,112255230.0,3110694150.48,3139896349.8
sh600645,ST中源,2010-11-08,9.7,10.14,9.7,10.14,9.66,11983577.0,120820161.0,3265262803.92,3295916044.2
sh600645,ST中源,2010-11-09,10.44,10.45,10.08,10.17,10.14,14731347.0,150629853.0,3274923344.76,3305667275.1
sh600645,ST中源,2010-11-10,10.18,10.25,9.87,9.89,10.17,11077104.0,110979570.0,3184758296.92,3214655786.7
sh600645,ST中源,2010-11-11,9.8,10.22,9.75,9.8,9.89,9699391.0,96997878.0,3155776674.4,3185402094.0
sh600645,ST中源,2010-11-12,9.73,10.03,9.31,9.31,9.8,12615332.0,121388059.0,2997987840.68,3026131989.3
sh600645,ST中源,2010-11-15,9.35,9.7,9.08,9.56,9.31,10472472.0,98182522.0,3078492347.68,3107392246.8
sh600645,ST中源,2010-11-16,9.56,9.85,9.3,9.53,9.56,9914048.0,95317724.0,3068831806.84,3097641015.9
sh600645,ST中源,2010-11-17,9.45,9.75,9.38,9.44,9.53,7897324.0,75666570.0,3039850184.32,3068387323.2
sh600645,ST中源,2010-11-18,9.46,9.6,9.08,9.37,9.44,6602748.0,61663506.0,3017308922.36,3045634451.1
sh600645,ST中源,2010-11-19,9.35,9.74,9.34,9.71,9.37,7287585.0,69619585.0,3126795051.88,3156148401.3
sh600645,ST中源,2010-11-22,9.68,9.96,9.55,9.73,9.71,7541370.0,73586192.0,3133235412.44,3162649221.9
sh600645,ST中源,2010-11-23,9.75,10.22,9.49,10.19,9.73,22033946.0,221009214.0,3281363705.32,3312168095.7
sh600645,ST中源,2010-11-24,10.0,10.7,10.0,10.7,10.19,17613538.0,184991791.0,3445592899.6,3477939021.0
sh600645,ST中源,2010-11-25,10.99,11.24,10.66,10.7,10.7,29979955.0,330071572.0,3445592899.6,3477939021.0
sh600645,ST中源,2010-11-26,10.6,11.06,10.24,10.35,10.7,17777777.0,187733695.0,3332886589.8,3364174660.5
sh600645,ST中源,2010-11-30,10.44,10.65,9.83,10.01,10.35,20051452.0,203803439.0,3223400460.28,3253660710.3
sh600645,ST中源,2010-12-01,10.0,10.42,9.9,10.29,10.01,10086867.0,102971628.0,3313565508.12,3344672198.7
sh600645,ST中源,2010-12-02,10.33,10.54,10.16,10.19,10.29,8461924.0,87669051.0,3281363705.32,3312168095.7
sh600645,ST中源,2010-12-03,10.1,10.22,9.98,10.08,10.19,6858558.0,69167852.0,3245941722.24,3276413582.4
sh600645,ST中源,2010-12-06,10.08,10.23,9.67,9.77,10.08,6429548.0,63757632.0,3146116133.56,3175650863.1
sh600645,ST中源,2010-12-07,9.81,10.02,9.71,9.99,9.77,5317028.0,52643131.0,3216960099.72,3247159889.7
sh600645,ST中源,2010-12-08,9.96,10.03,9.75,9.76,9.99,5426831.0,53612964.0,3142895953.28,3172400452.8
sh600645,ST中源,2010-12-09,9.72,9.79,9.56,9.59,9.76,4482897.0,43334594.0,3088152888.52,3117143477.7
sh600645,ST中源,2010-12-10,9.59,10.07,9.43,10.07,9.59,7442195.0,72806308.0,3242721541.96,3273163172.1
sh600645,ST中源,2010-12-13,10.12,10.37,10.01,10.17,10.07,7681487.0,78294889.0,3274923344.76,3305667275.1
sh600645,ST中源,2010-12-14,10.16,10.34,10.1,10.17,10.17,5811706.0,59346927.0,3274923344.76,3305667275.1
sh600645,ST中源,2010-12-15,10.11,10.22,10.01,10.08,10.17,5404799.0,54606614.0,3245941722.24,3276413582.4
sh600645,ST中源,2010-12-16,10.1,10.3,10.06,10.27,10.08,4980117.0,50867040.0,3307125147.56,3338171378.1
sh600645,ST中源,2010-12-17,10.3,10.62,10.23,10.4,10.27,6978276.0,72490396.0,3348987491.2,3380426712.0
sh600645,ST中源,2010-12-20,10.32,10.43,9.9,10.01,10.4,8483343.0,85990354.0,3223400460.28,3253660710.3
sh600645,ST中源,2010-12-21,10.18,10.25,10.01,10.18,10.01,4234291.0,43020809.0,3278143525.04,3308917685.4
sh600645,ST中源,2010-12-22,10.11,10.34,10.06,10.12,10.18,5167103.0,52753244.0,3258822443.36,3289415223.6
sh600645,ST中源,2010-12-23,10.07,10.24,9.83,9.91,10.12,4990173.0,50004360.0,3191198657.48,3221156607.3
sh600645,ST中源,2010-12-24,9.87,10.0,9.7,9.79,9.91,4567808.0,44830899.0,3152556494.12,3182151683.7
sh600645,ST中源,2010-12-27,9.82,9.94,9.35,9.36,9.79,4397188.0,42489869.0,3014088742.08,3042384040.8
sh600645,ST中源,2010-12-28,9.3,9.4,8.94,9.08,9.36,5356467.0,48982785.0,2923923694.24,2951372552.4
sh600645,ST中源,2010-12-29,9.15,9.25,9.05,9.25,9.08,2310909.0,21144532.0,2978666759.0,3006629527.5
sh600645,ST中源,2010-12-30,9.2,9.33,9.12,9.21,9.25,2632046.0,24293283.0,2965786037.88,2993627886.3
sh600645,ST中源,2010-12-31,9.23,9.45,9.23,9.38,9.21,3352956.0,31365618.0,3020529102.64,3048884861.4
sh600645,ST中源,2011-01-04,9.42,9.54,9.34,9.46,9.38,3488598.0,32957521.0,3046290544.88,3074888143.8
sh600645,ST中源,2011-01-05,9.41,9.66,9.38,9.5,9.46,3421637.0,32566752.0,3059171266.0,3087889785.0
sh600645,ST中源,2011-01-06,9.5,9.58,9.23,9.31,9.5,3456626.0,32369400.0,2997987840.68,3026131989.3
sh600645,ST中源,2011-01-07,9.31,9.53,9.31,9.4,9.31,3974445.0,37521109.0,3026969463.2,3055385682.0
sh600645,ST中源,2011-01-10,9.38,9.45,9.14,9.23,9.4,3110303.0,28807800.0,2972226398.44,3000128706.9
sh600645,ST中源,2011-01-11,9.16,9.36,9.16,9.24,9.23,2155165.0,19920011.0,2975446578.72,3003379117.2
sh600645,ST中源,2011-01-12,9.2,9.48,9.2,9.34,9.24,2417186.0,22610010.0,3007648381.52,3035883220.2
sh600645,ST中源,2011-01-13,9.28,9.45,9.28,9.4,9.34,1571273.0,14741461.0,3026969463.2,3055385682.0
sh600645,ST中源,2011-01-14,9.35,9.64,9.3,9.42,9.4,4544162.0,42996082.0,3033409823.76,3061886502.6
sh600645,ST中源,2011-01-17,9.4,9.47,8.95,8.95,9.42,5270359.0,47852762.0,2882061350.6,2909117218.5
sh600645,ST中源,2011-01-18,8.88,9.08,8.76,9.0,8.95,3556278.0,31893495.0,2898162252.0,2925369270.0
sh600645,ST中源,2011-01-19,9.0,9.33,8.9,9.3,9.0,3258062.0,30001970.0,2994767660.4,3022881579.0
sh600645,ST中源,2011-01-20,9.19,9.26,9.07,9.14,9.3,3377063.0,30924629.0,2943244775.92,2970875014.2
sh600645,ST中源,2011-01-21,9.05,9.49,9.0,9.4,9.14,4073179.0,37789122.0,3026969463.2,3055385682.0
sh600645,ST中源,2011-01-24,9.59,9.87,9.2,9.58,9.4,7152436.0,68265845.0,3084932708.24,3113893067.4
sh600645,ST中源,2011-01-25,9.53,9.62,9.1,9.16,9.58,6861870.0,64577771.0,2949685136.48,2977375834.8
sh600645,ST中源,2011-01-26,9.01,9.4,9.0,9.2,9.16,3847066.0,35445640.0,2962565857.6,2990377476.0
sh600645,ST中源,2011-01-27,9.2,9.5,9.16,9.5,9.2,3290956.0,30945392.0,3059171266.0,3087889785.0
sh600645,ST中源,2011-01-28,9.56,9.72,9.44,9.45,9.5,5223002.0,50137743.0,3043070364.6,3071637733.5
sh600645,ST中源,2011-01-31,9.45,9.85,9.45,9.82,9.45,4446167.0,43335857.0,3162217034.96,3191902914.6
sh600645,ST中源,2011-02-01,9.82,9.98,9.73,9.9,9.82,4390550.0,43229008.0,3187978477.2,3217906197.0
sh600645,ST中源,2011-02-09,9.9,10.08,9.74,9.86,9.9,3674511.0,36517946.0,3175097756.08,3204904555.8
sh600645,ST中源,2011-02-10,9.76,9.98,9.62,9.91,9.86,4115866.0,40574072.0,3191198657.48,3221156607.3
sh600645,ST中源,2011-02-11,9.95,10.07,9.8,10.01,9.91,5475843.0,54350938.0,3223400460.28,3253660710.3
sh600645,ST中源,2011-02-14,10.06,10.08,9.95,10.02,10.01,4856252.0,48551205.0,3226620640.56,3256911120.6
sh600645,ST中源,2011-02-15,10.06,10.29,10.0,10.06,10.02,6131053.0,62218580.0,3239501361.68,3269912761.8
sh600645,ST中源,2011-02-16,10.04,10.09,9.91,10.07,10.06,4265482.0,42692858.0,3242721541.96,3273163172.1
sh600645,ST中源,2011-02-17,10.01,10.53,9.93,10.38,10.07,10842978.0,111388906.0,3342547130.64,3373925891.4
sh600645,ST中源,2011-02-18,10.31,10.52,10.26,10.41,10.38,5036376.0,52350776.0,3352207671.48,3383677122.3
sh600645,ST中源,2011-02-21,10.43,10.84,10.35,10.7,10.41,6041183.0,64245628.0,3445592899.6,3477939021.0
sh600645,ST中源,2011-02-22,10.66,10.77,10.17,10.17,10.7,8370569.0,86512658.0,3274923344.76,3305667275.1
sh600645,ST中源,2011-02-23,10.0,10.41,10.0,10.4,10.17,6121881.0,63036406.0,3348987491.2,3380426712.0
sh600645,ST中源,2011-02-24,10.38,10.66,10.31,10.55,10.4,6677584.0,70216226.0,3397290195.4,3429182866.5
sh600645,ST中源,2011-02-25,10.51,10.52,10.28,10.45,10.55,6151393.0,63884594.0,3365088392.6,3396678763.5
sh600645,ST中源,2011-02-28,10.47,10.63,10.38,10.5,10.45,4984183.0,52532264.0,3381189294.0,3412930815.0
sh600645,ST中源,2011-03-01,10.5,10.78,10.5,10.55,10.5,5427137.0,57727891.0,3397290195.4,3429182866.5
sh600645,ST中源,2011-03-02,10.52,11.08,10.51,11.08,10.55,12237360.0,132552487.0,3567959750.24,3601454612.4
sh600645,ST中源,2011-03-03,11.08,11.23,10.82,10.89,11.08,10308004.0,112975254.0,3506776324.92,3539696816.7
sh600645,ST中源,2011-03-04,10.9,11.4,10.85,11.18,10.89,12427035.0,138189380.0,3600161553.04,3633958715.4
sh600645,ST中源,2011-03-22,11.74,11.74,11.74,11.74,11.18,264742.0,3108071.0,3780491648.72,3815981692.2
sh600645,ST中源,2011-03-23,12.33,12.33,12.33,12.33,11.74,120820.0,1489711.0,3970482285.24,4007755899.9
sh600645,ST中源,2011-03-24,12.95,12.95,12.95,12.95,12.33,277108.0,3588549.0,4170133462.6,4209281338.5
sh600645,ST中源,2011-03-25,13.6,13.6,13.6,13.6,12.95,526820.0,7164752.0,4379445180.8,4420558008.0
sh600645,ST中源,2011-03-28,14.28,14.28,14.28,14.28,13.6,719566.0,10275402.0,4598417439.84,4641585908.4
sh600645,ST中源,2011-03-29,14.99,14.99,14.99,14.99,14.28,1275924.0,19126101.0,4827050239.72,4872365039.7
sh600645,ST中源,2011-03-30,15.74,15.74,15.68,15.74,14.99,46835622.0,737112317.0,5068563760.72,5116145812.2
sh600645,ST中源,2011-03-31,16.45,16.48,15.53,15.74,15.74,58206385.0,937701254.0,5068563760.72,5116145812.2
sh600645,ST中源,2011-04-01,15.55,16.53,15.55,16.53,15.74,27902316.0,454720448.0,5322958002.84,5372928225.9
sh600645,ST中源,2011-04-06,17.0,17.36,16.8,17.36,16.53,9507981.0,163950392.0,5590232966.08,5642712280.8
sh600645,ST中源,2011-04-07,18.19,18.23,17.41,17.72,17.36,32621576.0,586030607.0,5706159456.16,5759727051.6
sh600645,ST中源,2011-04-11,17.6,18.58,17.5,17.88,17.72,12785431.0,230732216.0,5757682340.64,5811733616.4
sh600645,ST中源,2011-04-12,18.03,18.77,17.8,18.74,17.88,17027977.0,314542029.0,6034617844.72,6091268902.2
sh600645,ST中源,2011-04-13,18.56,18.88,17.8,18.81,18.74,13872920.0,254132301.0,6057159106.68,6114021774.3
sh600645,ST中源,2011-04-14,18.7,19.28,18.54,18.91,18.81,8907474.0,168551076.0,6089360909.48,6146525877.3
sh600645,ST中源,2011-04-15,18.82,19.17,18.22,18.63,18.91,8332661.0,155174360.0,5999195861.64,6055514388.9
sh600645,ST中源,2011-04-18,18.31,19.1,18.31,18.95,18.63,8390039.0,158378644.0,6102241630.6,6159527518.5
sh600645,ST中源,2011-04-19,18.91,19.85,18.81,19.69,18.95,7664982.0,148884092.0,6340534971.32,6400057880.7
sh600645,ST中源,2011-04-20,19.51,20.29,19.51,19.69,19.69,4933422.0,97607614.0,6340534971.32,6400057880.7
sh600645,ST中源,2011-04-21,19.7,19.94,18.71,18.71,19.69,15212977.0,287780664.0,6024957303.88,6081517671.3
sh600645,ST中源,2011-04-22,18.46,19.65,18.26,19.54,18.71,9224622.0,174814315.0,6292232267.12,6351301726.2
sh600645,ST中源,2011-04-25,19.56,20.3,19.35,19.85,19.54,8070604.0,160840801.0,6392057855.8,6452064445.5
sh600645,ST中源,2011-04-26,19.76,20.29,19.59,20.12,19.85,5621863.0,112037998.0,6479002723.36,6539825523.6
sh600645,ST中源,2011-04-27,20.12,21.13,20.0,21.13,20.12,10015287.0,209524349.0,6804240931.64,6868116963.9
sh600645,ST中源,2011-04-28,21.45,22.19,21.13,22.19,21.13,3077004.0,67364303.0,7145580041.32,7212660455.7
sh600645,ST中源,2011-04-29,22.8,23.3,21.35,23.08,22.19,18567229.0,423577864.0,7432176086.24,7501946972.4
sh600645,ST中源,2011-05-06,22.2,24.23,21.93,24.23,23.08,10945445.0,255435867.0,7802496818.44,7875744156.9
sh600645,ST中源,2011-05-09,24.96,24.96,23.93,24.24,24.23,6997577.0,170985362.0,7805716998.72,7878994567.2
sh600645,ST中源,2011-05-10,23.88,24.0,23.03,23.03,24.24,11154163.0,257731852.0,7416075184.84,7485694920.9
sh600645,ST中源,2011-05-11,21.96,23.36,21.88,21.94,23.03,13237198.0,295766442.0,7065075534.32,7131400198.2
sh600645,ST中源,2011-05-12,21.86,22.5,20.85,21.52,21.94,10124798.0,219110571.0,6929827962.56,6994882965.6
sh600645,ST中源,2011-05-13,21.6,22.35,21.31,22.21,21.52,6912073.0,151396720.0,7152020401.88,7219161276.3
sh600645,ST中源,2011-05-16,22.0,22.58,21.55,21.56,22.21,5573157.0,122159923.0,6942708683.68,7007884606.8
sh600645,ST中源,2011-05-17,21.4,21.9,21.38,21.66,21.56,3455170.0,74724371.0,6974910486.48,7040388709.8
sh600645,ST中源,2011-05-18,21.7,21.84,20.58,20.58,21.66,8313468.0,173814378.0,6627131016.24,6689344397.4
sh600645,ST中源,2011-05-19,20.3,20.71,19.55,20.31,20.58,13527907.0,270480904.0,6540186148.68,6601583319.3
sh600645,ST中源,2011-05-20,20.28,20.75,19.81,20.03,20.31,5850552.0,118020241.0,6450021100.84,6510571830.9
sh600645,ST中源,2011-05-23,19.9,19.99,19.03,19.03,20.03,7602984.0,145409655.0,6128003072.84,6185530800.9
sh600645,ST中源,2011-05-24,18.8,18.83,18.08,18.66,19.03,5771887.0,106147057.0,6008856402.48,6065265619.8
sh600645,ST中源,2011-05-25,18.7,19.59,18.6,19.59,18.66,5476628.0,105547055.0,6308333168.52,6367553777.7
sh600645,ST中源,2011-05-26,19.99,20.46,19.8,19.95,19.59,6355666.0,128200156.0,6424259658.6,6484568548.5
sh600645,ST中源,2011-05-27,19.7,20.07,19.1,19.47,19.95,3711540.0,72301442.0,6269691005.16,6328548854.1
sh600645,ST中源,2011-05-30,19.13,20.27,18.83,19.42,19.47,5363631.0,104230758.0,6253590103.76,6312296802.6
sh600645,ST中源,2011-05-31,19.33,19.48,18.86,19.26,19.42,4714312.0,90631444.0,6202067219.28,6260290237.8
sh600645,ST中源,2011-06-01,19.26,19.45,18.98,19.23,19.26,2217197.0,42576475.0,6192406678.44,6250539006.9
sh600645,ST中源,2011-06-02,19.13,19.13,18.27,18.27,19.23,4784201.0,88038761.0,5883269371.56,5938499618.1
sh600645,ST中源,2011-06-03,18.21,18.88,18.1,18.63,18.27,3858482.0,71567734.0,5999195861.64,6055514388.9
sh600645,ST中源,2011-06-07,19.09,19.56,18.6,19.56,18.63,7421663.0,143934568.0,6298672627.68,6357802546.8
sh600645,ST中源,2011-06-08,19.55,20.12,19.4,19.71,19.56,4326612.0,85218324.0,6346975331.88,6406558701.3
sh600645,ST中源,2011-06-09,19.79,20.0,18.75,19.0,19.71,3112943.0,59808316.0,6118342532.0,6175779570.0
sh600645,ST中源,2011-06-10,18.99,19.44,18.58,19.09,19.0,3108665.0,58847552.0,6147324154.52,6205033262.7
sh600645,ST中源,2011-06-13,18.98,19.45,18.68,19.18,19.09,5453144.0,104334954.0,6176305777.04,6234286955.4
sh600645,ST中源,2011-06-14,19.39,19.48,18.88,18.94,19.18,4455169.0,85699518.0,6099021450.32,6156277108.2
sh600645,ST中源,2011-06-15,18.88,19.19,18.7,18.83,18.94,3301968.0,62480708.0,6063599467.24,6120522594.9
sh600645,ST中源,2011-06-16,18.73,19.38,18.5,19.21,18.83,5190770.0,99141684.0,6185966317.88,6244038186.3
sh600645,ST中源,2011-06-17,19.1,19.53,19.06,19.31,19.21,5006850.0,96825784.0,6218168120.68,6276542289.3
sh600645,ST中源,2011-06-20,19.31,19.85,18.86,19.1,19.31,5538419.0,107341292.0,6150544334.8,6208283673.0
sh600645,ST中源,2011-06-21,18.96,19.45,18.15,18.15,19.1,6972427.0,128087912.0,5844627208.2,5899494694.5
sh600645,ST中源,2011-06-22,18.16,18.35,17.26,18.2,18.15,3320664.0,59424478.0,5860728109.6,5915746746.0
sh600645,ST中源,2011-06-23,18.05,18.25,17.81,18.0,18.2,1904966.0,34261573.0,5796324504.0,5850738540.0
sh600645,ST中源,2011-06-24,18.0,18.9,17.82,18.9,18.0,5401368.0,100666942.0,6086140729.2,6143275467.0
sh600645,ST中源,2011-06-27,19.0,19.29,18.75,19.0,18.9,4300770.0,81822623.0,6118342532.0,6175779570.0
sh600645,ST中源,2011-06-28,19.2,19.6,18.95,19.56,19.0,3882127.0,74912564.0,6298672627.68,6357802546.8
sh600645,ST中源,2011-06-29,19.65,20.51,19.4,20.15,19.56,7339855.0,147812382.0,6488663264.2,6549576754.5
sh600645,ST中源,2011-07-01,20.5,21.0,19.7,20.41,20.15,5901927.0,120710185.0,6572387951.48,6634087422.3
sh600645,ST中源,2011-07-04,20.49,20.55,19.96,20.47,20.41,4362519.0,88351391.0,6591709033.16,6653589884.1
sh600645,ST中源,2011-07-05,20.4,21.15,20.27,20.89,20.47,5895765.0,123125145.0,6726956604.92,6790107116.7
sh600645,ST中源,2011-07-06,20.8,20.98,20.5,20.78,20.89,2604775.0,53851127.0,6691534621.84,6754352603.4
sh600645,ST中源,2011-07-07,20.88,21.36,20.45,20.89,20.78,3736156.0,78771735.0,6726956604.92,6790107116.7
sh600645,ST中源,2011-07-08,21.2,21.2,20.84,20.98,20.89,2316535.0,48650164.0,6755938227.44,6819360809.4
sh600645,ST中源,2011-07-11,21.18,21.28,20.99,21.11,20.98,4177294.0,88356948.0,6797800571.08,6861616143.3
sh600645,ST中源,2011-07-12,20.99,20.99,20.05,20.19,21.11,5755925.0,117255443.0,6501543985.32,6562578395.7
sh600645,ST中源,2011-07-13,20.1,21.13,20.02,20.9,20.19,4744772.0,97821091.0,6730176785.2,6793357527.0
sh600645,ST中源,2011-07-14,21.59,21.79,21.15,21.55,20.9,6084428.0,130523198.0,6939488503.4,7004634196.5
sh600645,ST中源,2011-07-15,21.6,21.65,21.18,21.58,21.55,2734167.0,58602239.0,6949149044.24,7014385427.4
sh600645,ST中源,2011-07-18,21.7,21.7,21.35,21.44,21.58,2817627.0,60564771.0,6904066520.32,6968879683.2
sh600645,ST中源,2011-07-19,21.44,21.59,20.9,21.11,21.44,2891622.0,61081863.0,6797800571.08,6861616143.3
sh600645,ST中源,2011-07-20,21.25,21.36,20.78,20.9,21.11,1839592.0,38668633.0,6730176785.2,6793357527.0
sh600645,ST中源,2011-07-21,20.9,21.0,20.42,20.45,20.9,2070490.0,42851005.0,6585268672.6,6647089063.5
sh600645,ST中源,2011-07-22,20.41,20.67,20.21,20.58,20.45,2268033.0,46598871.0,6627131016.24,6689344397.4
sh600645,ST中源,2011-07-25,20.49,20.66,20.06,20.15,20.58,2642651.0,53548069.0,6488663264.2,6549576754.5
sh600645,ST中源,2011-07-26,20.46,20.46,20.01,20.32,20.15,2043283.0,41298880.0,6543406328.96,6604833729.6
sh600645,ST中源,2011-07-27,20.95,21.3,20.3,21.28,20.32,3366502.0,70850515.0,6852543635.84,6916873118.4
sh600645,ST中源,2011-07-28,21.19,21.46,21.07,21.34,21.28,2383189.0,50798661.0,6871864717.52,6936375580.2
sh600645,ST中源,2011-08-01,21.11,21.98,21.0,21.75,21.34,4191391.0,90314355.0,7003892109.0,7069642402.5
sh600645,ST中源,2011-08-02,21.75,22.84,21.58,22.84,21.75,5190131.0,116425902.0,7354891759.52,7423937125.2
sh600645,ST中源,2011-08-03,23.05,23.98,22.6,22.8,22.84,10902572.0,255795324.0,7342011038.4,7410935484.0
sh600645,ST中源,2011-08-04,22.45,23.1,22.45,22.73,22.8,4783176.0,109104897.0,7319469776.44,7388182611.9
sh600645,ST中源,2011-08-05,22.1,23.87,21.8,23.82,22.73,9708050.0,226362474.0,7670469426.96,7742477334.6
sh600645,ST中源,2011-08-08,23.82,24.26,22.7,24.08,23.82,9063098.0,213649588.0,7754194114.24,7826988002.4
sh600645,ST中源,2011-08-09,23.66,24.18,23.1,24.07,24.08,8469020.0,200648311.0,7750973933.96,7823737592.1
sh600645,ST中源,2011-08-10,23.99,25.27,23.95,25.27,24.07,7354907.0,183061973.0,8137395567.56,8213786828.1
sh600645,ST中源,2011-08-11,25.27,26.53,25.21,26.15,25.27,11405225.0,298359582.0,8420771432.2,8499822934.5
sh600645,ST中源,2011-08-12,26.51,26.62,25.51,26.6,26.15,7175707.0,187502358.0,8565679544.8,8646091398.0
sh600645,ST中源,2011-08-15,26.39,27.55,26.18,26.96,26.6,6304751.0,169754606.0,8681606034.88,8763106168.8
sh600645,ST中源,2011-08-16,27.0,27.29,25.61,25.61,26.96,7560875.0,200611402.0,8246881697.08,8324300778.3
sh600645,ST中源,2011-08-17,25.16,26.64,24.96,25.92,25.61,8900231.0,228025558.0,8346707285.76,8425063497.6
sh600645,ST中源,2011-08-18,25.68,26.9,25.68,26.73,25.92,6458812.0,171331784.0,8607541888.44,8688346731.9
sh600645,ST中源,2011-08-19,26.39,26.89,25.99,26.32,26.73,4393217.0,116137078.0,8475514496.96,8555079909.6
sh600645,ST中源,2011-08-22,26.32,26.48,25.06,25.29,26.32,6078305.0,156014542.0,8143835928.12,8220287648.7
sh600645,ST中源,2011-08-23,25.12,25.85,24.03,24.03,25.29,12545735.0,305869602.0,7738093212.84,7810735950.9
sh600645,ST中源,2011-08-24,23.7,24.24,23.0,24.03,24.03,10616405.0,249256984.0,7738093212.84,7810735950.9
sh600645,ST中源,2011-08-25,24.1,24.79,23.69,24.45,24.03,5643550.0,137134890.0,7873340784.6,7947253183.5
sh600645,ST中源,2011-08-26,24.02,24.75,23.98,24.47,24.45,4119150.0,100593956.0,7879781145.16,7953754004.1
sh600645,ST中源,2011-08-29,24.12,24.48,24.1,24.13,24.47,2973922.0,72105071.0,7770295015.64,7843240053.9
sh600645,ST中源,2011-08-30,24.13,25.04,24.13,24.51,24.13,3030304.0,74746611.0,7892661866.28,7966755645.3
sh600645,ST中源,2011-08-31,24.65,24.71,23.85,24.31,24.51,2382050.0,57750975.0,7828258260.68,7901747439.3
sh600645,ST中源,2011-09-01,24.31,24.68,23.85,24.19,24.31,1388447.0,33667030.0,7789616097.32,7862742515.7
sh600645,ST中源,2011-09-02,24.11,24.26,22.98,23.01,24.19,5169844.0,120422314.0,7409634824.28,7479194100.3
sh600645,ST中源,2011-09-05,22.98,23.44,22.52,23.09,23.01,3432327.0,79075568.0,7435396266.52,7505197382.7
sh600645,ST中源,2011-09-06,23.02,23.52,22.82,23.05,23.09,2337124.0,54186320.0,7422515545.4,7492195741.5
sh600645,ST中源,2011-09-07,23.1,23.98,23.05,23.82,23.05,4032745.0,95247444.0,7670469426.96,7742477334.6
sh600645,ST中源,2011-09-08,23.8,25.0,23.61,24.57,23.82,4707117.0,115590415.0,7911982947.96,7986258107.1
sh600645,ST中源,2011-09-09,24.63,24.88,23.98,24.17,24.57,2576864.0,62769690.0,7783175736.76,7856241695.1
sh600645,ST中源,2011-09-13,24.2,24.2,22.96,22.96,24.17,5084752.0,117765017.0,7393533922.88,7462942048.8
sh600645,ST中源,2011-09-14,23.6,23.6,22.68,23.16,22.96,2245220.0,51629334.0,7457937528.48,7527950254.8
sh600645,ST中源,2011-09-15,23.26,24.08,23.16,23.86,23.16,2545139.0,60405268.0,7683350148.08,7755478975.8
sh600645,ST中源,2011-09-16,24.1,24.1,23.18,23.59,23.86,1731961.0,40892576.0,7596405280.52,7667717897.7
sh600645,ST中源,2011-09-19,23.4,23.8,23.18,23.2,23.59,1105347.0,25842171.0,7470818249.6,7540951896.0
sh600645,ST中源,2011-09-20,23.1,23.39,22.87,23.09,23.2,1538982.0,35527890.0,7435396266.52,7505197382.7
sh600645,ST中源,2011-09-21,23.09,23.65,23.0,23.52,23.09,1765847.0,41389041.0,7573864018.56,7644965025.6
sh600645,ST中源,2011-09-22,23.46,23.46,22.88,23.08,23.52,1801483.0,41501419.0,7432176086.24,7501946972.4
sh600645,ST中源,2011-09-23,22.41,23.3,22.41,22.88,23.08,1660356.0,37847017.0,7367772480.64,7436938766.4
sh600645,ST中源,2011-09-26,22.9,23.25,22.71,22.77,22.88,1441319.0,32993805.0,7332350497.56,7401184253.1
sh600645,ST中源,2011-09-27,22.92,23.35,21.85,23.3,22.77,3587433.0,80798156.0,7503020052.4,7573455999.0
sh600645,ST中源,2011-09-28,23.1,23.68,22.97,23.21,23.3,2374998.0,55436037.0,7474038429.88,7544202306.3
sh600645,ST中源,2011-09-29,23.22,23.45,22.75,23.1,23.21,2599920.0,60223953.0,7438616446.8,7508447793.0
sh600645,ST中源,2011-09-30,22.91,23.28,22.35,23.08,23.1,1901801.0,43577953.0,7432176086.24,7501946972.4
sh600645,ST中源,2011-10-10,23.09,23.88,23.09,23.83,23.08,3594320.0,85086624.0,7673689607.24,7745727744.9
sh600645,ST中源,2011-10-11,24.24,24.24,23.75,24.0,23.83,2600671.0,62289648.0,7728432672.0,7800984720.0
sh600645,ST中源,2011-10-12,24.0,24.6,23.81,24.29,24.0,3593289.0,86931680.0,7821817900.12,7895246618.7
sh600645,ST中源,2011-10-13,24.35,24.99,24.15,24.9,24.29,4135577.0,102435061.0,8018248897.2,8093521647.0
sh600645,ST中源,2011-10-14,25.02,25.8,24.85,25.69,24.9,5729027.0,144310501.0,8272643139.32,8350304060.7
sh600645,ST中源,2011-10-17,25.7,26.9,25.6,26.3,25.69,4937279.0,130461147.0,8469074136.4,8548579089.0
sh600645,ST中源,2011-10-18,26.03,26.4,24.99,24.99,26.3,4416186.0,113345225.0,8047230519.72,8122775339.7
sh600645,ST中源,2011-10-19,25.3,25.88,24.95,25.06,24.99,4068685.0,103024313.0,8069771781.68,8145528211.8
sh600645,ST中源,2011-10-20,24.86,25.36,24.4,24.94,25.06,4095725.0,101505802.0,8031129618.32,8106523288.2
sh600645,ST中源,2011-10-21,25.41,25.54,24.78,25.44,24.94,3273215.0,82458067.0,8192138632.32,8269043803.2
sh600645,ST中源,2011-10-24,25.79,25.79,24.17,24.44,25.44,5230073.0,128056496.0,7870120604.32,7944002773.2
sh600645,ST中源,2011-10-25,24.21,24.9,24.21,24.8,24.44,2420495.0,59645634.0,7986047094.4,8061017544.0
sh600645,ST中源,2011-10-26,24.41,24.98,24.31,24.71,24.8,2612462.0,64498792.0,7957065471.88,8031763851.3
sh600645,ST中源,2011-10-27,24.87,25.3,24.68,25.03,24.71,2675127.0,67070546.0,8060111240.84,8135776980.9
sh600645,ST中源,2011-10-28,25.08,25.3,24.51,24.73,25.03,3023911.0,75020346.0,7963505832.44,8038264671.9
sh600645,ST中源,2011-10-31,25.13,25.97,24.8,25.8,24.73,6129917.0,156658329.0,8308065122.4,8386058574.0
sh600645,ST中源,2011-11-01,25.55,26.07,25.5,25.93,25.8,4595012.0,118807010.0,8349927466.04,8428313907.9
sh600645,ST中源,2011-11-02,25.8,25.98,25.55,25.83,25.93,2606852.0,67191419.0,8317725663.24,8395809804.9
sh600645,ST中源,2011-11-03,26.25,26.25,24.74,25.41,25.83,5780365.0,147183743.0,8182478091.48,8259292572.3
sh600645,ST中源,2011-11-04,25.3,26.16,25.21,25.62,25.41,3103250.0,79534595.0,8250101877.36,8327551188.6
sh600645,ST中源,2011-11-07,25.7,25.92,25.38,25.7,25.62,1770040.0,45284502.0,8275863319.6,8353554471.0
sh600645,ST中源,2011-11-08,25.6,26.2,25.6,26.16,25.7,2992743.0,77688878.0,8423991612.48,8503073344.8
sh600645,ST中源,2011-11-09,26.2,26.8,26.0,26.13,26.16,4803892.0,127306401.0,8414331071.64,8493322113.9
sh600645,ST中源,2011-11-10,25.8,26.2,25.6,25.69,26.13,3230447.0,83241084.0,8272643139.32,8350304060.7
sh600645,ST中源,2011-11-11,25.66,25.88,24.96,25.31,25.69,3078106.0,78094216.0,8150276288.68,8226788469.3
sh600645,ST中源,2011-11-14,25.31,25.9,25.09,25.72,25.31,2693674.0,68626753.0,8282303680.16,8360055291.6
sh600645,ST中源,2011-11-15,25.59,25.85,25.5,25.7,25.72,1691788.0,43410525.0,8275863319.6,8353554471.0
sh600645,ST中源,2011-11-16,25.51,25.83,25.3,25.55,25.7,2206443.0,56320747.0,8227560615.4,8304798316.5
sh600645,ST中源,2011-11-17,25.55,26.12,25.23,26.04,25.55,3455932.0,88822847.0,8385349449.12,8464068421.2
sh600645,ST中源,2011-11-18,26.02,26.4,25.41,25.55,26.04,2896558.0,75076558.0,8227560615.4,8304798316.5
sh600645,ST中源,2011-11-21,25.5,26.42,25.3,25.88,25.55,3426999.0,89028465.0,8333826564.64,8412061856.4
sh600645,ST中源,2011-11-22,25.77,26.15,24.8,25.47,25.88,4079509.0,103305255.0,8201799173.16,8278795034.1
sh600645,ST中源,2011-11-23,25.69,25.7,24.95,25.35,25.47,2020452.0,51092863.0,8163157009.8,8239790110.5
sh600645,ST中源,2011-11-24,25.0,25.47,25.0,25.21,25.35,1581355.0,39891444.0,8118074485.88,8194284366.3
sh600645,ST中源,2011-11-25,25.21,25.42,24.83,25.09,25.21,1472634.0,36909107.0,8079432322.52,8155279442.7
sh600645,ST中源,2011-11-28,25.1,25.25,24.98,25.19,25.09,1045493.0,26276343.0,8111634125.32,8187783545.7
sh600645,ST中源,2011-11-29,25.49,25.5,25.1,25.38,25.19,2222993.0,56264129.0,8172817550.64,8249541341.4
sh600645,ST中源,2011-11-30,25.33,25.88,24.7,24.94,25.38,2995458.0,75625534.0,8031129618.32,8106523288.2
sh600645,ST中源,2011-12-01,25.16,26.12,25.16,25.79,24.94,4975519.0,128282142.0,8304844942.12,8382808163.7
sh600645,ST中源,2011-12-02,25.74,26.12,25.45,25.67,25.79,2685115.0,69175329.0,8266202778.76,8343803240.1
sh600645,ST中源,2011-12-05,25.53,26.0,25.35,25.85,25.67,4314331.0,111514476.0,8324166023.8,8402310625.5
sh600645,ST中源,2011-12-06,25.88,25.88,25.2,25.52,25.85,2699557.0,68842535.0,8217900074.56,8295047085.6
sh600645,ST中源,2011-12-07,25.55,25.65,25.3,25.37,25.52,1491882.0,37975259.0,8169597370.36,8246290931.1
sh600645,ST中源,2011-12-08,25.37,25.8,25.1,25.52,25.37,1706541.0,43470529.0,8217900074.56,8295047085.6
sh600645,ST中源,2011-12-09,25.4,25.83,25.35,25.69,25.52,1638728.0,42076112.0,8272643139.32,8350304060.7
sh600645,ST中源,2011-12-12,25.8,25.8,24.41,24.41,25.69,4288210.0,106150394.0,7860460063.48,7934251542.3
sh600645,ST中源,2011-12-13,23.19,23.76,23.19,23.19,24.41,10580828.0,245609549.0,7467598069.32,7537701485.7
sh600645,ST中源,2011-12-14,22.3,23.39,22.2,23.09,23.19,3946749.0,90125996.0,7435396266.52,7505197382.7
sh600645,ST中源,2011-12-15,22.9,23.3,22.69,22.99,23.09,3082035.0,70675309.0,7403194463.72,7472693279.7
sh600645,ST中源,2011-12-16,23.05,23.25,22.72,23.21,22.99,3747873.0,86098586.0,7474038429.88,7544202306.3
sh600645,ST中源,2011-12-19,23.39,23.39,22.8,23.21,23.21,2244393.0,51691522.0,7474038429.88,7544202306.3
sh600645,ST中源,2011-12-20,23.0,23.36,22.51,22.75,23.21,1531386.0,35173747.0,7325910137.0,7394683432.5
sh600645,ST中源,2011-12-21,22.75,22.99,22.29,22.69,22.75,4114230.0,93331503.0,7306589055.32,7375180970.7
sh600645,ST中源,2011-12-22,22.25,22.88,22.25,22.73,22.69,3494163.0,79077664.0,7319469776.44,7388182611.9
sh600645,ST中源,2011-12-23,22.72,23.45,22.63,23.28,22.73,1952754.0,45220770.0,7496579691.84,7566955178.4
sh600645,ST中源,2011-12-26,23.01,23.81,23.01,23.68,23.28,3491267.0,82579988.0,7625386903.04,7696971590.4
sh600645,ST中源,2011-12-27,23.65,24.08,23.58,23.79,23.68,2755815.0,65682124.0,7660808886.12,7732726103.7
sh600645,ST中源,2011-12-28,23.58,24.0,23.3,23.84,23.79,2957673.0,70038739.0,7676909787.52,7748978155.2
sh600645,ST中源,2011-12-29,23.57,24.13,23.55,23.99,23.84,1753018.0,42039058.0,7725212491.72,7797734309.7
sh600645,ST中源,2011-12-30,24.13,24.38,22.79,22.79,23.99,3162338.0,74258087.0,7338790858.12,7407685073.7
sh600645,ST中源,2012-01-04,22.59,23.46,22.23,23.02,22.79,2832532.0,65193901.0,7412855004.56,7482444510.6
sh600645,ST中源,2012-01-05,22.98,23.34,22.78,23.1,23.02,3286014.0,75799344.0,7438616446.8,7508447793.0
sh600645,ST中源,2012-01-06,23.02,23.24,22.8,23.14,23.1,2323591.0,53577219.0,7451497167.92,7521449434.2
sh600645,ST中源,2012-01-09,23.14,23.46,23.06,23.43,23.14,1179289.0,27422033.0,7544882396.04,7615711332.9
sh600645,ST中源,2012-01-10,23.43,23.88,23.27,23.73,23.43,1454483.0,34332796.0,7641487804.44,7713223641.9
sh600645,ST中源,2012-01-11,23.6,23.75,23.5,23.55,23.73,1327391.0,31304969.0,7583524559.4,7654716256.5
sh600645,ST中源,2012-01-12,23.42,24.23,23.42,24.09,23.55,1657347.0,39526018.0,7757414294.52,7830238412.7
sh600645,ST中源,2012-01-13,24.6,24.6,23.55,23.97,24.09,2131626.0,50997524.0,7718772131.16,7791233489.1
sh600645,ST中源,2012-01-31,25.17,25.17,25.17,25.17,23.97,168696.0,4246078.0,8105193764.76,8181282725.1
sh600645,ST中源,2012-02-01,26.43,26.43,23.91,23.91,25.17,8440201.0,210636866.0,7699451049.48,7771731027.3
sh600645,ST中源,2012-02-02,22.72,23.8,22.72,23.48,23.91,4266703.0,99169558.0,7560983297.44,7631963384.4
sh600645,ST中源,2012-02-03,23.29,23.98,23.28,23.73,23.48,1577769.0,37384355.0,7641487804.44,7713223641.9
sh600645,ST中源,2012-02-06,23.88,23.96,23.31,23.75,23.73,1470164.0,34785073.0,7647928165.0,7719724462.5
sh600645,ST中源,2012-02-07,23.56,23.75,23.18,23.49,23.75,1100049.0,25769593.0,7564203477.72,7635213794.7
sh600645,ST中源,2012-02-08,23.55,23.6,23.28,23.54,23.49,1087012.0,25534156.0,7580304379.12,7651465846.2
sh600645,ST中源,2012-02-09,23.54,23.85,23.48,23.61,23.54,1087484.0,25683253.0,7602845641.08,7674218718.3
sh600645,ST中源,2012-02-10,23.6,23.85,23.54,23.62,23.61,1143787.0,27100647.0,7606065821.36,7677469128.6
sh600645,ST中源,2012-02-13,23.62,24.75,23.6,24.56,23.62,2987343.0,72757869.0,7908762767.68,7983007696.8
sh600645,ST中源,2012-02-14,24.56,25.38,24.56,25.31,24.56,2725760.0,67928482.0,8150276288.68,8226788469.3
sh600645,ST中源,2012-02-15,25.29,26.2,25.13,25.94,25.31,3474465.0,89682198.0,8353147646.32,8431564318.2
sh600645,ST中源,2012-02-16,25.91,26.45,25.66,25.92,25.94,2982858.0,77716768.0,8346707285.76,8425063497.6
sh600645,ST中源,2012-02-20,26.2,26.5,25.61,25.63,25.92,2400149.0,62384653.0,8253322057.64,8330801598.9
sh600645,ST中源,2012-02-21,25.56,26.19,25.32,26.04,25.63,2393845.0,62010089.0,8385349449.12,8464068421.2
sh600645,ST中源,2012-02-22,26.04,26.29,25.96,26.08,26.04,1799132.0,46990558.0,8398230170.24,8477070062.4
sh600645,ST中源,2012-02-23,25.92,26.39,25.92,26.06,26.08,2195447.0,57334192.0,8391789809.68,8470569241.8
sh600645,ST中源,2012-02-24,26.09,27.36,26.09,27.36,26.06,6744067.0,182417591.0,8810413246.08,8893122580.8
sh600645,ST中源,2012-02-27,27.78,28.69,27.4,27.62,27.36,6919136.0,194636046.0,8894137933.36,8977633248.6
sh600645,ST中源,2012-02-28,27.33,28.37,27.32,28.3,27.62,4034664.0,112704839.0,9113110192.4,9198661149.0
sh600645,ST中源,2012-02-29,28.45,28.55,27.75,27.97,28.3,2736218.0,76810710.0,9006844243.16,9091397609.1
sh600645,ST中源,2012-03-01,28.0,28.0,26.88,27.51,27.97,2698961.0,74056331.0,8858715950.28,8941878735.3
sh600645,ST中源,2012-03-02,27.51,28.0,27.41,27.8,27.51,1865343.0,51682781.0,8952101178.4,9036140634.0
sh600645,ST中源,2012-03-05,27.65,28.3,26.88,27.16,27.8,4410724.0,121182545.0,8746009640.48,8828114374.8
sh600645,ST中源,2012-03-06,27.03,27.14,26.3,26.45,27.16,2324022.0,61900705.0,8517376840.6,8597335243.5
sh600645,ST中源,2012-03-07,26.3,27.18,26.07,27.14,26.45,2432625.0,65401166.0,8739569279.92,8821613554.2
sh600645,ST中源,2012-03-08,27.18,27.33,26.89,26.96,27.14,1512681.0,40887928.0,8681606034.88,8763106168.8
sh600645,ST中源,2012-03-09,27.08,27.1,26.63,26.75,26.96,1858092.0,49854557.0,8613982249.0,8694847552.5
sh600645,ST中源,2012-03-12,26.75,27.02,26.31,26.59,26.75,2024344.0,54068037.0,8562459364.52,8642840987.7
sh600645,ST中源,2012-03-13,26.48,26.7,26.14,26.4,26.59,2587268.0,68285161.0,8501275939.2,8581083192.0
sh600645,ST中源,2012-03-14,26.41,27.72,26.41,26.9,26.4,5657846.0,153764010.0,8662284953.2,8743603707.0
sh600645,中源协和,2012-03-19,28.0,29.24,25.5,25.95,26.9,14792800.0,398245418.0,8356367826.6,8434814728.5
sh600645,中源协和,2012-03-20,25.66,26.44,24.8,26.06,25.95,7887743.0,203861023.0,8391789809.68,8470569241.8
sh600645,中源协和,2012-03-21,25.5,26.08,24.91,25.52,26.06,4913050.0,124364490.0,8217900074.56,8295047085.6
sh600645,中源协和,2012-03-22,25.43,25.89,24.05,24.41,25.52,4037932.0,100460778.0,7860460063.48,7934251542.3
sh600645,中源协和,2012-03-23,24.29,24.48,22.88,23.9,24.41,4734710.0,112327025.0,7696230869.2,7768480617.0
sh600645,中源协和,2012-03-26,23.92,26.29,23.88,25.89,23.9,7813134.0,200423742.0,8337046744.92,8415312266.7
sh600645,中源协和,2012-03-27,25.69,27.38,25.6,26.94,25.89,7763036.0,207742020.0,8675165674.32,8756605348.2
sh600645,中源协和,2012-03-28,26.8,27.15,25.87,26.05,26.94,4984839.0,132010152.0,8388569629.4,8467318831.5
sh600645,中源协和,2012-03-29,26.0,28.0,26.0,27.11,26.05,8586561.0,233910829.0,8729908739.08,8811862323.3
sh600645,中源协和,2012-03-30,27.32,29.8,27.15,28.24,27.11,14757485.0,421464450.0,9093789110.72,9179158687.2
sh600645,中源协和,2012-04-05,27.89,28.22,27.3,28.05,28.24,6131818.0,170635396.0,9032605685.4,9117400891.5
sh600645,中源协和,2012-04-06,27.81,28.99,27.3,27.96,28.05,7151676.0,201524405.0,9003624062.88,9088147198.8
sh600645,中源协和,2012-04-09,27.7,28.2,27.37,27.62,27.96,5047979.0,140594725.0,8894137933.36,8977633248.6
sh600645,中源协和,2012-04-10,27.45,27.67,24.86,26.85,27.62,9294860.0,243797560.0,8646184051.8,8727351655.5
sh600645,中源协和,2012-04-11,26.12,26.8,25.61,26.24,26.85,3221150.0,84335325.0,8449753054.72,8529076627.2
sh600645,中源协和,2012-04-12,26.1,26.65,25.7,26.4,26.24,3142534.0,82329535.0,8501275939.2,8581083192.0
sh600645,中源协和,2012-04-13,26.4,28.48,26.3,28.23,26.4,6041876.0,167283912.0,9090568930.44,9175908276.9
sh600645,中源协和,2012-04-16,28.0,28.29,27.58,27.88,28.23,3062626.0,85379923.0,8977862620.64,9062143916.4
sh600645,中源协和,2012-04-17,27.9,28.44,27.72,27.86,27.88,2730081.0,76384769.0,8971422260.08,9055643095.8
sh600645,中源协和,2012-04-18,27.52,27.89,26.2,27.15,27.86,6694125.0,180349722.0,8742789460.2,8824863964.5
sh600645,中源协和,2012-04-19,26.61,27.98,26.61,27.46,27.15,7518638.0,206768379.0,8842615048.88,8925626683.8
sh600645,中源协和,2012-04-20,27.6,27.74,26.78,26.88,27.46,3867293.0,104572491.0,8655844592.64,8737102886.4
sh600645,中源协和,2012-04-23,26.5,26.88,26.0,26.11,26.88,4152378.0,109072301.0,8407890711.08,8486821293.3
sh600645,中源协和,2012-04-24,26.0,26.35,25.4,26.29,26.11,3498640.0,90249175.0,8465853956.12,8545328678.7
sh600645,中源协和,2012-04-25,26.01,26.57,25.82,26.08,26.29,2077294.0,54321935.0,8398230170.24,8477070062.4
sh600645,中源协和,2012-04-27,25.88,26.84,25.7,26.47,26.08,3024942.0,79346369.0,8523817201.16,8603836064.1
sh600645,中源协和,2012-05-02,27.0,27.0,26.15,26.6,26.47,3901735.0,103952353.0,8565679544.8,8646091398.0
sh600645,中源协和,2012-05-03,26.5,26.8,25.88,26.03,26.6,2490960.0,65324461.0,8382129268.84,8460818010.9
sh600645,中源协和,2012-05-04,26.05,26.16,25.69,26.06,26.03,3131113.0,81255681.0,8391789809.68,8470569241.8
sh600645,中源协和,2012-05-07,26.02,26.45,26.0,26.27,26.06,2207800.0,57788381.0,8459413595.56,8538827858.1
sh600645,中源协和,2012-05-08,26.15,26.35,25.6,25.64,26.27,2581393.0,66661299.0,8256542237.92,8334052009.2
sh600645,中源协和,2012-05-09,25.51,25.97,25.4,25.69,25.64,1814433.0,46605652.0,8272643139.32,8350304060.7
sh600645,中源协和,2012-05-10,25.88,25.88,25.49,25.57,25.69,1675900.0,42898355.0,8234000975.96,8311299137.1
sh600645,中源协和,2012-05-11,25.27,25.59,24.98,24.99,25.57,2516324.0,63547939.0,8047230519.72,8122775339.7
sh600645,中源协和,2012-05-14,25.0,26.12,24.4,25.48,24.99,3445514.0,87186418.0,8205019353.44,8282045444.4
sh600645,中源协和,2012-05-15,25.31,25.89,25.31,25.81,25.48,2273178.0,58348419.0,8311285302.68,8389308984.3
sh600645,中源协和,2012-05-16,25.86,25.86,25.29,25.34,25.81,1413494.0,36184083.0,8159936829.52,8236539700.2
sh600645,中源协和,2012-05-17,25.59,25.59,25.22,25.26,25.34,1415842.0,35950233.0,8134175387.28,8210536417.8
sh600645,中源协和,2012-05-18,25.26,25.48,24.5,25.4,25.26,2545817.0,63501162.0,8179257911.2,8256042162.0
sh600645,中源协和,2012-05-21,25.18,25.18,24.75,24.98,25.4,1563654.0,38993440.0,8044010339.44,8119524929.4
sh600645,中源协和,2012-05-22,24.96,25.08,24.77,24.99,24.98,1330100.0,33121060.0,8047230519.72,8122775339.7
sh600645,中源协和,2012-05-23,25.03,25.03,24.42,24.46,24.99,1761381.0,43407790.0,7876560964.88,7950503593.8
sh600645,中源协和,2012-05-24,24.38,24.58,23.99,24.05,24.46,1809679.0,43837624.0,7744533573.4,7817236771.5
sh600645,中源协和,2012-05-25,24.0,24.57,23.5,24.44,24.05,3108152.0,74878166.0,7870120604.32,7944002773.2
sh600645,中源协和,2012-05-28,24.4,24.5,23.7,24.11,24.44,2081405.0,50052198.0,7763854655.08,7836739233.3
sh600645,中源协和,2012-05-29,24.0,24.97,23.72,24.82,24.11,3088074.0,75783517.0,7992487454.96,8067518364.6
sh600645,中源协和,2012-05-30,24.89,25.14,24.76,25.07,24.82,2542407.0,63475415.0,8072991961.96,8148778622.1
sh600645,中源协和,2012-05-31,25.0,25.1,24.8,24.85,25.07,1645569.0,41023092.0,8002147995.8,8077269595.5
sh600645,中源协和,2012-06-01,25.0,25.0,24.2,24.66,24.85,2590822.0,63406491.0,7940964570.48,8015511799.8
sh600645,中源协和,2012-06-04,24.5,24.5,23.63,23.99,24.66,2028300.0,48720550.0,7725212491.72,7797734309.7
sh600645,中源协和,2012-06-05,24.18,24.18,23.4,23.65,23.99,1687339.0,39980520.0,7615726362.2,7687220359.5
sh600645,中源协和,2012-06-06,23.6,23.96,23.4,23.74,23.65,1331277.0,31485434.0,7644707984.72,7716474052.2
sh600645,中源协和,2012-06-07,23.9,23.99,23.41,23.55,23.74,928916.0,21968020.0,7583524559.4,7654716256.5
sh600645,中源协和,2012-06-08,23.69,23.75,23.28,23.29,23.55,897729.0,21084005.0,7499799872.12,7570205588.7
sh600645,中源协和,2012-06-11,23.4,23.75,22.82,23.6,23.29,1598821.0,37271236.0,7599625460.8,7670968308.0
sh600645,中源协和,2012-06-12,23.55,23.69,23.01,23.24,23.6,781056.0,18251455.0,7483698970.72,7553953537.2
sh600645,中源协和,2012-06-13,23.3,23.39,22.95,23.28,23.24,1403211.0,32460303.0,7496579691.84,7566955178.4
sh600645,中源协和,2012-06-14,23.27,24.15,22.94,23.9,23.28,2961239.0,69702712.0,7696230869.2,7768480617.0
sh600645,中源协和,2012-06-15,23.91,24.39,23.67,24.33,23.9,3995543.0,95990091.0,7834698621.24,7908248259.9
sh600645,中源协和,2012-06-18,24.68,24.73,23.88,24.57,24.33,2989693.0,72638119.0,7911982947.96,7986258107.1
sh600645,中源协和,2012-06-25,24.39,26.1,24.01,24.66,24.57,5601428.0,141300788.0,7940964570.48,8015511799.8
sh600645,中源协和,2012-06-26,24.2,24.5,23.41,24.21,24.66,2134034.0,51203797.0,7796056457.88,7869243336.3
sh600645,中源协和,2012-06-27,24.05,25.41,24.05,25.19,24.21,3607450.0,90540386.0,8111634125.32,8187783545.7
sh600645,中源协和,2012-06-28,25.1,25.39,24.61,24.91,25.19,1934317.0,48239356.0,8021469077.48,8096772057.3
sh600645,中源协和,2012-06-29,24.78,25.49,24.7,25.3,24.91,1719972.0,43195065.0,8147056108.4,8223538059.0
sh600645,中源协和,2012-07-02,25.64,25.75,24.38,24.49,25.3,2893845.0,72071908.0,7886221505.72,7960254824.7
sh600645,中源协和,2012-07-03,24.48,24.48,23.53,23.68,24.49,2419135.0,57949569.0,7625386903.04,7696971590.4
sh600645,中源协和,2012-07-04,23.57,23.86,23.32,23.54,23.68,1377844.0,32579048.0,7580304379.12,7651465846.2
sh600645,中源协和,2012-07-05,23.55,23.72,23.4,23.57,23.54,1127128.0,26561014.0,7589964919.96,7661217077.1
sh600645,中源协和,2012-07-06,23.66,24.02,23.5,23.64,23.57,1870380.0,44348609.0,7612506181.92,7683969949.2
sh600645,中源协和,2012-07-09,23.6,23.79,22.88,23.02,23.64,1609695.0,37630090.0,7412855004.56,7482444510.6
sh600645,中源协和,2012-07-10,23.05,23.05,20.72,20.72,23.02,5129229.0,109458005.0,6680281410.88,6734850141.6
sh600645,中源协和,2012-07-11,19.99,19.99,18.65,19.76,20.72,6125901.0,118577930.0,6370770303.04,6422810752.8
sh600645,中源协和,2012-07-12,19.72,19.72,18.66,19.33,19.76,4164531.0,79698425.0,6232135119.32,6283043109.9
sh600645,中源协和,2012-07-13,19.3,20.52,19.2,20.2,19.33,2924584.0,58801443.0,6512629560.8,6565828806.0
sh600645,中源协和,2012-07-16,20.3,20.5,18.6,18.93,20.2,3433236.0,66235706.0,6103172157.72,6153026697.9
sh600645,中源协和,2012-07-17,19.1,19.5,18.98,19.24,18.93,1667038.0,32092017.0,6203118452.96,6253789417.2
sh600645,中源协和,2012-07-18,19.07,19.48,18.81,19.09,19.24,1804133.0,34515822.0,6154757342.36,6205033262.7
sh600645,中源协和,2012-07-19,19.29,19.39,19.07,19.2,19.09,2027436.0,38915016.0,6190222156.8,6240787776.0
sh600645,中源协和,2012-07-20,19.3,19.35,19.0,19.21,19.2,1782484.0,34138201.0,6193446230.84,6244038186.3
sh600645,中源协和,2012-07-23,19.0,19.0,18.33,18.42,19.21,2863776.0,53513768.0,5938744381.68,5987255772.6
sh600645,中源协和,2012-07-24,17.79,18.41,17.57,18.31,18.42,3552510.0,63689721.0,5903279567.24,5951501259.3
sh600645,中源协和,2012-07-25,18.11,18.62,17.95,18.42,18.31,1923533.0,35210437.0,5938744381.68,5987255772.6
sh600645,中源协和,2012-07-26,18.31,18.55,17.8,17.88,18.42,1683000.0,30552790.0,5764644383.52,5811733616.4
sh600645,中源协和,2012-07-27,17.82,17.96,16.12,17.02,17.88,4818529.0,81727695.0,5487374016.08,5532198330.6
sh600645,中源协和,2012-07-30,17.0,17.95,17.0,17.21,17.02,3409134.0,59516340.0,5548631422.84,5593956126.3
sh600645,中源协和,2012-07-31,17.25,17.35,15.75,15.97,17.21,5111075.0,82228508.0,5148846241.88,5190905249.1
sh600645,中源协和,2012-08-01,15.85,16.02,14.9,15.85,15.97,6550664.0,100500631.0,5110157353.4,5151900325.5
sh600645,中源协和,2012-08-02,15.39,15.68,14.98,15.33,15.85,4014746.0,61695155.0,4942505503.32,4982878989.9
sh600645,中源协和,2012-08-03,15.4,15.8,14.95,15.6,15.33,3414859.0,52793202.0,5029555502.4,5070640068.0
sh600645,中源协和,2012-08-06,15.53,16.19,15.33,16.06,15.6,3825785.0,60395131.0,5177862908.24,5220158941.8
sh600645,中源协和,2012-08-07,16.06,17.67,16.06,17.64,16.06,6866025.0,116955965.0,5687266606.56,5733723769.2
sh600645,中源协和,2012-08-08,17.73,17.73,16.98,17.29,17.64,5198702.0,90124697.0,5574424015.16,5619959408.7
sh600645,中源协和,2012-08-09,17.2,17.75,17.06,17.6,17.29,3540009.0,61932070.0,5674370310.4,5720722128.0
sh600645,中源协和,2012-08-10,17.48,18.47,17.28,18.15,17.6,4360805.0,78956359.0,5851694382.6,5899494694.5
sh600645,中源协和,2012-08-13,18.05,18.37,17.3,17.48,18.15,3615876.0,64265441.0,5635681421.92,5681717204.4
sh600645,中源协和,2012-08-14,17.28,17.55,16.82,17.49,17.48,2603451.0,44733261.0,5638905495.96,5684967614.7
sh600645,中源协和,2012-08-15,17.11,17.35,17.05,17.21,17.49,1491909.0,25623236.0,5548631422.84,5593956126.3
sh600645,中源协和,2012-08-16,17.15,17.43,16.9,17.02,17.21,1649563.0,28259220.0,5487374016.08,5532198330.6
sh600645,中源协和,2012-08-17,17.02,17.4,16.92,17.13,17.02,1005897.0,17259031.0,5522838830.52,5567952843.9
sh600645,中源协和,2012-08-20,17.07,17.13,16.77,16.95,17.13,1129893.0,19140032.0,5464805497.8,5509445458.5
sh600645,中源协和,2012-08-21,16.9,17.45,16.88,17.15,16.95,1457783.0,25039841.0,5529286978.6,5574453664.5
sh600645,中源协和,2012-08-22,17.39,17.58,16.98,17.14,17.15,1606473.0,27668519.0,5526062904.56,5571203254.2
sh600645,中源协和,2012-08-23,17.15,17.3,17.02,17.22,17.14,1038738.0,17832594.0,5551855496.88,5597206536.6
sh600645,中源协和,2012-08-24,17.25,17.3,16.9,16.98,17.22,1140693.0,19459925.0,5474477719.92,5519196689.4
sh600645,中源协和,2012-08-27,17.03,17.53,16.84,16.92,16.98,3377282.0,58116897.0,5455133275.68,5499694227.6
sh600645,中源协和,2012-09-04,17.2,17.65,16.2,16.51,16.92,5135636.0,86668197.0,5322946240.04,5366427405.3
sh600645,中源协和,2012-09-05,16.25,16.68,15.6,16.41,16.51,1799579.0,29122467.0,5290705499.64,5333923302.3
sh600645,中源协和,2012-09-06,16.4,16.76,16.26,16.62,16.41,1777836.0,29359749.0,5358411054.48,5402181918.6
sh600645,中源协和,2012-09-07,16.55,17.4,16.55,17.34,16.62,3763271.0,64705634.0,5590544385.36,5636211460.2
sh600645,中源协和,2012-09-10,17.34,17.88,17.34,17.87,17.34,3274561.0,57904092.0,5761420309.48,5808483206.1
sh600645,中源协和,2012-09-11,17.63,17.94,17.52,17.88,17.87,2348310.0,41799026.0,5764644383.52,5811733616.4
sh600645,中源协和,2012-09-12,17.92,18.15,17.55,17.68,17.88,1779736.0,31706687.0,5700162902.72,5746725410.4
sh600645,中源协和,2012-09-13,17.63,17.86,17.3,17.41,17.68,2683454.0,47105869.0,5613112903.64,5658964332.3
sh600645,中源协和,2012-09-14,17.55,17.95,17.42,17.71,17.41,3506307.0,62285959.0,5709835124.84,5756476641.3
sh600645,中源协和,2012-09-17,17.6,17.71,17.02,17.05,17.71,2885456.0,49829581.0,5497046238.2,5541949561.5
sh600645,中源协和,2012-09-18,17.03,17.22,16.81,16.92,17.05,1125982.0,19173863.0,5455133275.68,5499694227.6
sh600645,中源协和,2012-09-19,16.9,17.15,16.86,17.02,16.92,857875.0,14557924.0,5487374016.08,5532198330.6
sh600645,中源协和,2012-09-20,16.95,17.1,16.2,16.32,17.02,2166535.0,36249998.0,5261688833.28,5304669609.6
sh600645,中源协和,2012-09-21,16.32,16.55,16.13,16.15,16.32,1210230.0,19796254.0,5206879574.6,5249412634.5
sh600645,中源协和,2012-09-24,16.23,16.6,15.7,16.41,16.15,2939236.0,47636588.0,5290705499.64,5333923302.3
sh600645,中源协和,2012-09-25,16.37,16.47,15.8,15.97,16.41,1998998.0,32302990.0,5148846241.88,5190905249.1
sh600645,中源协和,2012-09-26,15.96,16.03,15.06,15.68,15.97,2039748.0,31545648.0,5055348094.72,5096643350.4
sh600645,中源协和,2012-09-27,15.64,16.06,15.51,16.0,15.68,1752739.0,27704319.0,5158518464.0,5200656480.0
sh600645,中源协和,2012-09-28,15.99,16.39,15.8,16.28,16.0,1148546.0,18516688.0,5248792537.12,5291667968.4
sh600645,中源协和,2012-10-08,16.15,16.36,15.92,15.97,16.28,864471.0,13905738.0,5148846241.88,5190905249.1
sh600645,中源协和,2012-10-09,17.57,17.57,16.74,16.99,15.97,10110294.0,173403593.0,5477701793.96,5522447099.7
sh600645,中源协和,2012-10-10,17.0,18.69,16.85,18.69,16.99,18600090.0,338257558.0,6025794380.76,6075016850.7
sh600645,中源协和,2012-10-11,18.8,19.96,18.1,18.24,18.69,20451287.0,389685201.0,5880711048.96,5928748387.2
sh600645,中源协和,2012-10-12,18.62,19.3,18.12,18.67,18.24,12415553.0,233258559.0,6019346232.68,6068516030.1
sh600645,中源协和,2012-10-15,18.5,18.52,17.1,18.02,18.67,8669726.0,154415954.0,5809781420.08,5857239360.6
sh600645,中源协和,2012-10-16,17.77,18.07,17.5,17.67,18.02,4506877.0,80298117.0,5696938828.68,5743475000.1
sh600645,中源协和,2012-10-17,17.63,18.05,17.55,17.75,17.67,4191162.0,74539244.0,5722731421.0,5769478282.5
sh600645,中源协和,2012-10-18,17.78,17.99,17.58,17.98,17.75,4246660.0,75700535.0,5796885123.92,5844237719.4
sh600645,中源协和,2012-10-19,17.97,17.97,17.31,17.4,17.98,5563551.0,97930556.0,5609888829.6,5655713922.0
sh600645,中源协和,2012-10-22,17.25,18.09,17.15,18.02,17.4,5333196.0,95121221.0,5809781420.08,5857239360.6
sh600645,中源协和,2012-10-23,17.95,18.38,17.59,17.66,18.02,3503132.0,62385603.0,5693714754.64,5740224589.8
sh600645,中源协和,2012-10-24,17.49,17.66,17.41,17.56,17.66,2138813.0,37483244.0,5661474014.24,5707720486.8
sh600645,中源协和,2012-10-25,17.45,17.95,17.41,17.57,17.56,2441400.0,43291426.0,5664698088.28,5710970897.1
sh600645,中源协和,2012-10-26,17.52,18.34,17.45,18.07,17.57,6153857.0,109994473.0,5825901790.28,5873491412.1
sh600645,中源协和,2012-10-29,18.0,18.68,17.82,18.59,18.07,6184792.0,113991636.0,5993553640.36,6042512747.7
sh600645,中源协和,2012-10-30,18.51,19.1,18.26,18.82,18.59,6344027.0,118391264.0,6067707343.28,6117272184.6
sh600645,中源协和,2012-10-31,18.82,18.97,18.26,18.46,18.82,4637416.0,85889813.0,5951640677.84,6000257413.8
sh600645,中源协和,2012-11-01,18.56,18.75,18.3,18.69,18.46,3956930.0,73512121.0,6025794380.76,6075016850.7
sh600645,中源协和,2012-11-02,19.0,19.25,18.65,19.02,18.69,5849705.0,111288146.0,6132188824.08,6182280390.6
sh600645,中源协和,2012-11-05,19.99,20.48,19.02,19.34,19.02,13441217.0,263528064.0,6235359193.36,6286293520.2
sh600645,中源协和,2012-11-06,19.46,19.49,18.13,18.24,19.34,9792081.0,181856705.0,5880711048.96,5928748387.2
sh600645,中源协和,2012-11-07,18.04,18.34,17.85,17.95,18.24,3550015.0,64102094.0,5787212901.8,5834486488.5
sh600645,中源协和,2012-11-08,17.93,18.14,17.67,17.98,17.95,3596312.0,64277550.0,5796885123.92,5844237719.4
sh600645,中源协和,2012-11-09,17.9,18.12,17.73,17.79,17.98,2352326.0,42179786.0,5735627717.16,5782479923.7
sh600645,中源协和,2012-11-12,17.75,18.06,17.55,17.77,17.79,2195998.0,39101981.0,5729179569.08,5775979103.1
sh600645,中源协和,2012-11-13,17.77,17.85,16.97,17.0,17.77,3187158.0,55517778.0,5480925868.0,5525697510.0
sh600645,中源协和,2012-11-14,16.9,16.94,16.28,16.61,17.0,3159585.0,52362267.0,5355186980.44,5398931508.3
sh600645,中源协和,2012-11-15,16.39,16.89,16.25,16.48,16.61,1658116.0,27584998.0,5313274017.92,5356676174.4
sh600645,中源协和,2012-11-16,16.49,16.68,16.36,16.65,16.48,1541803.0,25536987.0,5368083276.6,5411933149.5
sh600645,中源协和,2012-11-19,16.45,16.64,16.26,16.6,16.65,1556994.0,25614287.0,5351962906.4,5395681098.0
sh600645,中源协和,2012-11-20,16.7,16.7,16.51,16.56,16.6,1101391.0,18285816.0,5339066610.24,5382679456.8
sh600645,中源协和,2012-11-21,16.69,16.85,16.49,16.8,16.56,1417684.0,23658856.0,5416444387.2,5460689304.0
sh600645,中源协和,2012-11-22,16.66,17.05,16.63,16.85,16.8,1701833.0,28738496.0,5432564757.4,5476941355.5
sh600645,中源协和,2012-11-23,16.91,16.91,16.68,16.76,16.85,864552.0,14484079.0,5403548091.04,5447687662.8
sh600645,中源协和,2012-11-26,16.76,16.79,16.2,16.23,16.76,1867961.0,30658630.0,5232672166.92,5275415916.9
sh600645,中源协和,2012-11-27,16.0,16.23,15.5,15.52,16.23,2264416.0,35867823.0,5003762910.08,5044636785.6
sh600645,中源协和,2012-11-28,15.49,15.56,15.08,15.38,15.52,1430618.0,21953969.0,4958625873.52,4999131041.4
sh600645,中源协和,2012-11-29,15.31,15.68,15.31,15.41,15.38,1470888.0,22740243.0,4968298095.64,5008882272.3
sh600645,中源协和,2012-11-30,15.49,15.51,15.36,15.43,15.41,726872.0,11229565.0,4974746243.72,5015383092.9
sh600645,中源协和,2012-12-03,15.38,15.4,14.36,14.47,15.43,3171909.0,46808715.0,4665235135.88,4703343704.1
sh600645,中源协和,2012-12-04,14.36,15.3,14.2,14.8,14.47,2011689.0,29716025.0,4771629579.2,4810607244.0
sh600645,中源协和,2012-12-05,14.72,15.66,14.7,15.44,14.8,3057941.0,46867086.0,4977970317.76,5018633503.2
sh600645,中源协和,2012-12-06,15.26,15.5,15.01,15.22,15.44,3177716.0,48064350.0,4907040688.88,4947124476.6
sh600645,中源协和,2012-12-07,15.21,15.91,15.09,15.81,15.22,2395962.0,37054616.0,5097261057.24,5138898684.3
sh600645,中源协和,2012-12-10,15.57,15.95,15.53,15.87,15.81,1799358.0,28405199.0,5116605501.48,5158401146.1
sh600645,中源协和,2012-12-11,16.06,16.22,15.75,15.8,15.87,1952493.0,31239007.0,5094036983.2,5135648274.0
sh600645,中源协和,2012-12-12,15.63,15.79,15.11,15.44,15.8,1758710.0,27146207.0,4977970317.76,5018633503.2
sh600645,中源协和,2012-12-13,15.4,15.61,14.98,15.0,15.44,1731593.0,26289557.0,4836111060.0,4875615450.0
sh600645,中源协和,2012-12-14,14.98,15.79,14.95,15.53,15.0,2492062.0,38426185.0,5006986984.12,5047887195.9
sh600645,中源协和,2012-12-17,15.45,16.76,15.45,16.46,15.53,5025352.0,81415494.0,5306825869.84,5350175353.8
sh600645,中源协和,2012-12-18,16.46,16.83,16.2,16.63,16.46,4121591.0,68304686.0,5361635128.52,5405432328.9
sh600645,中源协和,2012-12-19,16.7,16.7,16.34,16.38,16.63,2709888.0,44535517.0,5281033277.52,5324172071.4
sh600645,中源协和,2012-12-20,16.37,16.53,16.22,16.36,16.38,1885015.0,30851338.0,5274585129.44,5317671250.8
sh600645,中源协和,2012-12-21,16.36,16.75,16.22,16.54,16.36,2568851.0,42569095.0,5332618462.16,5376178636.2
sh600645,中源协和,2012-12-24,16.46,16.62,16.1,16.36,16.54,2328230.0,38099850.0,5274585129.44,5317671250.8
sh600645,中源协和,2012-12-25,16.37,17.05,16.26,16.96,16.36,4208325.0,70721521.0,5468029571.84,5512695868.8
sh600645,中源协和,2012-12-26,16.9,17.4,16.86,16.89,16.96,3252083.0,55433800.0,5445461053.56,5489942996.7
sh600645,中源协和,2012-12-27,16.88,17.56,16.59,17.21,16.89,3986398.0,68136703.0,5548631422.84,5593956126.3
sh600645,中源协和,2012-12-28,17.19,17.45,17.0,17.34,17.21,2722935.0,46978876.0,5590544385.36,5636211460.2
sh600645,中源协和,2012-12-31,17.28,18.13,17.25,17.94,17.34,5165750.0,92091981.0,5783988827.76,5831236078.2
sh600645,中源协和,2013-01-04,18.02,18.4,17.8,18.17,17.94,3809307.0,69110403.0,5858142530.68,5905995515.1
sh600645,中源协和,2013-01-07,18.68,18.88,17.92,18.2,18.17,4751073.0,86975563.0,5867814752.8,5915746746.0
sh600645,中源协和,2013-01-08,18.03,18.69,18.03,18.46,18.2,7560122.0,138708747.0,5951640677.84,6000257413.8
sh600645,中源协和,2013-01-09,18.4,18.4,17.92,18.14,18.46,2888270.0,52340128.0,5848470308.56,5896244284.2
sh600645,中源协和,2013-01-10,18.15,18.64,17.99,18.51,18.14,3456029.0,63745940.0,5967761048.04,6016509465.3
sh600645,中源协和,2013-01-11,18.51,18.65,17.56,17.84,18.51,3563220.0,64181616.0,5751748087.36,5798731975.2
sh600645,中源协和,2013-01-14,17.8,18.4,17.67,18.26,17.84,4299326.0,77695271.0,5887159197.04,5935249207.8
sh600645,中源协和,2013-01-15,18.26,18.44,18.1,18.25,18.26,4498399.0,82144724.0,5883935123.0,5931998797.5
sh600645,中源协和,2013-01-16,18.25,18.28,17.7,17.97,18.25,3636187.0,65498504.0,5793661049.88,5840987309.1
sh600645,中源协和,2013-01-17,17.95,18.37,17.92,18.15,17.97,3799766.0,68902494.0,5851694382.6,5899494694.5
sh600645,中源协和,2013-01-18,18.13,18.88,18.06,18.77,18.15,6378959.0,119185024.0,6051586973.08,6101020133.1
sh600645,中源协和,2013-01-21,18.8,18.85,18.53,18.68,18.77,3059937.0,57083102.0,6022570306.72,6071766440.4
sh600645,中源协和,2013-01-22,18.75,18.75,17.93,18.08,18.68,3672257.0,67143853.0,5829125864.32,5876741822.4
sh600645,中源协和,2013-01-23,18.08,18.14,17.57,17.82,18.08,2710965.0,48304045.0,5745299939.28,5792231154.6
sh600645,中源协和,2013-01-24,17.82,17.99,17.1,17.22,17.82,3197538.0,55983773.0,5551855496.88,5597206536.6
sh600645,中源协和,2013-01-25,17.25,17.8,17.12,17.79,17.22,2082643.0,36205197.0,5735627717.16,5782479923.7
sh600645,中源协和,2013-01-28,17.75,18.59,17.55,18.57,17.79,3967876.0,72701450.0,5987105492.28,6036011927.1
sh600645,中源协和,2013-01-29,18.41,18.87,18.41,18.68,18.57,4863589.0,90726680.0,6022570306.72,6071766440.4
sh600645,中源协和,2013-01-30,18.71,20.55,18.55,20.55,18.68,14037005.0,280051387.0,6625472152.2,6679593166.5
sh600645,中源协和,2013-01-31,20.89,21.48,20.39,21.04,20.55,19818419.0,414577443.0,6783451780.16,6838863271.2
sh600645,中源协和,2013-02-01,20.79,20.95,20.11,20.59,21.04,10945664.0,224463184.0,6638368448.36,6692594807.7
sh600645,中源协和,2013-02-04,20.3,20.67,19.55,19.81,20.59,9452249.0,188661757.0,6386890673.24,6439062804.3
sh600645,中源协和,2013-02-05,19.56,21.79,19.5,21.75,19.81,17105994.0,362961183.0,7012361037.0,7069642402.5
sh600645,中源协和,2013-02-06,21.3,23.75,21.17,22.76,21.75,17233868.0,386151980.0,7337992515.04,7397933842.8
sh600645,中源协和,2013-02-07,22.5,23.8,22.32,22.82,22.76,8877188.0,204526309.0,7357336959.28,7417436304.6
sh600645,中源协和,2013-02-08,22.7,23.68,22.7,23.17,22.82,6014872.0,139424298.0,7470179550.68,7531200665.1
sh600645,中源协和,2013-02-18,23.29,24.75,23.29,24.1,23.17,7443643.0,179320834.0,7770018436.4,7833488823.0
sh600645,中源协和,2013-02-19,23.83,24.68,23.4,24.35,24.1,8436435.0,202755985.0,7850620287.4,7914749080.5
sh600645,中源协和,2013-02-20,24.18,24.9,24.04,24.41,24.35,6553191.0,160310915.0,7869964731.64,7934251542.3
sh600645,中源协和,2013-02-21,24.57,24.75,23.3,23.64,24.41,8627695.0,206979801.0,7621711030.56,7683969949.2
sh600645,中源协和,2013-02-22,23.61,24.17,23.33,23.94,23.64,6826826.0,162182007.0,7718433251.76,7781482258.2
sh600645,中源协和,2013-02-25,23.67,23.67,21.65,22.92,23.94,14871454.0,334794588.0,7389577699.68,7449940407.6
sh600645,中源协和,2013-02-26,22.49,24.49,22.37,23.48,22.92,11598489.0,275253077.0,7570125845.92,7631963384.4
sh600645,中源协和,2013-02-27,23.75,25.59,23.75,25.12,23.48,16888790.0,422872075.0,8098873988.48,8165030673.6
sh600645,中源协和,2013-02-28,25.19,25.96,25.05,25.61,25.12,7530108.0,192559360.0,8256853616.44,8324300778.3
sh600645,中源协和,2013-03-01,25.81,28.17,25.7,28.17,25.61,16990604.0,470251634.0,9082216570.68,9156405815.1
sh600645,中源协和,2013-03-04,28.1,29.28,27.37,27.91,28.17,14580910.0,411749812.0,8998390645.64,9071895147.3
sh600645,中源协和,2013-03-05,28.5,29.34,28.11,28.97,27.91,12226812.0,351983518.0,9340142493.88,9416438639.1
sh600645,中源协和,2013-03-06,29.0,29.37,28.01,29.02,28.97,9196889.0,265480606.0,9356262864.08,9432690690.6
sh600645,中源协和,2013-03-07,28.81,29.45,28.04,29.32,29.02,13445166.0,387347741.0,9452985085.28,9530202999.6
sh600645,中源协和,2013-03-08,29.0,29.38,26.39,26.39,29.32,19204694.0,524689213.0,8508331391.56,8577832781.7
sh600645,中源协和,2013-03-11,25.79,27.33,25.08,26.72,26.39,13307169.0,347410962.0,8614725834.88,8685096321.6
sh600645,中源协和,2013-03-12,26.51,26.89,24.68,25.03,26.72,11922178.0,303234174.0,8069857322.12,8135776980.9
sh600645,中源协和,2013-03-13,24.93,25.31,24.73,25.1,25.03,4738523.0,118840116.0,8092425840.4,8158529853.0
sh600645,中源协和,2013-03-14,25.25,26.72,25.2,26.17,25.1,7918661.0,207142724.0,8437401762.68,8506323755.1
sh600645,中源协和,2013-03-15,26.56,26.57,25.32,25.65,26.17,5610336.0,144716470.0,8269749912.6,8337302419.5
sh600645,中源协和,2013-03-18,25.7,25.87,24.7,24.96,25.65,4226828.0,106579468.0,8047288803.84,8113024108.8
sh600645,中源协和,2013-03-19,25.3,25.48,24.4,24.79,24.96,3221255.0,80245268.0,7992479545.16,8057767133.7
sh600645,中源协和,2013-03-20,24.78,25.91,24.78,25.67,24.79,5555783.0,140922365.0,8276198060.68,8343803240.1
sh600645,中源协和,2013-03-21,25.65,26.67,25.62,26.65,25.67,6945791.0,183085735.0,8592157316.6,8662343449.5
sh600645,中源协和,2013-03-22,26.56,27.3,26.5,26.99,26.65,4558251.0,122675034.0,8701775833.96,8772857399.7
sh600645,中源协和,2013-03-25,26.95,26.98,25.3,26.02,26.99,8942363.0,231956498.0,8389040652.08,8457567600.6
sh600645,中源协和,2013-03-26,25.8,25.87,24.91,25.57,26.02,4254978.0,107942444.0,8243957320.28,8311299137.1
sh600645,中源协和,2013-03-27,25.68,26.2,25.41,26.17,25.57,4591895.0,118869164.0,8437401762.68,8506323755.1
sh600645,中源协和,2013-03-28,25.84,26.47,25.04,25.9,26.17,5974055.0,154893315.0,8350351763.6,8418562677.0
sh600645,中源协和,2013-03-29,25.71,25.96,24.3,24.76,25.9,6950424.0,172829095.0,7982807323.04,8048015902.8
sh600645,中源协和,2013-04-01,24.86,25.85,24.76,25.34,24.76,4749399.0,120775635.0,8169803617.36,8236539700.2
sh600645,中源协和,2013-04-02,25.5,25.66,24.81,24.93,25.34,3352664.0,84338564.0,8037616581.72,8103272877.9
sh600645,中源协和,2013-04-03,25.17,25.3,24.48,24.68,24.93,2281336.0,56501078.0,7957014730.72,8022012620.4
sh600645,中源协和,2013-04-08,24.13,25.24,24.13,24.89,24.68,2891939.0,72034049.0,8024720285.56,8090271236.7
sh600645,中源协和,2013-04-09,24.91,25.52,24.78,24.94,24.89,3561432.0,89404782.0,8040840655.76,8106523288.2
sh600645,中源协和,2013-04-10,24.95,25.07,24.25,24.51,24.94,2812417.0,68993994.0,7902205472.04,7966755645.3
sh600645,中源协和,2013-04-11,24.75,25.67,24.35,25.65,24.51,6757918.0,170553259.0,8269749912.6,8337302419.5
sh600645,中源协和,2013-04-12,25.33,26.35,25.33,26.02,25.65,8643115.0,224112499.0,8389040652.08,8457567600.6
sh600645,中源协和,2013-04-15,25.59,26.4,25.35,25.77,26.02,4141590.0,106943072.0,8308438801.08,8376307343.1
sh600645,中源协和,2013-04-16,25.6,26.04,25.38,26.03,25.77,1954207.0,50325652.0,8392264726.12,8460818010.9
sh600645,中源协和,2013-04-17,26.05,28.63,25.88,28.63,26.03,15186367.0,423730030.0,9230523976.52,9305924688.9
sh600645,中源协和,2013-04-18,28.77,29.3,28.4,28.77,28.63,12056245.0,348265607.0,9275661013.08,9351430433.1
sh600645,中源协和,2013-04-19,28.88,29.16,28.52,28.99,28.77,7009817.0,202837396.0,9346590641.96,9422939459.7
sh600645,中源协和,2013-04-22,29.01,29.5,28.75,29.26,28.99,7507457.0,218947437.0,9433640641.04,9510700537.8
sh600645,中源协和,2013-04-23,28.95,29.6,28.29,28.47,29.26,7970590.0,231624929.0,9178938791.88,9253918124.1
sh600645,中源协和,2013-04-24,28.2,28.5,26.81,27.74,28.47,10606272.0,292020023.0,8943581386.96,9016638172.2
sh600645,中源协和,2013-04-25,27.55,28.88,27.4,27.74,27.74,8940852.0,251849685.0,8943581386.96,9016638172.2
sh600645,中源协和,2013-04-26,27.9,28.28,26.96,27.01,27.74,6339224.0,174034435.0,8708223982.04,8779358220.3
sh600645,中源协和,2013-05-02,26.97,27.37,26.08,27.31,27.01,3312126.0,88515762.0,8804946203.24,8876870529.3
sh600645,中源协和,2013-05-03,27.3,28.85,27.07,28.26,27.31,4257048.0,120280080.0,9111233237.04,9185659507.8
sh600645,中源协和,2013-05-06,28.5,29.48,28.36,29.04,28.26,5204802.0,150902790.0,9362711012.16,9439191511.2
sh600645,中源协和,2013-05-07,29.16,29.3,28.19,28.23,29.04,3421548.0,98080930.0,9101561014.92,9175908276.9
sh600645,中源协和,2013-05-08,28.25,30.9,28.09,30.47,28.23,11472133.0,341067904.0,9823753599.88,9904000184.1
sh600645,中源协和,2013-05-09,30.4,31.1,30.2,31.01,30.47,10184830.0,312147892.0,9997853598.04,10079522340.3
sh600645,中源协和,2013-05-10,30.8,31.09,29.9,31.08,31.01,7110052.0,218268802.0,10020422116.3,10102275212.4
sh600645,中源协和,2013-05-13,30.85,32.81,30.7,32.71,31.08,9533221.0,304934936.0,10545946184.8,10632092091.3
sh600645,中源协和,2013-05-14,32.46,32.77,31.4,32.28,32.71,8085139.0,258825512.0,10407311001.1,10492324448.4
sh600645,中源协和,2013-05-15,32.3,33.5,31.48,33.34,32.28,6722711.0,219773931.0,10749062849.4,10836867940.2
sh600645,中源协和,2013-05-16,33.2,33.95,32.5,33.43,33.34,7128846.0,237104958.0,10778079515.7,10866121632.9
sh600645,中源协和,2013-05-17,33.33,34.16,32.7,33.65,33.43,7535725.0,252577539.0,10849009144.6,10937630659.5
sh600645,中源协和,2013-05-20,33.43,33.6,32.17,32.44,33.65,10760411.0,350810701.0,10458896185.8,10544331013.2
sh600645,中源协和,2013-05-21,32.24,33.29,31.61,32.89,32.44,5582047.0,182074183.0,10603979517.6,10690599476.7
sh600645,中源协和,2013-05-22,32.74,34.2,32.33,33.89,32.89,7222801.0,244143917.0,10926386921.6,11015640506.7
sh600645,中源协和,2013-05-23,33.5,34.16,32.8,32.92,33.89,4780403.0,160364698.0,10613651739.7,10700350707.6
sh600645,中源协和,2013-05-24,33.18,34.33,32.65,34.3,32.92,6642687.0,223796669.0,11140893957.2,11148907329.0
sh600645,中源协和,2013-05-27,34.75,36.75,34.72,36.03,34.3,8706949.0,312848352.0,11702810766.1,11711228310.9
sh600645,中源协和,2013-05-28,36.2,36.7,35.07,35.95,36.03,5810545.0,208461820.0,11676826173.8,11685225028.5
sh600645,中源协和,2013-05-29,35.75,38.69,35.66,38.39,35.95,8822316.0,332032637.0,12469356239.6,12478325141.7
sh600645,中源协和,2013-05-30,38.28,39.0,37.89,38.46,38.39,5039892.0,193841935.0,12492092757.8,12501078013.8
sh600645,中源协和,2013-05-31,37.85,39.45,37.6,37.68,38.46,5709620.0,219219250.0,12238742982.7,12247546010.4
sh600645,中源协和,2013-06-03,37.98,38.4,36.47,36.98,37.68,4905444.0,183881484.0,12011377799.9,12020017289.4
sh600645,中源协和,2013-06-04,37.0,37.25,35.32,35.7,36.98,5481095.0,197198439.0,11595624322.8,11603964771.0
sh600645,中源协和,2013-06-05,35.5,37.1,35.47,36.48,35.7,4345948.0,157694114.0,11848974097.9,11857496774.4
sh600645,中源协和,2013-06-06,36.4,37.09,36.1,36.4,36.48,4308725.0,158031006.0,11822989505.6,11831493492.0
sh600645,中源协和,2013-06-07,36.01,36.5,34.21,35.45,36.4,4384244.0,155448771.0,11514422471.8,11522704513.5
sh600645,中源协和,2013-06-13,34.5,34.95,32.0,34.01,35.45,4021214.0,135380667.0,11046699810.0,11054645430.3
sh600645,中源协和,2013-06-14,34.4,34.8,33.6,34.57,34.01,2352486.0,80719702.0,11228591956.3,11236668407.1
sh600645,中源协和,2013-06-17,34.52,36.1,34.5,34.93,34.57,3283884.0,115641884.0,11345522621.7,11353683177.9
sh600645,中源协和,2013-06-18,34.96,35.3,32.7,33.88,34.93,4791615.0,161673267.0,11004474847.5,11012390096.4
sh600645,中源协和,2013-06-19,33.74,35.1,33.14,35.07,33.88,4378646.0,148914515.0,11390995658.3,11399188922.1
sh600645,中源协和,2013-06-20,34.9,34.9,33.0,33.05,35.07,3905414.0,131997531.0,10734884702.2,10742606041.5
sh600645,中源协和,2013-06-21,32.87,32.87,30.61,32.04,33.05,3171997.0,101459598.0,10406829224.2,10414314601.2
sh600645,中源协和,2013-06-24,32.05,32.05,28.84,28.84,32.04,4074749.0,122532321.0,9367445531.36,9374183305.2
sh600645,中源协和,2013-06-25,27.08,28.2,25.96,27.63,28.84,16329775.0,432402507.0,8974428572.52,8980883658.9
sh600645,中源协和,2013-06-26,27.4,28.6,27.02,28.28,27.63,6756435.0,189108965.0,9185553385.12,9192160328.4
sh600645,中源协和,2013-06-27,28.33,28.8,26.0,26.68,28.28,8517811.0,233407616.0,8665861538.72,8672094680.4
sh600645,中源协和,2013-06-28,26.79,27.16,24.71,25.19,26.68,7668282.0,197540075.0,8181898506.76,8187783545.7
sh600645,中源协和,2013-07-01,25.55,27.08,25.33,27.0,25.19,7846346.0,205569348.0,8769799908.0,8776107810.0
sh600645,中源协和,2013-07-02,27.5,28.49,26.98,28.25,27.0,9667271.0,269922884.0,9175809163.0,9182409097.5
sh600645,中源协和,2013-07-03,28.13,28.13,27.0,27.92,28.25,6218780.0,171685763.0,9068622719.68,9075145557.6
sh600645,中源协和,2013-07-04,27.88,29.39,27.35,28.82,27.92,8213549.0,235970164.0,9360949383.28,9367682484.6
sh600645,中源协和,2013-07-05,29.0,29.39,28.32,29.11,28.82,7561658.0,218443586.0,9455143530.44,9461944383.3
sh600645,中源协和,2013-07-08,28.54,28.54,27.0,27.64,29.11,4420938.0,123034976.0,8977676646.56,8984134069.2
sh600645,中源协和,2013-07-09,27.44,28.34,27.33,27.77,27.64,3532634.0,98339125.0,9019901609.08,9026389403.1
sh600645,中源协和,2013-07-10,27.68,28.96,27.53,28.76,27.77,4148462.0,117523011.0,9341460939.04,9348180022.8
sh600645,中源协和,2013-07-11,28.89,29.73,28.55,29.32,28.76,6325847.0,184525694.0,9523353085.28,9530202999.6
sh600645,中源协和,2013-07-12,29.33,30.6,29.0,29.65,29.32,6093635.0,182611439.0,9630539528.6,9637466539.5
sh600645,中源协和,2013-07-15,30.0,30.6,29.66,30.27,29.65,5692628.0,171793691.0,9831920119.08,9838991978.1
sh600645,中源协和,2013-07-16,30.2,31.61,29.92,31.52,30.27,6045703.0,186976750.0,10237929374.1,10245293265.6
sh600645,中源协和,2013-07-17,31.47,32.5,31.12,31.27,31.52,6565180.0,208706395.0,10156727523.1,10164033008.1
sh600645,中源协和,2013-07-18,31.0,31.29,29.71,30.27,31.27,8649283.0,260409168.0,9831920119.08,9838991978.1
sh600645,中源协和,2013-07-19,30.35,31.52,29.2,29.42,30.27,6520000.0,197675394.0,9555833825.68,9562707102.6
sh600645,中源协和,2013-07-22,29.5,30.3,29.3,30.29,29.42,4555999.0,136814192.0,9838416267.16,9845492798.7
sh600645,中源协和,2013-07-23,30.38,30.88,30.27,30.81,30.29,4875781.0,149277229.0,10007316117.2,10014514134.3
sh600645,中源协和,2013-07-24,30.78,30.8,29.81,30.62,30.81,5086498.0,153983127.0,9945602710.48,9952756338.6
sh600645,中源协和,2013-07-25,30.7,30.72,29.5,29.96,30.62,4445010.0,134098564.0,9731229823.84,9738229258.8
sh600645,中源协和,2013-07-26,29.71,30.4,29.3,29.88,29.96,2800680.0,83379166.0,9705245231.52,9712225976.4
sh600645,中源协和,2013-07-29,29.85,29.85,28.05,28.09,29.88,4073412.0,117766030.0,9123839978.36,9130402532.7
sh600645,中源协和,2013-07-30,28.08,28.65,25.61,26.06,28.09,9916659.0,264253202.0,8464480948.24,8470569241.8
sh600645,中源协和,2013-07-31,26.3,26.96,26.06,26.56,26.06,4325284.0,115140861.0,8626884650.24,8633089756.8
sh600645,中源协和,2013-08-01,26.9,27.08,26.52,26.87,26.56,3923000.0,105138112.0,8727574945.48,8733852476.1
sh600645,中源协和,2013-08-02,27.0,27.4,26.75,27.09,26.87,3779026.0,102248104.0,8799032574.36,8805361502.7
sh600645,中源协和,2013-08-05,27.09,27.38,26.9,27.33,27.09,3020417.0,82204408.0,8876986351.32,8883371349.9
sh600645,中源协和,2013-08-06,27.33,28.58,27.1,28.22,27.33,5589799.0,156815307.0,9166064940.88,9172657866.6
sh600645,中源协和,2013-08-07,28.25,28.55,27.47,27.5,28.22,3042368.0,84744470.0,8932203610.0,8938628325.0
sh600645,中源协和,2013-08-08,27.37,28.01,27.0,27.55,27.5,2953937.0,81727378.0,8948443980.2,8954880376.5
sh600645,中源协和,2013-08-09,27.41,27.75,26.77,26.95,27.55,3804472.0,102940097.0,8753559537.8,8759855758.5
sh600645,中源协和,2013-08-12,26.95,27.2,26.81,27.16,26.95,3126695.0,84565689.0,8821769092.64,8828114374.8
sh600645,中源协和,2013-08-13,27.5,28.0,27.22,27.8,27.16,4701716.0,129969986.0,9029645831.2,9036140634.0
sh600645,中源协和,2013-08-14,28.95,29.8,28.0,28.21,27.8,9254512.0,266901884.0,9162816866.84,9169407456.3
sh600645,中源协和,2013-08-15,28.21,28.5,27.2,27.4,28.21,5264603.0,147224654.0,8899722869.6,8906124222.0
sh600645,中源协和,2013-08-16,27.02,27.18,26.37,26.39,27.4,4716023.0,126023609.0,8571667391.56,8577832781.7
sh600645,中源协和,2013-08-19,25.76,26.98,25.65,26.89,26.39,2806073.0,74915465.0,8734071093.56,8740353296.7
sh600645,中源协和,2013-08-20,26.98,27.38,26.71,26.75,26.89,2129960.0,57533794.0,8688598057.0,8694847552.5
sh600645,中源协和,2013-08-21,26.71,27.88,26.3,27.51,26.75,3794835.0,103497023.0,8935451684.04,8941878735.3
sh600645,中源协和,2013-08-22,27.5,27.68,26.97,27.03,27.51,2695399.0,73277978.0,8779544130.12,8785859040.9
sh600645,中源协和,2013-08-23,27.09,27.97,26.83,27.56,27.03,5005778.0,137774130.0,8951692054.24,8958130786.8
sh600645,中源协和,2013-08-26,27.5,28.2,27.35,27.9,27.56,3460058.0,96664861.0,9062126571.6,9068644737.0
sh600645,中源协和,2013-08-27,27.76,28.59,27.57,28.37,27.9,4630112.0,130379979.0,9214786051.48,9221414021.1
sh600645,中源协和,2013-08-28,28.07,29.3,27.9,28.6,28.37,5345840.0,153720859.0,9289491754.4,9296173458.0
sh600645,中源协和,2013-08-29,28.58,29.2,27.9,28.08,28.6,4956979.0,141635257.0,9120591904.32,9127152122.4
sh600645,中源协和,2013-08-30,28.0,28.27,27.17,27.32,28.08,4008190.0,111074719.0,8873738277.28,8880120939.6
sh600645,中源协和,2013-09-02,27.35,27.68,27.01,27.58,27.32,2168108.0,59418564.0,8958188202.32,8964631607.4
sh600645,中源协和,2013-09-03,27.58,28.1,27.55,27.91,27.58,2320001.0,64634344.0,9065374645.64,9071895147.3
sh600645,中源协和,2013-09-04,27.96,28.21,27.51,27.97,27.91,2455823.0,68339493.0,9084863089.88,9091397609.1
sh600645,中源协和,2013-09-05,27.95,28.18,27.76,27.97,27.97,2733408.0,76479407.0,9084863089.88,9091397609.1
sh600645,中源协和,2013-09-06,28.1,28.38,27.74,27.88,27.97,2899170.0,81024008.0,9055630423.52,9062143916.4
sh600645,中源协和,2013-09-09,27.71,29.3,27.7,28.98,27.88,7302566.0,209570376.0,9412918567.92,9419689049.4
sh600645,中源协和,2013-09-10,29.35,29.66,28.66,29.13,28.98,4780865.0,138835189.0,9461639678.52,9468445203.9
sh600645,中源协和,2013-09-11,29.05,30.58,29.05,30.05,29.13,10287494.0,310044345.0,9760462490.2,9767482951.5
sh600645,中源协和,2013-09-12,29.78,30.3,29.38,29.87,30.05,4589421.0,136492799.0,9701997157.48,9708975566.1
sh600645,中源协和,2013-09-13,29.89,29.9,29.1,29.48,29.87,3365134.0,98892620.0,9575322269.92,9582209564.4
sh600645,中源协和,2013-09-16,29.48,29.96,29.01,29.16,29.48,4104441.0,120884682.0,9471383900.64,9478196434.8
sh600645,中源协和,2013-09-17,29.02,29.43,28.62,29.39,29.16,3220222.0,93660701.0,9546089603.56,9552955871.7
sh600645,中源协和,2013-09-18,29.38,29.78,29.03,29.37,29.39,1917118.0,56304700.0,9539593455.48,9546455051.1
sh600645,中源协和,2013-09-23,29.1,29.23,28.75,28.89,29.37,3150906.0,91190995.0,9383685901.56,9390435356.7
sh600645,中源协和,2013-09-24,28.8,28.98,28.45,28.56,28.89,3658153.0,104812375.0,9276499458.24,9283171816.8
sh600645,中源协和,2013-09-25,28.5,28.82,28.09,28.21,28.56,2402878.0,68464610.0,9162816866.84,9169407456.3
sh600645,中源协和,2013-09-26,27.65,28.1,27.51,27.58,28.21,2597743.0,72329342.0,8958188202.32,8964631607.4
sh600645,中源协和,2013-09-27,27.61,29.2,27.52,28.61,27.58,4171090.0,118936992.0,9292739828.44,9299423868.3
sh600645,中源协和,2013-09-30,28.63,29.55,28.53,29.47,28.61,4085185.0,118922761.0,9572074195.88,9578959154.1
sh600645,中源协和,2013-10-08,30.1,30.19,29.23,29.82,29.47,5272767.0,156658161.0,9685756787.28,9692723514.6
sh600645,中源协和,2013-10-09,29.9,32.67,29.7,32.17,29.82,10415165.0,325399518.0,10449054186.7,10456569935.1
sh600645,中源协和,2013-10-10,31.85,32.24,31.24,31.63,32.17,6628604.0,209817978.0,10273658188.5,10281047778.9
sh600645,中源协和,2013-10-11,31.91,32.78,31.72,32.43,31.63,6623931.0,213968239.0,10533504111.7,10541080602.9
sh600645,中源协和,2013-10-14,32.4,33.58,31.88,33.13,32.43,6886752.0,225786683.0,10760869294.5,10768609323.9
sh600645,中源协和,2013-10-15,33.3,33.7,32.81,32.9,33.13,4720210.0,156053459.0,10686163591.6,10693849887.0
sh600645,中源协和,2013-10-16,32.83,33.39,31.41,32.54,32.9,5132895.0,165528633.0,10569232926.2,10576835116.2
sh600645,中源协和,2013-10-17,32.56,34.43,32.56,33.43,32.54,6568764.0,220470234.0,10858311515.7,10866121632.9
sh600645,中源协和,2013-10-18,33.43,34.28,32.82,33.35,33.43,5360711.0,179476328.0,10832326923.4,10840118350.5
sh600645,中源协和,2013-10-21,33.8,33.8,31.9,32.47,33.35,8194553.0,265987343.0,10546496407.9,10554082244.1
sh600645,中源协和,2013-10-22,32.43,32.43,30.98,31.53,32.47,8181934.0,256403402.0,10241177448.1,10248543675.9
sh600645,中源协和,2013-10-23,31.5,31.8,30.48,31.01,31.53,3335622.0,103572891.0,10072277598.0,10079522340.3
sh600645,中源协和,2013-10-24,30.88,31.59,30.63,30.93,31.01,1983158.0,61731026.0,10046293005.7,10053519057.9
sh600645,中源协和,2013-10-25,31.0,31.09,28.12,28.94,30.93,4247441.0,124451341.0,9399926271.76,9406687408.2
sh600645,中源协和,2013-10-28,29.0,29.26,28.6,29.05,28.94,1956181.0,56732880.0,9435655086.2,9442441921.5
sh600645,中源协和,2013-10-29,29.05,29.2,26.15,26.15,29.05,4854428.0,131418781.0,8493713614.6,8499822934.5
sh600645,中源协和,2013-10-30,25.97,28.77,23.54,27.29,26.15,10337460.0,259705077.0,8863994055.16,8870369708.7
sh600645,中源协和,2013-10-31,25.8,26.79,25.18,25.58,27.29,5467286.0,141306460.0,8308573394.32,8314549547.4
sh600645,中源协和,2013-11-01,25.64,25.65,24.6,24.85,25.58,3082444.0,76771740.0,8071463989.4,8077269595.5
sh600645,中源协和,2013-11-04,25.0,25.28,24.69,24.81,24.85,2822524.0,70240490.0,8058471693.24,8064267954.3
sh600645,中源协和,2013-11-05,24.83,26.05,24.5,25.82,24.81,4176831.0,105810616.0,8386527171.28,8392559394.6
sh600645,中源协和,2013-11-06,25.69,25.95,25.28,25.86,25.82,2698713.0,69303257.0,8399519467.44,8405561035.8
sh600645,中源协和,2013-11-07,25.6,25.84,25.3,25.3,25.86,1470086.0,37553217.0,8217627321.2,8223538059.0
sh600645,中源协和,2013-11-08,25.4,25.54,24.7,24.84,25.3,2111073.0,53096585.0,8068215915.36,8074019185.2
sh600645,中源协和,2013-11-11,25.0,25.07,23.9,23.98,24.84,3933527.0,95354204.0,7788881547.92,7794483899.4
sh600645,中源协和,2013-11-12,24.07,24.26,22.86,23.79,23.98,4582122.0,107320279.0,7727168141.16,7732726103.7
sh600645,中源协和,2013-11-13,23.88,24.28,23.02,23.75,23.79,3525436.0,83625784.0,7714175845.0,7719724462.5
sh600645,中源协和,2013-11-14,23.79,24.25,23.7,23.94,23.75,3021372.0,72417543.0,7775889251.76,7781482258.2
sh600645,中源协和,2013-11-15,23.89,24.7,23.89,24.19,23.94,3689620.0,89828111.0,7857091102.76,7862742515.7
sh600645,中源协和,2013-11-18,24.3,24.97,24.3,24.69,24.19,3764353.0,93162102.0,8019494804.76,8025263030.7
sh600645,中源协和,2013-11-19,24.8,25.67,24.75,25.58,24.69,4316135.0,109679042.0,8308573394.32,8314549547.4
sh600645,中源协和,2013-11-20,25.7,25.72,24.71,25.57,25.58,4027037.0,101359888.0,8305325320.28,8311299137.1
sh600645,中源协和,2013-11-21,25.31,25.35,24.87,25.01,25.57,2866856.0,71786880.0,8123433174.04,8129276160.3
sh600645,中源协和,2013-11-22,25.02,25.16,24.53,24.54,25.01,1930231.0,47744398.0,7970773694.16,7976506876.2
sh600645,中源协和,2013-11-25,24.55,24.98,24.43,24.78,24.54,2213329.0,54799169.0,8048727471.12,8054516723.4
sh600645,中源协和,2013-11-26,24.86,24.86,24.16,24.22,24.78,2580529.0,62920109.0,7866835324.88,7872493746.6
sh600645,中源协和,2013-11-27,24.18,24.49,24.04,24.32,24.22,2351872.0,57041822.0,7899316065.28,7904997849.6
sh600645,中源协和,2013-11-28,24.52,25.3,24.52,25.05,24.32,4681877.0,117020162.0,8136425470.2,8142277801.5
sh600645,中源协和,2013-11-29,25.3,25.5,24.9,25.08,25.05,3130319.0,78576280.0,8146169692.32,8152029032.4
sh600645,中源协和,2013-12-02,24.78,24.83,22.57,22.64,25.08,5623545.0,132986603.0,7353639626.56,7358928919.2
sh600645,中源协和,2013-12-03,22.11,22.88,21.7,22.64,22.64,3411384.0,76232067.0,7353639626.56,7358928919.2
sh600645,中源协和,2013-12-04,22.87,23.48,22.64,23.28,22.64,4211761.0,97192381.0,7561516365.12,7566955178.4
sh600645,中源协和,2013-12-05,23.02,23.13,22.8,23.02,23.28,2258495.0,51902391.0,7477066440.08,7482444510.6
sh600645,中源协和,2013-12-06,23.0,23.02,22.6,22.75,23.02,1747670.0,39881023.0,7389368441.0,7394683432.5
sh600645,中源协和,2013-12-09,22.78,22.94,20.78,22.16,22.75,6853402.0,148509572.0,7197732072.64,7202909224.8
sh600645,中源协和,2013-12-10,21.8,24.37,21.67,24.17,22.16,8920975.0,207998674.0,7850594954.68,8442364195.1
sh600645,中源协和,2013-12-11,24.0,25.09,23.9,24.5,24.17,8547037.0,210304465.0,7957781398.0,8557630235.0
sh600645,中源协和,2013-12-12,24.54,25.05,24.2,24.5,24.5,4890641.0,120506100.0,7957781398.0,8557630235.0
sh600645,中源协和,2013-12-13,24.3,25.29,24.21,24.88,24.5,3882671.0,96757800.0,8081208211.52,8690360826.4
sh600645,中源协和,2013-12-16,25.01,25.19,23.95,24.1,24.88,3928440.0,96628678.0,7827858436.4,8417913823.0
sh600645,中源协和,2013-12-17,24.02,24.7,24.0,24.46,24.1,2463672.0,60260439.0,7944789101.84,8543658593.8
sh600645,中源协和,2013-12-18,24.38,25.25,24.31,25.08,24.46,4065603.0,101706791.0,8146169692.32,8760219032.4
sh600645,中源协和,2013-12-19,25.03,25.29,23.5,23.95,25.08,4235812.0,103473009.0,7779137325.8,8365520168.5
sh600645,中源协和,2013-12-20,23.9,24.16,23.1,23.18,23.95,2470208.0,57963268.0,7529035624.72,8096566075.4
sh600645,中源协和,2013-12-23,23.19,24.09,23.15,23.63,23.18,2579586.0,61001508.0,7675198956.52,8253747038.9
sh600645,中源协和,2013-12-24,23.5,23.88,23.4,23.65,23.63,2475600.0,58441584.0,7681695104.6,8260732859.5
sh600645,中源协和,2013-12-25,23.6,23.86,23.42,23.77,23.65,1660163.0,39342184.0,7720671993.08,8302647783.1
sh600645,中源协和,2013-12-26,23.66,24.48,23.66,23.99,23.77,3771849.0,91168434.0,7792129621.96,8379491809.7
sh600645,中源协和,2013-12-27,24.1,24.36,23.81,24.18,23.99,2556306.0,61637751.0,7853843028.72,8445857105.4
sh600645,中源协和,2013-12-30,24.18,24.77,24.18,24.51,24.18,2314517.0,56710905.0,7961029472.04,8561123145.3
sh600645,中源协和,2013-12-31,24.3,24.59,23.68,23.96,24.51,3329339.0,79767805.0,7782385399.84,8369013078.8
sh600645,中源协和,2014-01-02,23.96,24.3,23.7,24.11,23.96,1558576.0,37534933.0,7831106510.44,8421406733.3
sh600645,中源协和,2014-01-03,23.92,24.66,23.82,24.4,24.11,2830628.0,68973841.0,7925300657.6,8522701132.0
sh600645,中源协和,2014-01-06,24.2,24.38,23.23,23.33,24.4,3014791.0,70904359.0,7577756735.32,8148959729.9
sh600645,中源协和,2014-01-07,23.34,23.55,23.01,23.3,23.33,1423012.0,33200826.0,7568012513.2,8138480999.0
sh600645,中源协和,2014-01-08,23.33,23.68,22.87,23.29,23.3,2917329.0,67798920.0,7564764439.16,8134988088.7
sh600645,中源协和,2014-01-09,23.01,23.25,22.2,23.0,23.29,4854225.0,110356942.0,7470570292.0,8033693690.0
sh600645,中源协和,2014-01-10,22.6,22.84,22.18,22.62,23.0,2158432.0,48475946.0,7348385339.1,7900963098.6
sh600645,中源协和,2014-01-13,22.46,22.79,22.0,22.54,22.62,2698241.0,60500231.0,7322396354.7,7873019816.2
sh600645,中源协和,2014-01-14,22.21,23.13,22.2,22.88,22.54,2085364.0,47601356.0,7432849538.4,7991778766.4
sh600645,中源协和,2014-01-15,23.56,23.7,23.08,23.25,22.88,1860680.0,43508086.0,7553048591.25,8121016447.5
sh600645,中源协和,2014-01-16,23.21,23.55,23.2,23.32,23.25,1754021.0,40985212.0,7575788952.6,8145466819.6
sh600645,中源协和,2014-01-17,23.22,23.46,23.02,23.3,23.32,1197084.0,27844794.0,7569291706.5,8138480999.0
sh600645,中源协和,2014-01-20,23.3,23.35,22.68,23.01,23.3,1363100.0,31210570.0,7475081638.05,8037186600.3
sh600645,中源协和,2014-01-21,22.98,23.35,22.86,23.18,23.01,1441045.0,33374019.0,7530308229.9,8096566075.4
sh600645,中源协和,2014-01-22,23.3,24.5,23.25,24.45,23.18,5184360.0,125052663.0,7942883357.25,8540165683.5
sh600645,中源协和,2014-01-23,24.29,26.55,24.1,25.67,24.45,7070451.0,181498298.0,8339215369.35,8966300740.1
sh600645,中源协和,2014-01-24,25.6,26.36,25.4,26.07,25.67,7530871.0,195760917.0,8469160291.35,9106017152.1
sh600645,中源协和,2014-01-27,26.07,26.2,25.65,25.86,26.07,3564766.0,92217716.0,8400939207.3,9032666035.8
sh600645,中源协和,2014-01-28,25.8,26.28,25.72,25.86,25.86,3116187.0,81216360.0,8400939207.3,9032666035.8
sh600645,中源协和,2014-01-29,25.98,26.65,25.98,26.22,25.86,3430918.0,90181953.0,8517889637.1,9158410806.6
sh600645,中源协和,2014-01-30,26.22,26.65,25.61,26.62,26.22,3900398.0,102520946.0,8647834559.1,9298127218.6
sh600645,中源协和,2014-02-24,29.26,29.26,27.0,28.48,26.62,17704759.0,503851212.0,9252078446.4,9947808534.4
sh600645,中源协和,2014-02-25,28.02,30.5,28.0,28.67,28.48,9867274.0,288354769.0,9313802284.35,10014173830.1
sh600645,中源协和,2014-02-26,28.72,29.15,27.5,28.22,28.67,5174189.0,146998984.0,9167614247.1,9856992866.6
sh600645,中源协和,2014-02-27,28.48,28.48,26.65,26.66,28.22,6385911.0,174933865.0,8660829051.3,9312098859.8
sh600645,中源协和,2014-02-28,26.52,26.77,25.4,26.27,26.66,4850456.0,126168070.0,8534132752.35,9175875358.1
sh600645,中源协和,2014-03-03,26.23,28.16,26.07,27.92,26.27,4513847.0,123593560.0,9070155555.6,9752205557.6
sh600645,中源协和,2014-03-04,27.56,28.58,27.36,27.93,27.92,3421545.0,95498190.0,9073404178.65,9755698467.9
sh600645,中源协和,2014-03-05,28.14,28.14,26.85,26.91,27.93,2835670.0,77806050.0,8742044627.55,9399421617.3
sh600645,中源协和,2014-03-06,26.95,26.95,25.71,26.12,26.91,3554693.0,92839178.0,8485403406.6,9123481703.6
sh600645,中源协和,2014-03-07,26.1,26.46,25.41,25.52,26.12,3253984.0,84217102.0,8290486023.6,8913907085.6
sh600645,中源协和,2014-03-10,25.43,25.49,24.3,24.94,25.52,3836453.0,95041598.0,8102065886.7,8711318288.2
sh600645,中源协和,2014-03-11,24.8,25.88,24.67,25.6,24.94,5882188.0,149141945.0,8316475008.0,8941850368.0
sh600645,中源协和,2014-03-12,25.48,25.69,24.95,25.07,25.6,3289488.0,83245845.0,8144297986.35,8756726122.1
sh600645,中源协和,2014-03-13,25.14,26.11,25.08,25.62,25.07,4026993.0,103631556.0,8322972254.1,8948836188.6
sh600645,中源协和,2014-03-14,25.5,26.4,25.38,26.29,25.62,4104485.0,107142735.0,8540629998.45,9182861178.7
sh600645,中源协和,2014-03-17,26.0,27.08,25.76,26.69,26.29,3817162.0,101384530.0,8670574920.45,9322577590.7
sh600645,中源协和,2014-03-18,26.63,28.03,26.6,27.17,26.69,6737418.0,185311112.0,8826508826.85,9490237285.1
sh600645,中源协和,2014-03-19,27.66,27.66,26.5,26.94,27.17,4979563.0,133640042.0,8751790496.7,9409900348.2
sh600645,中源协和,2014-03-20,26.94,27.55,26.28,26.3,26.94,5356063.0,145169325.0,8543878621.5,9186354089.0
sh600645,中源协和,2014-03-21,26.36,27.64,26.36,27.6,26.3,4240170.0,114393334.0,8966199618.0,9640432428.0
sh600645,中源协和,2014-03-24,27.9,28.47,26.86,26.88,27.6,4881558.0,133762962.0,8732298758.4,9388942886.4
sh600645,中源协和,2014-03-25,26.68,27.35,26.62,27.08,26.88,1571459.0,42348193.0,8797271219.4,9458801092.4
sh600645,中源协和,2014-03-26,27.1,27.38,26.43,26.45,27.08,2525069.0,67371884.0,8592607967.25,9238747743.5
sh600645,中源协和,2014-03-27,26.43,26.43,25.39,25.54,26.45,2582693.0,66809854.0,8296983269.7,8920892906.2
sh600645,中源协和,2014-03-28,25.4,26.05,24.5,24.94,25.54,2960150.0,74393986.0,8102065886.7,8711318288.2
sh600645,中源协和,2014-03-31,24.93,25.26,23.97,24.02,24.94,2921568.0,71477575.0,7803192566.1,8389970540.6
sh600645,中源协和,2014-04-01,24.2,24.47,23.86,24.21,24.02,2685233.0,64809571.0,7864916404.05,8456335836.3
sh600645,中源协和,2014-04-02,24.21,24.21,23.18,23.93,24.21,3794439.0,89563254.0,7773954958.65,8358534347.9
sh600645,中源协和,2014-04-03,23.5,24.0,23.5,23.91,23.93,2413996.0,57322491.0,7767457712.55,8351548527.3
sh600645,中源协和,2014-04-04,23.9,23.9,23.41,23.74,23.91,3059253.0,72154854.0,7712231120.7,8292169052.2
sh600645,中源协和,2014-04-08,23.51,24.39,23.4,24.37,23.74,4206325.0,101225295.0,7916894372.85,8512222401.1
sh600645,中源协和,2014-04-09,24.24,25.13,24.14,24.74,24.37,5222774.0,129149355.0,8037093425.7,8641460082.2
sh600645,中源协和,2014-04-10,24.9,24.93,24.47,24.54,24.74,5189501.0,128082490.0,7972120964.7,8571601876.2
sh600645,中源协和,2014-04-11,24.36,24.36,23.56,23.75,24.54,4730413.0,112694545.0,7715479743.75,8295661962.5
sh600645,中源协和,2014-04-14,23.59,24.05,23.5,24.03,23.75,3404055.0,81248398.0,7806441189.15,8393463450.9
sh600645,中源协和,2014-04-15,24.03,24.03,23.28,23.48,24.03,4430073.0,104055414.0,7627766921.4,8201353384.4
sh600645,中源协和,2014-04-16,23.46,23.78,22.91,23.18,23.48,3697836.0,85856623.0,7530308229.9,8096566075.4
sh600645,中源协和,2014-04-17,23.26,23.65,22.96,23.45,23.18,4329573.0,100757278.0,7618021052.25,8190874653.5
sh600645,中源协和,2014-04-18,23.39,23.39,23.06,23.28,23.45,3147851.0,72990386.0,7562794460.4,8131495178.4
sh600645,中源协和,2014-04-21,23.0,23.55,22.5,22.92,23.28,5124088.0,118044576.0,7445844030.6,8005750407.6
sh600645,中源协和,2014-04-22,22.69,23.2,22.15,22.96,22.92,4643915.0,105226125.0,7458838522.8,8019722048.8
sh600645,中源协和,2014-05-23,23.63,24.53,23.2,23.25,22.96,12227001.0,290089636.0,7553048591.25,8121016447.5
sh600645,中源协和,2014-05-26,23.41,24.4,23.21,24.09,23.25,9501069.0,225914281.0,7825932927.45,8414420912.7
sh600645,中源协和,2014-05-27,23.98,23.98,23.5,23.59,24.09,4671972.0,110662005.0,7663501774.95,8239775397.7
sh600645,中源协和,2014-05-28,23.75,23.77,22.94,23.27,23.59,5370790.0,124712184.0,7559545837.35,8128002268.1
sh600645,中源协和,2014-05-29,23.28,23.35,22.58,22.88,23.27,4397176.0,100805207.0,7432849538.4,7991778766.4
sh600645,中源协和,2014-05-30,22.78,22.96,22.36,22.84,22.88,4246485.0,96039003.0,7419855046.2,7977807125.2
sh600645,中源协和,2014-06-03,22.78,23.33,22.71,23.13,22.84,4747047.0,109515939.0,7514065114.65,8079101523.9
sh600645,中源协和,2014-06-04,23.08,23.08,22.31,22.88,23.13,2935553.0,66471548.0,7432849538.4,7991778766.4
sh600645,中源协和,2014-06-05,22.8,23.08,22.68,22.91,22.88,2107842.0,48305240.0,7442595407.55,8002257497.3
sh600645,中源协和,2014-06-06,23.18,23.48,22.95,23.0,22.91,4242456.0,98276778.0,7471833015.0,8033693690.0
sh600645,中源协和,2014-06-09,23.0,23.2,22.55,22.93,23.0,3448728.0,78721955.0,7449092653.65,8009243317.9
sh600645,中源协和,2014-06-10,22.98,23.5,22.68,23.06,22.93,3349390.0,76874218.0,7491324753.3,8054651151.8
sh600645,中源协和,2014-06-11,23.08,25.37,23.02,25.37,23.06,14998839.0,370167733.0,8241756677.85,8861513431.1
sh600645,中源协和,2014-06-12,25.83,26.37,25.28,26.0,25.37,23429063.0,604343278.0,8446419930.0,9081566780.0
sh600645,中源协和,2014-06-13,26.02,26.02,25.58,25.71,26.0,10758568.0,277243199.0,8352209861.55,8980272381.3
sh600645,中源协和,2014-06-16,25.87,26.88,25.71,26.43,25.71,14608295.0,384619992.0,8586110721.15,9231761922.9
sh600645,中源协和,2014-06-17,26.3,28.06,26.2,27.35,26.43,18598645.0,508658487.0,8884984041.75,9553109670.5
sh600645,中源协和,2014-06-18,27.48,27.67,26.98,27.44,27.35,8596750.0,235153021.0,8914221649.2,9584545863.2
sh600645,中源协和,2014-06-19,27.81,28.16,26.42,26.66,27.44,10125703.0,275289536.0,8660829051.3,9312098859.8
sh600645,中源协和,2014-06-20,26.35,27.38,26.35,26.4,26.66,6300831.0,168930719.0,8576364852.0,9221283192.0
sh600645,中源协和,2014-06-23,26.65,28.8,26.65,28.39,26.4,12636190.0,353876782.0,9222840838.95,9916372341.7
sh600645,中源协和,2014-06-24,28.16,28.63,27.9,28.41,28.39,7640507.0,216120636.0,9229338085.05,9923358162.3
sh600645,中源协和,2014-06-25,28.4,28.56,27.52,27.92,28.41,7658398.0,214209881.0,9070155555.6,9752205557.6
sh600645,中源协和,2014-06-26,28.35,28.47,27.0,28.04,27.92,9225389.0,256478132.0,9109139032.2,9794120481.2
sh600645,中源协和,2014-06-27,27.8,27.95,27.0,27.1,28.04,10020015.0,274538137.0,8803768465.5,9465786913.0
sh600645,中源协和,2014-06-30,27.0,27.95,26.88,27.75,27.1,7677379.0,212169938.0,9014928963.75,9692826082.5
sh600645,中源协和,2014-07-01,27.75,29.2,27.75,28.94,27.75,12807545.0,367000110.0,9401515106.7,10108482408.2
sh600645,中源协和,2014-07-02,29.2,30.4,28.7,29.35,28.94,18956330.0,562387097.0,9534708651.75,10251691730.5
sh600645,中源协和,2014-07-03,29.61,32.29,29.59,31.7,29.35,35573793.0,1115730898.0,10298135068.5,11072525651.0
sh600645,中源协和,2014-07-04,31.53,32.54,31.0,31.54,31.7,23222294.0,739101955.0,10246157099.7,11016639086.2
sh600645,中源协和,2014-07-07,31.7,31.98,30.65,31.31,31.54,14263091.0,445241291.0,10171438769.5,10936302149.3
sh600645,中源协和,2014-07-08,31.15,33.18,30.56,32.7,31.31,14705958.0,469912870.0,10622997373.5,11421816681.0
sh600645,中源协和,2014-07-09,32.41,33.65,31.95,32.43,32.7,15098290.0,494944753.0,10535284551.1,11327508102.9
sh600645,中源协和,2014-07-10,32.1,34.8,32.1,33.19,32.43,21261937.0,716798631.0,10782179903.0,11592969285.7
sh600645,中源协和,2014-07-11,32.97,33.2,32.11,32.58,33.19,11303710.0,368690931.0,10584013896.9,11379901757.4
sh600645,中源协和,2014-07-14,32.5,33.36,31.9,32.08,32.58,12120819.0,394210455.0,10421582744.4,11205256242.4
sh600645,中源协和,2014-07-15,31.99,32.6,31.82,32.08,32.08,9754714.0,313715753.0,10421582744.4,11205256242.4
sh600645,中源协和,2014-07-16,31.9,31.9,29.55,29.61,32.08,18159231.0,555690646.0,9619172851.05,10342507398.3
sh600645,中源协和,2014-07-17,29.55,30.12,28.89,29.76,29.61,8074144.0,238410085.0,9667902196.8,10394901052.8
sh600645,中源协和,2014-07-18,29.73,29.78,29.13,29.31,29.76,5259108.0,155084406.0,9521714159.55,10237720089.3
sh600645,中源协和,2014-07-21,29.31,30.4,29.0,30.38,29.31,8780613.0,263742074.0,9869316825.9,10611461491.4
sh600645,中源协和,2014-07-22,30.3,30.31,29.5,30.05,30.38,8631543.0,258348316.0,9762112265.25,10496195451.5
sh600645,中源协和,2014-07-23,29.92,30.19,28.02,28.61,30.05,11820162.0,342160349.0,9294310546.05,9993216368.3
sh600645,中源协和,2014-07-24,28.88,29.45,27.88,28.76,28.61,11101553.0,318029263.0,9343039891.8,10045610022.8
sh600645,中源协和,2014-07-25,29.6,30.81,29.16,29.51,28.76,10426737.0,312262941.0,9586686620.55,10307578295.3
sh600645,中源协和,2014-07-28,29.2,30.3,28.75,29.73,29.51,10293847.0,302712007.0,9658156327.65,10384422321.9
sh600645,中源协和,2014-07-29,29.77,30.65,29.21,30.01,29.73,7806908.0,234850020.0,9749117773.05,10482223810.3
sh600645,中源协和,2014-07-30,29.85,32.0,29.84,31.66,30.01,12652748.0,391872325.0,10285140576.3,11058554009.8
sh600645,中源协和,2014-07-31,31.64,32.18,31.0,31.43,31.66,7873852.0,247856265.0,10210422246.1,10978217072.9
sh600645,中源协和,2014-08-01,31.16,32.85,31.1,31.46,31.43,15731253.0,504979369.0,10220168115.3,10988695803.8
sh600645,中源协和,2014-08-04,31.46,31.82,30.83,31.28,31.46,8740687.0,272015715.0,10161692900.4,10925823418.4
sh600645,中源协和,2014-08-05,31.29,31.38,30.38,30.82,31.28,8219068.0,253629568.0,10012256240.1,10765149544.6
sh600645,中源协和,2014-08-06,31.02,31.64,30.81,31.19,30.82,7996584.0,249613734.0,10132455293.0,10894387225.7
sh600645,中源协和,2014-08-07,31.2,31.2,30.22,30.33,31.19,6740248.0,206499113.0,9853073710.65,10593996939.9
sh600645,中源协和,2014-08-08,30.45,30.79,30.11,30.56,30.33,4335343.0,132197202.0,9927792040.8,10674333876.8
sh600645,中源协和,2014-08-11,30.34,31.34,30.34,31.09,30.56,5663425.0,175732457.0,10099969062.5,10859458122.7
sh600645,中源协和,2014-08-12,31.16,31.43,30.8,31.25,31.09,5543451.0,172801543.0,10151947031.2,10915344687.5
sh600645,中源协和,2014-08-13,31.25,31.26,30.19,30.64,31.25,6603791.0,201935736.0,9953781025.2,10702277159.2
sh600645,中源协和,2014-08-14,30.54,30.74,29.6,29.96,30.64,7954140.0,240132064.0,9732874657.8,10464759258.8
sh600645,中源协和,2014-08-15,30.17,30.5,29.89,30.37,29.96,5001642.0,150962029.0,9866068202.85,10607968581.1
sh600645,中源协和,2014-08-19,28.9,29.89,28.55,29.57,30.37,13921630.0,407698400.0,9606178358.85,10328535757.1
sh600645,中源协和,2014-08-20,29.72,29.79,29.0,29.53,29.57,6528309.0,191798439.0,9593183866.65,10314564115.9
sh600645,中源协和,2014-08-21,29.7,32.1,29.7,30.76,29.53,14594316.0,451513109.0,9992764501.8,10744192082.8
sh600645,中源协和,2014-08-22,30.78,32.35,30.7,31.99,30.76,20575986.0,648341652.0,10392345137.0,11173820049.7
sh600645,中源协和,2014-08-25,31.98,32.33,31.46,31.61,31.99,13422556.0,426119595.0,10268897461.0,11041089458.3
sh600645,中源协和,2014-08-26,31.45,32.59,31.38,31.96,31.61,9143520.0,292413347.0,10382599267.8,11163341318.8
sh600645,中源协和,2014-08-27,31.52,32.88,31.3,31.51,31.96,10704984.0,344058974.0,10236411230.5,11006160355.3
sh600645,中源协和,2014-08-28,31.49,32.0,30.78,30.93,31.51,6233945.0,195055106.0,10047991093.6,10803571557.9
sh600645,中源协和,2014-08-29,30.85,31.37,30.5,31.28,30.93,4959033.0,154152814.0,10161692900.4,10925823418.4
sh600645,中源协和,2014-09-01,31.38,33.45,31.38,33.19,31.28,15304994.0,501422440.0,10782179903.0,11592969285.7
sh600645,中源协和,2014-09-02,33.8,34.25,33.01,33.57,33.19,12128274.0,407117007.0,10905627578.9,11725699877.1
sh600645,中源协和,2014-09-03,33.31,33.87,33.06,33.55,33.57,8868988.0,297673224.0,10899130332.8,11718714056.5
sh600645,中源协和,2014-09-04,33.35,33.94,33.13,33.85,33.55,7890300.0,265534419.0,10996589024.2,11823501365.5
sh600645,中源协和,2014-09-05,33.9,35.36,33.9,35.2,33.85,13394265.0,465993952.0,11435153136.0,12295044256.0
sh600645,中源协和,2014-09-09,35.89,36.01,34.49,34.7,35.2,11345973.0,398449903.0,11272721983.5,12120398741.0
sh600645,中源协和,2014-09-10,34.51,35.25,34.35,34.53,34.7,7419763.0,257730974.0,11217495391.6,12061019265.9
sh600645,中源协和,2014-09-11,34.44,34.98,33.52,34.02,34.53,9378476.0,321083249.0,11051815616.1,11882880840.6
sh600645,中源协和,2014-09-12,34.07,34.47,33.9,34.4,34.02,4831731.0,165242141.0,11175263292.0,12015611432.0
sh600645,中源协和,2014-09-15,34.4,34.98,33.62,34.38,34.4,8617898.0,293920446.0,11168766045.9,12008625611.4
sh600645,中源协和,2014-09-16,34.38,34.38,32.5,32.53,34.38,10097350.0,335686539.0,10567770781.6,11468159705.9
sh600645,中源协和,2014-09-17,32.47,32.97,32.0,32.88,32.53,7364495.0,240245749.0,10681472588.4,11591549066.4
sh600645,中源协和,2014-09-18,32.74,33.26,32.51,33.24,32.88,4516898.0,148478953.0,10798423018.2,11718463837.2
sh600645,中源协和,2014-09-19,33.36,34.12,33.36,33.9,33.24,6504256.0,219967322.0,11012832139.5,11951140917.0
sh600645,中源协和,2014-09-22,34.04,34.22,32.54,32.57,33.9,8261370.0,275236660.0,10580765273.9,11482261347.1
sh600645,中源协和,2014-09-23,32.97,33.29,32.58,32.96,32.57,5628584.0,185488805.0,10707461572.8,11619752348.8
sh600645,中源协和,2014-09-24,32.96,34.13,32.88,34.0,32.96,8533317.0,287664357.0,11045318370.0,11986395020.0
sh600645,中源协和,2014-09-25,34.01,34.84,33.8,34.16,34.0,9549530.0,327572926.0,11097296338.8,12042801584.8
sh600645,中源协和,2014-09-26,34.8,35.38,34.35,34.84,34.16,10348231.0,362079700.0,11318202706.2,12282529485.2
sh600645,中源协和,2014-09-29,34.9,35.29,34.21,35.22,34.84,8323724.0,289306546.0,11441650382.1,12416495076.6
sh600645,中源协和,2014-09-30,35.1,36.11,34.9,35.98,35.22,10881653.0,388584191.0,11688545733.9,12684426259.4
sh600645,中源协和,2014-10-08,35.79,36.2,34.86,35.23,35.98,10763714.0,380115858.0,11444899005.1,12420020486.9
sh600645,中源协和,2014-10-09,35.2,35.2,34.36,34.82,35.23,7828878.0,272179462.0,11311705460.1,12275478664.6
sh600645,中源协和,2014-10-10,34.69,36.08,34.55,35.76,34.82,11779079.0,418501189.0,11617076026.8,12606867232.8
sh600645,中源协和,2014-10-13,35.88,36.29,34.83,35.38,35.76,6002588.0,212600973.0,11493628350.9,12472901641.4
sh600645,中源协和,2014-10-14,35.3,35.31,34.6,34.8,35.38,6499286.0,226812682.0,11305208214.0,12268427844.0
sh600645,中源协和,2014-10-15,34.66,35.15,34.4,35.0,34.8,5654794.0,197098089.0,11370180675.0,12338936050.0
sh600645,中源协和,2014-10-16,34.8,35.29,33.39,34.05,35.0,6357578.0,221061075.0,11061561485.2,12004022071.5
sh600645,中源协和,2014-10-17,33.91,33.94,31.98,32.67,34.05,8709311.0,286179556.0,10613251504.4,11517515450.1
sh600645,中源协和,2014-10-20,32.71,32.85,32.21,32.66,32.67,6960584.0,226414929.0,10610002881.3,11513990039.8
sh600645,中源协和,2014-10-21,32.7,33.46,32.5,33.03,32.66,5327911.0,176366253.0,10730201934.1,11644430220.9
sh600645,中源协和,2014-10-22,33.0,33.18,31.33,31.46,33.03,7380014.0,237143294.0,10220168115.3,11090940803.8
sh600645,中源协和,2014-10-23,31.3,31.39,30.2,30.49,31.46,6898269.0,212082102.0,9905051679.45,10748976004.7
sh600645,中源协和,2014-10-24,30.32,31.04,30.2,30.94,30.49,5015678.0,153519008.0,10051239716.7,10907619468.2
sh600645,中源协和,2014-10-27,31.5,32.4,31.5,31.8,30.94,7638261.0,244366609.0,10330621299.0,11210804754.0
sh600645,中源协和,2014-10-28,32.0,32.65,31.78,32.56,31.8,5510236.0,178303921.0,10577516650.8,11478735936.8
sh600645,中源协和,2014-10-29,33.5,33.52,32.52,32.84,32.56,6893135.0,227330026.0,10668478096.2,11577447425.2
sh600645,中源协和,2014-10-30,32.75,33.5,32.71,32.85,32.84,4974601.0,164776504.0,10671726719.2,11580972835.5
sh600645,中源协和,2014-10-31,33.13,33.14,31.54,32.26,32.85,6114220.0,197341399.0,10480057959.3,11372973627.8
sh600645,中源协和,2014-11-03,32.22,32.44,31.79,32.31,32.26,4108575.0,131547618.0,10496301074.5,11390600679.3
sh600645,中源协和,2014-11-04,32.25,32.78,31.95,32.02,32.31,3770420.0,121751647.0,10402091006.1,11288363780.6
sh600645,中源协和,2014-11-05,31.72,31.99,31.31,31.61,32.02,3637497.0,115130645.0,10268897461.0,11143821958.3
sh600645,中源协和,2014-11-06,31.6,32.24,31.6,31.86,31.61,4244605.0,135323962.0,10350113037.3,11231957215.8
sh600645,中源协和,2014-11-07,31.87,31.99,31.04,31.26,31.86,3759191.0,118521110.0,10155195654.3,11020432597.8
sh600645,中源协和,2014-11-10,31.3,31.58,30.85,31.36,31.26,4189659.0,130766161.0,10187681884.8,11055686700.8
sh600645,中源协和,2014-11-11,31.37,31.55,30.3,30.46,31.36,5505507.0,169908861.0,9895305810.3,10738399773.8
sh600645,中源协和,2014-11-12,30.6,31.05,30.48,30.83,30.46,3246041.0,100188290.0,10015504863.1,10868839954.9
sh600645,中源协和,2014-11-13,31.0,31.18,30.5,30.91,30.83,4226730.0,130570405.0,10041493847.5,10897043237.3
sh600645,中源协和,2014-11-14,30.84,32.3,30.32,32.27,30.91,7402458.0,234006259.0,10483306582.4,11376499038.1
sh600645,中源协和,2014-11-17,32.1,32.82,31.81,32.59,32.27,6016135.0,195528275.0,10587262520.0,11489312167.7
sh600645,中源协和,2014-11-18,32.5,32.74,32.2,32.39,32.59,3235399.0,104797908.0,10522290059.0,11418803961.7
sh600645,中源协和,2014-11-19,32.3,33.38,32.27,32.83,32.39,6421986.0,211608554.0,10665229473.1,11573922014.9
sh600645,中源协和,2014-11-20,32.8,33.28,32.0,32.24,32.83,4952531.0,161736994.0,10473560713.2,11365922807.2
sh600645,中源协和,2014-11-21,32.34,32.79,31.97,32.58,32.24,3566749.0,115388755.0,10584013896.9,11485786757.4
sh600645,中源协和,2014-11-24,34.2,34.2,32.79,33.01,32.58,7701586.0,256155786.0,10723704688.0,11637379400.3
sh600645,中源协和,2014-11-25,32.91,33.85,32.8,33.49,33.01,5965005.0,199800002.0,10879638594.5,11806599094.7
sh600645,中源协和,2014-11-26,33.49,35.02,33.48,34.94,33.49,13844616.0,475848026.0,11350688936.7,12317783588.2
sh600645,中源协和,2014-11-27,34.91,35.24,34.45,34.68,34.94,8884160.0,309021366.0,11266224737.4,12226122920.4
sh600645,中源协和,2014-11-28,34.76,37.13,34.7,36.6,34.68,17195463.0,624466822.0,11889960363.0,12903001698.0
sh600645,中源协和,2014-12-01,36.71,38.09,35.9,36.38,36.6,14023078.0,516133829.0,11818490655.9,12825442671.4
sh600645,中源协和,2014-12-02,36.5,37.08,36.3,36.4,36.38,8667904.0,317905363.0,11824987902.0,12832493492.0
sh600645,中源协和,2014-12-03,36.96,39.88,35.68,39.51,36.4,17769317.0,670317561.0,12835309670.5,13928896095.3
sh600645,中源协和,2014-12-11,38.9,43.0,38.0,40.65,39.51,17449374.0,701456964.0,13205652698.2,14330792869.5
sh600645,中源协和,2014-12-12,40.75,42.5,40.49,41.32,40.65,8387731.0,347794693.0,13423310442.6,14566995359.6
sh600645,中源协和,2014-12-15,42.01,44.5,40.77,43.63,41.32,15055022.0,644124224.0,14173742367.1,15381365138.9
sh600645,中源协和,2014-12-16,44.0,47.9,43.71,47.28,43.63,20901615.0,967194435.0,15359489780.4,16668139898.4
sh600645,中源协和,2014-12-17,46.31,47.25,45.08,46.17,47.28,10005333.0,462759835.0,14998892621.9,16276819355.1
sh600645,中源协和,2014-12-18,45.93,47.8,45.27,47.33,46.17,9915031.0,462889861.0,15375732895.6,16685766949.9
sh600645,中源协和,2014-12-19,47.3,49.2,46.0,47.35,47.33,11381468.0,546587818.0,15382230141.8,16692817770.5
sh600645,中源协和,2014-12-22,47.53,47.8,42.62,42.62,47.35,15075341.0,655228378.0,13845631439.1,15025298698.6
sh600645,中源协和,2014-12-23,44.0,45.2,40.0,40.98,42.62,12099847.0,521120136.0,13312857258.9,14447131409.4
sh600645,中源协和,2014-12-24,41.98,43.9,40.12,43.61,40.98,9933601.0,416820995.0,14167245121.0,15374314318.3
sh600645,中源协和,2014-12-25,43.96,45.61,43.81,45.08,43.61,7811148.0,350345410.0,14644792709.4,15892549632.4
sh600645,中源协和,2014-12-26,44.88,46.29,44.3,45.44,45.08,7023421.0,317527724.0,14761743139.2,16019464403.2
sh600645,中源协和,2014-12-29,44.75,44.75,41.5,41.89,45.44,11090026.0,472051364.0,13608481956.5,14767943746.7
sh600645,中源协和,2014-12-30,42.0,42.22,37.8,40.56,41.89,12505130.0,497144029.0,13176415090.8,14299064176.8
sh600645,中源协和,2014-12-31,40.0,41.0,39.0,40.51,40.56,6812828.0,271779162.0,13160171975.5,14281437125.3
sh600645,中源协和,2015-01-05,40.0,41.0,39.51,40.2,40.51,5973029.0,238626984.0,13059464661.0,14172149406.0
sh600645,中源协和,2015-01-06,39.5,39.5,37.1,38.96,40.2,12001781.0,459991503.0,12656635402.8,13734998528.8
sh600645,中源协和,2015-01-07,39.0,39.64,38.22,38.66,38.96,5469029.0,213026302.0,12559176711.3,13629236219.8
sh600645,中源协和,2015-01-08,38.85,38.9,37.52,37.97,38.66,7413763.0,282065665.0,12335021720.9,13385982909.1
sh600645,中源协和,2015-01-09,37.97,40.25,37.9,39.46,37.97,11030503.0,433956141.0,12819066555.3,13911269043.8
sh600645,中源协和,2015-01-12,38.86,39.95,38.41,38.97,39.46,5491169.0,214907063.0,12659884025.9,13738523939.1
sh600645,中源协和,2015-01-13,39.01,42.87,39.01,42.87,38.97,12865146.0,533598485.0,13926847015.4,15113433956.1
sh600645,中源协和,2015-01-14,44.36,46.29,43.38,45.3,42.87,22298982.0,1001150879.0,14716262416.5,15970108659.0
sh600645,中源协和,2015-01-15,44.68,46.2,44.29,45.38,45.3,12621033.0,573368799.0,14742251400.9,15998311941.4
sh600645,中源协和,2015-01-16,45.29,48.58,44.62,48.09,45.38,19018999.0,890411337.0,15622628247.5,16953698132.7
sh600645,中源协和,2015-01-19,46.17,49.99,44.17,45.13,48.09,18885227.0,893941410.0,14661035824.6,15910176683.9
sh600645,中源协和,2015-01-20,46.5,47.8,44.7,46.89,45.13,13759794.0,633650752.0,15232793481.5,16530648896.7
sh600645,中源协和,2015-01-21,46.48,46.89,45.5,45.9,46.89,10479233.0,483044013.0,14911179799.5,16181633277.0
sh600645,中源协和,2015-01-22,45.81,49.99,45.55,49.04,45.9,15945847.0,771850356.0,15931247437.2,17288612111.2
sh600645,中源协和,2015-01-23,48.56,49.07,46.66,47.05,49.04,10307201.0,491663318.0,15284771450.2,16587055461.5
sh600645,中源协和,2015-01-26,47.0,49.18,46.96,47.7,47.05,7611003.0,366726192.0,15495931948.5,16816207131.0
sh600645,中源协和,2015-01-27,48.0,49.02,45.52,46.37,47.7,11396689.0,537754281.0,15063865082.9,17910658910.2
sh600645,中源协和,2015-01-28,46.8,48.3,45.67,45.87,46.37,9861836.0,459471025.0,14901433930.4,17717531253.2
sh600645,中源协和,2015-01-29,45.58,45.58,43.97,44.02,45.87,9393739.0,418618775.0,14300438666.1,17002958922.3
sh600645,中源协和,2015-01-30,44.1,44.8,42.87,44.73,44.02,8565226.0,374772954.0,14531090902.6,17277200195.2
sh600645,中源协和,2015-02-02,44.34,45.0,43.66,44.05,44.73,5107902.0,225642261.0,14310184535.2,17014546581.7
sh600645,中源协和,2015-02-03,44.49,44.6,43.32,43.97,44.05,7547672.0,331205111.0,14284195550.9,16983646156.6
sh600645,中源协和,2015-02-04,43.98,45.85,43.83,45.23,43.97,9418810.0,425340387.0,14693522055.1,17470327852.2
sh600645,中源协和,2015-02-05,45.46,46.33,44.76,45.32,45.23,8614040.0,391778327.0,14722759662.6,17505090830.5
sh600645,中源协和,2015-02-06,45.6,45.95,42.01,43.22,45.32,10352704.0,450429457.0,14040548822.1,16693954671.1
sh600645,中源协和,2015-02-09,42.98,42.98,41.88,42.46,43.22,4409883.0,187248914.0,13793653470.3,16400400632.4
sh600645,中源协和,2015-02-10,43.2,44.1,42.48,43.88,42.46,5778185.0,249960497.0,14254957943.4,16948883178.3
sh600645,中源协和,2015-02-11,43.9,45.3,43.79,44.92,43.88,8529840.0,379407330.0,14592814740.6,17350588704.9
sh600645,中源协和,2015-02-12,45.0,45.3,43.82,44.09,44.92,5404079.0,239528575.0,14323179027.5,17029996794.3
sh600645,中源协和,2015-02-13,44.16,46.37,43.8,45.89,44.09,12275608.0,559626397.0,14907931176.5,17725256359.5
sh600645,中源协和,2015-02-16,45.9,47.4,45.5,46.99,45.89,9503338.0,444457346.0,15265279712.0,18150137204.9
sh600645,中源协和,2015-02-17,46.95,50.61,46.9,49.46,46.99,17012833.0,836182540.0,16067689605.3,19104187830.4
sh600645,中源协和,2015-02-25,49.08,50.65,48.31,48.61,49.46,9197828.0,454886057.0,15791556646.0,18775870813.5
sh600645,中源协和,2015-02-26,48.2,49.22,47.0,47.92,48.61,6156300.0,295912502.0,15567401655.6,18509354646.9
sh600645,中源协和,2015-02-27,48.9,51.51,48.6,48.81,47.92,14327047.0,713482635.0,15856529107.0,18853121876.3
sh600645,中源协和,2015-03-02,48.88,52.88,48.57,52.45,48.81,19684462.0,1000130964.0,17039027897.2,20259091219.3
sh600645,中源协和,2015-03-03,52.31,55.69,52.0,53.37,52.45,20193379.0,1095605060.0,17337901217.8,20614446108.2
sh600645,中源协和,2015-03-04,53.3,58.5,53.3,56.95,53.37,21579524.0,1223713616.0,18500908269.8,21997240132.3
sh600645,中源协和,2015-03-05,57.99,58.57,55.2,56.17,56.95,13679119.0,772101239.0,18247515671.8,21695960987.4
sh600645,中源协和,2015-03-06,55.6,56.7,53.2,53.58,56.17,12880599.0,703369290.0,17406122301.9,20695559724.1
sh600645,中源协和,2015-03-09,53.03,56.5,53.0,55.49,53.58,9267655.0,509938164.0,18026609304.5,21433307373.9
sh600645,中源协和,2015-03-10,55.8,61.04,55.6,61.04,55.49,19248030.0,1136649671.0,19829595097.2,23577024366.6
sh600645,中源协和,2015-03-11,62.15,63.56,59.79,60.42,61.04,15503027.0,954398405.0,19628180468.1,23337546071.9
sh600645,中源协和,2015-03-12,59.8,60.3,56.8,59.33,60.42,12546406.0,733569953.0,19274080555.7,22916527779.6
sh600645,中源协和,2015-03-13,59.06,60.57,58.44,59.98,59.33,12694286.0,756577852.0,19485241053.9,23167593733.7
sh600645,中源协和,2015-03-16,60.19,63.56,58.5,59.89,59.98,32044541.0,1943811749.0,19456003446.5,23132830755.5
sh600645,中源协和,2015-03-17,56.58,61.19,56.58,60.1,59.89,31439274.0,1840360122.0,19524224530.5,23213944371.4
sh600645,中源协和,2015-03-18,59.85,63.38,59.3,61.28,60.1,16535885.0,1023871266.0,19907562050.4,23669725641.9
sh600645,中源协和,2015-03-19,61.0,62.09,59.3,60.0,61.28,10537199.0,634889073.0,19491738300.0,23175318840.0
sh600645,中源协和,2015-03-20,60.0,60.71,58.8,60.21,60.0,9250953.0,552599424.0,19559959384.0,23256432455.9
sh600645,中源协和,2015-03-23,60.11,60.11,58.0,58.66,60.21,19881152.0,1165580181.0,19056422811.3,22657736719.2
sh600645,中源协和,2015-03-24,59.87,60.2,57.8,59.5,58.66,16367753.0,967748397.0,19329307147.5,22982191183.0
sh600645,中源协和,2015-03-25,59.5,62.18,58.62,61.65,59.5,17717403.0,1078160671.0,20027761103.2,23812640108.1
sh600645,中源协和,2015-03-26,61.23,61.23,58.6,59.47,61.65,11058218.0,658841000.0,19319561278.3,22970603523.6
sh600645,中源协和,2015-03-27,60.05,63.38,59.1,62.28,59.47,13666815.0,847483330.0,20232424355.4,24055980955.9
sh600645,中源协和,2015-03-30,62.22,66.55,62.22,65.92,62.28,15290715.0,986537939.0,21414923145.6,25461950298.9
sh600645,中源协和,2015-03-31,68.0,68.17,64.01,66.03,65.92,13837734.0,911644112.0,21450657999.2,25504438383.4
sh600645,中源协和,2015-04-01,65.82,68.58,65.14,68.1,66.03,12297534.0,826519699.0,22123122970.5,26303986883.4
sh600645,中源协和,2015-04-02,67.96,69.93,66.57,69.51,68.1,12015972.0,816220442.0,22581178820.5,26848606876.1
sh600645,中源协和,2015-04-03,68.51,70.49,68.08,69.97,69.51,8978316.0,621836812.0,22730615480.8,27026284320.6
sh600645,中源协和,2015-04-07,69.6,69.91,67.7,68.29,69.97,13974938.0,955722333.0,22184846808.5,26377375393.1
sh600645,中源协和,2015-04-08,69.31,69.4,63.66,64.86,68.29,13016784.0,862734226.0,21070569102.3,25052519666.0
sh600645,中源协和,2015-04-09,64.47,64.74,61.01,64.38,64.86,12036914.0,759798047.0,20914635195.9,24867117115.3
sh600645,中源协和,2015-04-10,64.2,67.78,63.6,66.87,64.38,7684965.0,509606349.0,21723542335.3,25828892847.2
sh600645,中源协和,2015-04-13,67.01,68.28,66.01,67.88,66.87,12301615.0,832461721.0,22051653263.4,26219010714.3
sh600645,中源协和,2015-04-14,68.0,68.8,66.96,67.52,67.88,9555911.0,647053225.0,21934702833.6,26079958801.3
sh600645,中源协和,2015-04-15,67.39,67.39,64.0,64.28,67.52,7447883.0,485505101.0,20882148965.4,24828491583.9
sh600645,中源协和,2015-04-16,63.5,70.71,62.3,70.71,64.28,20976977.0,1457799250.0,22971013586.5,27312113252.9
sh600645,中源协和,2015-04-17,70.7,77.5,70.01,72.99,70.71,18063418.0,1327512837.0,23711699642.0,28192775368.9
sh600645,中源协和,2015-04-20,71.0,74.35,68.0,69.16,72.99,13141817.0,922468279.0,22467477013.8,26713417516.2
sh600645,中源协和,2015-04-21,68.22,71.99,68.1,71.08,69.16,8078900.0,566921693.0,23091212639.4,27455027719.1
sh600645,中源协和,2015-04-22,71.73,74.97,71.09,72.19,71.08,11140912.0,816138240.0,23451809798.0,27883771117.7
sh600645,中源协和,2015-04-23,72.94,76.13,70.5,74.38,72.19,15252829.0,1118354967.0,24163258245.9,28729670255.3
sh600645,中源协和,2015-04-24,73.0,79.58,72.28,79.34,74.38,17389790.0,1332077084.0,25774575278.7,30645496612.8
sh600645,中源协和,2015-10-12,71.41,71.41,71.41,71.41,79.34,78100.0,5577121.0,23198417200.0,27582491972.7
sh600645,中源协和,2015-10-13,64.27,64.27,64.27,64.27,71.41,39700.0,2551519.0,20878900342.3,24824629030.8
sh600645,中源协和,2015-10-14,57.84,57.84,57.84,57.84,64.27,952200.0,55075248.0,18790035721.2,22341007361.8
sh600645,中源协和,2015-10-15,52.06,54.21,52.06,53.95,57.84,95313301.0,4990416241.0,17526321354.8,20838474190.3
sh600645,中源协和,2015-10-16,53.0,55.77,52.48,53.65,53.95,43296812.0,2339468504.0,17428862663.2,20722597596.1
sh600645,中源协和,2015-10-19,54.2,56.44,52.73,53.6,53.65,37153428.0,2019046741.0,17412619548.0,20703284830.4
sh600645,中源协和,2015-10-20,53.2,54.84,52.69,54.22,53.6,27277766.0,1470057149.0,17614034177.1,20942763125.1
sh600645,中源协和,2015-10-21,54.16,58.42,53.0,54.31,54.22,39615452.0,2204403188.0,17643271784.5,20977526103.3
sh600645,中源协和,2015-10-22,54.92,58.8,54.0,58.14,54.31,38214946.0,2149097421.0,18887494412.7,22456883956.0
sh600645,中源协和,2015-10-23,59.98,60.39,57.05,58.14,58.14,35893780.0,2116828641.0,18887494412.7,22456883956.0
sh600645,中源协和,2015-10-26,58.21,58.76,55.8,56.6,58.14,25864246.0,1469111948.0,18387206463.0,21862050772.4
sh600645,中源协和,2015-10-27,56.01,57.0,53.52,56.53,56.6,24086638.0,1331209352.0,18364466101.7,21835012900.4
sh600645,中源协和,2015-10-28,55.88,57.55,54.5,54.84,56.53,19477179.0,1090020996.0,17815448806.2,21182241419.8
sh600645,中源协和,2015-10-29,55.2,55.54,54.0,54.15,54.84,13411608.0,731197850.0,17591293815.8,20915725253.1
sh600645,中源协和,2015-10-30,54.39,56.65,53.8,54.74,54.15,16171275.0,896284458.0,17782962575.7,21143615888.4
sh600645,中源协和,2015-11-02,53.0,55.5,52.12,53.04,54.74,15025040.0,809284863.0,17230696657.2,20486981854.6
sh600645,中源协和,2015-11-03,53.05,54.0,51.62,51.86,53.04,13165618.0,693901529.0,16847359137.3,20031200584.0
sh600645,中源协和,2015-11-04,52.01,54.98,52.0,54.81,51.86,17036786.0,909300792.0,17805702937.0,21170653760.3
sh600645,中源协和,2015-11-05,54.1,55.45,53.69,53.87,54.81,13281404.0,721418499.0,17500332370.3,20807573765.2
sh600645,中源协和,2015-11-06,53.9,55.5,53.9,54.61,53.87,13994011.0,765945676.0,17740730476.0,21093402697.5
sh600645,中源协和,2015-11-09,54.48,58.66,54.01,57.05,54.61,22501729.0,1270853522.0,18533394500.2,22035865663.7
sh600645,中源协和,2015-11-10,56.3,57.45,55.52,56.39,57.05,14175538.0,801211166.0,18318985379.0,21780937156.5
sh600645,中源协和,2015-11-11,56.43,59.3,56.43,59.07,56.39,22171676.0,1294043122.0,19189616356.3,22816101398.0
sh600645,中源协和,2015-11-12,59.23,60.09,57.5,58.27,59.07,15999402.0,937954052.0,18929726512.3,22507097146.8
sh600645,中源协和,2015-11-13,57.6,63.7,56.51,61.84,58.27,28512772.0,1697001222.0,20089484941.2,23886028617.8
sh600645,中源协和,2015-11-16,59.82,63.38,59.21,61.92,61.84,17559803.0,1079879960.0,20115473925.6,23916929042.9
sh600645,中源协和,2015-11-17,62.79,63.05,59.29,59.43,61.92,16910278.0,1036847797.0,19306566786.2,22955153311.0
sh600645,中源协和,2015-11-18,59.5,59.74,56.33,56.54,59.43,15137124.0,875473669.0,18367714724.7,21838875453.6
sh600645,中源协和,2015-11-19,57.32,58.0,55.8,57.53,56.54,10250673.0,583922767.0,18689328406.7,22221268214.4
sh600645,中源协和,2015-11-20,57.69,58.62,56.9,57.92,57.53,10066745.0,581228208.0,18816024705.6,22371907786.9
sh600645,中源协和,2015-11-23,57.8,58.0,54.85,54.98,57.92,16592879.0,934337025.0,17860929528.9,21236317163.7
sh600645,中源协和,2015-11-24,54.5,56.14,54.3,56.03,54.98,8139699.0,449682152.0,18202034949.2,21641885243.4
sh600645,中源协和,2015-11-25,55.78,57.52,55.77,57.43,56.03,11105794.0,631431377.0,18656842176.2,22182642683.0
sh600645,中源协和,2015-11-26,57.75,57.95,55.95,56.25,57.43,9520661.0,538079990.0,18273504656.2,21726861412.5
sh600645,中源协和,2015-11-27,55.9,57.0,51.85,52.19,56.25,11663117.0,637233205.0,16954563698.0,20158664837.7
sh600645,中源协和,2015-11-30,52.8,53.08,46.97,49.9,52.19,20571722.0,1019025498.0,16210629019.5,19274140168.6
sh600645,中源协和,2015-12-01,49.5,51.25,49.0,50.23,49.9,11179806.0,561045558.0,16317833580.1,19401604422.2
sh600645,中源协和,2015-12-02,50.68,50.68,46.92,48.66,50.23,9226213.0,447347154.0,15807799761.3,18795183579.2
sh600645,中源协和,2015-12-03,48.62,49.68,48.51,49.61,48.66,6956453.0,341965736.0,16116418951.0,19162126127.5
sh600645,中源协和,2015-12-04,49.65,51.68,49.21,51.19,49.61,12132426.0,618848894.0,16629701393.0,19772409523.7
sh600645,中源协和,2015-12-07,51.37,51.82,50.18,51.05,51.19,8875939.0,450549994.0,16584220670.2,19718333779.7
sh600645,中源协和,2015-12-08,50.58,50.88,48.74,49.01,51.05,10545143.0,521882528.0,15921501568.0,18930372939.1
sh600645,中源协和,2015-12-09,48.69,49.37,47.05,47.63,49.01,10195288.0,490668427.0,15473191587.1,18397340605.8
sh600645,中源协和,2015-12-10,47.7,51.91,47.4,49.71,47.63,15021542.0,743584566.0,16148905181.5,19200751658.9
sh600645,中源协和,2015-12-11,49.44,50.55,49.03,49.81,49.71,8159293.0,406111939.0,16181391412.0,19239377190.3
sh600645,中源协和,2015-12-14,50.58,51.0,49.51,50.37,49.81,10913804.0,546210098.0,16363314302.9,19455680166.2
sh600645,中源协和,2015-12-15,50.37,53.27,50.12,52.48,50.37,13792247.0,721189116.0,17048773766.4,20270678878.7
sh600645,中源协和,2015-12-16,53.33,55.41,52.56,54.66,52.48,15694050.0,849717413.0,17756973591.3,21112715463.2
sh600645,中源协和,2015-12-17,55.0,55.39,54.15,54.49,54.66,11555043.0,630977998.0,17701746999.5,21047052059.9
sh600645,中源协和,2015-12-18,54.3,58.78,54.3,57.63,54.49,22092232.0,1256686738.0,18721814637.2,22259893745.8
sh600645,中源协和,2015-12-21,59.8,63.39,58.98,59.47,57.63,24275481.0,1481607940.0,19319561278.3,22970603523.6
sh600645,中源协和,2015-12-22,58.78,62.99,58.65,61.59,59.47,17237866.0,1056714767.0,20008269365.0,23789464789.3
sh600645,中源协和,2015-12-23,60.9,64.01,58.89,59.21,61.59,17034924.0,1056727758.0,19235097079.0,22870177141.9
sh600645,中源协和,2015-12-24,59.88,64.99,59.55,64.95,59.21,25406427.0,1594226173.0,21099806709.8,25087282644.3
sh600645,中源协和,2015-12-25,64.0,69.97,63.5,68.93,64.95,28232031.0,1896153506.0,22392758683.7,26624578794.0
sh600645,中源协和,2015-12-28,68.8,70.75,66.4,67.09,68.93,16944187.0,1156101623.0,21795012042.5,25913869016.3
sh600645,中源协和,2015-12-29,67.1,67.64,63.82,65.01,67.09,15045002.0,980216140.0,21119298448.0,25110457963.1
sh600645,中源协和,2016-01-04,63.9,64.53,58.51,58.51,65.01,13433326.0,823206818.0,19007693465.5,22599798422.1
sh600645,中源协和,2016-01-05,53.62,57.89,53.48,56.61,58.51,19814991.0,1100456352.0,18390455086.0,21865913325.5
sh600645,中源协和,2016-01-06,56.9,59.71,56.61,59.32,56.61,14170287.0,826844936.0,19270831932.6,22912665226.5
sh600645,中源协和,2016-01-07,57.91,57.91,53.39,53.39,59.32,3617118.0,200640466.0,17344398464.0,20622171214.5
sh600645,中源协和,2016-01-08,55.0,58.72,49.13,56.88,53.39,20037780.0,1101480918.0,18478167908.4,21970202260.3
sh600645,中源协和,2016-01-11,54.0,55.04,51.19,51.19,56.88,17446807.0,920048666.0,16629701393.0,19772409523.7
sh600645,中源协和,2016-01-12,50.0,50.95,47.0,48.78,51.19,16467375.0,808007314.0,15846783237.9,18841534216.9
sh600645,中源协和,2016-01-13,49.5,51.23,43.9,44.02,48.78,23137768.0,1099606448.0,14300438666.1,17002958922.3
sh600645,中源协和,2016-01-14,41.0,46.2,40.3,45.52,44.02,19689812.0,854128314.0,14787732123.6,17582341893.3
sh600645,中源协和,2016-01-15,44.01,44.68,40.97,41.06,45.52,24403666.0,1033311019.0,13338846243.3,15859643192.8
sh600645,中源协和,2016-01-18,38.45,41.44,38.28,40.28,41.06,32770112.0,1296342242.0,13085453645.4,15558364047.9
sh600645,中源协和,2016-01-19,40.4,42.21,39.8,41.97,40.28,30587755.0,1254050351.0,13634470940.9,16211135528.6
sh600645,中源协和,2016-01-20,41.34,43.8,41.2,42.31,41.97,28284622.0,1201463798.0,13744924124.5,16342462335.3
sh600645,中源协和,2016-01-21,41.86,42.85,38.34,38.48,42.31,27894693.0,1148435000.0,12500701496.4,14863104482.7
sh600645,中源协和,2016-01-22,39.28,41.06,38.6,40.98,38.48,23016225.0,916631565.0,13312857258.9,15828742767.7
sh600645,中源协和,2016-01-25,41.8,42.2,40.04,40.79,40.98,23093327.0,951226630.0,13251133421.0,15755354258.1
sh600645,中源协和,2016-01-26,40.0,40.2,36.8,37.03,40.79,21052122.0,815540101.0,12029651154.1,14303034277.4
sh600645,中源协和,2016-01-27,37.3,37.47,33.85,36.36,37.03,24110769.0,852210803.0,11811993409.8,14044243217.0
sh600645,中源协和,2016-01-28,35.37,36.07,33.46,33.58,36.36,20075315.0,699636732.0,10908876201.9,12970453444.1
sh600645,中源协和,2016-01-29,33.39,36.41,33.22,35.39,33.58,20184506.0,704385548.0,11496876974.0,13669575562.5
sh600645,中源协和,2016-02-01,35.37,36.67,34.68,35.9,35.39,18901397.0,675610519.0,11662556749.5,13866565772.6
sh600645,中源协和,2016-02-02,35.99,38.64,35.81,37.95,35.9,20465621.0,769468128.0,12441304929.9,14658389166.3
sh600645,中源协和,2016-02-03,37.3,38.1,36.55,37.98,37.95,14609172.0,544376830.0,12451139953.6,14669976825.7
sh600645,中源协和,2016-02-04,38.3,40.51,38.0,40.05,37.98,22522072.0,880245285.0,13167723986.1,15469525325.7
sh600645,中源协和,2016-03-04,39.98,40.0,36.05,36.05,40.05,35802159.0,1341318929.0,11852595498.1,13924504069.7
sh600645,中源协和,2016-03-07,35.67,37.22,34.59,35.46,36.05,25841650.0,925424975.0,11658614046.1,13696613434.4
sh600645,中源协和,2016-03-08,35.0,35.63,33.02,35.53,35.46,18908041.0,650580588.0,11681628794.7,13723651306.4
sh600645,中源协和,2016-03-09,34.48,37.06,33.9,35.14,35.53,19420767.0,693469439.0,11553403767.1,13573011734.0
sh600645,中源协和,2016-03-10,35.3,35.69,33.8,33.86,35.14,13904192.0,480712089.0,11132562650.9,13078604932.0
sh600645,中源协和,2016-03-11,33.06,34.18,33.03,33.58,33.86,10908595.0,366656739.0,11040503656.8,12970453444.1
sh600645,中源协和,2016-03-14,34.42,36.94,34.37,36.09,33.58,21112575.0,758718331.0,11865746783.0,13939954282.3
sh600645,中源协和,2016-03-15,36.22,37.35,35.83,35.99,36.09,17801551.0,649342116.0,11832868570.8,13901328750.9
sh600645,中源协和,2016-03-16,36.57,36.89,34.8,35.21,35.99,13681426.0,487921810.0,11576418515.6,13600049605.9
sh600645,中源协和,2016-03-17,35.49,38.45,35.45,38.19,35.21,26019232.0,967685916.0,12556189239.2,14751090441.7
sh600645,中源协和,2016-03-18,38.1,39.88,37.8,39.47,38.19,26920275.0,1050160492.0,12977030355.3,15245497243.6
sh600645,中源协和,2016-03-21,39.62,41.4,39.62,40.59,39.47,24932224.0,1011023830.0,13345266332.0,15678103195.3
sh600645,中源协和,2016-03-22,40.55,40.55,39.65,39.88,40.59,16110298.0,645439761.0,13111831025.4,15403861922.3
sh600645,中源协和,2016-03-23,39.8,40.77,39.62,40.33,39.88,15039968.0,605034550.0,13259782980.3,15577676813.6
sh600645,中源协和,2016-03-24,40.13,40.13,38.6,38.69,40.33,16845273.0,663419223.0,12720580300.2,14944218098.7
sh600645,中源协和,2016-03-25,38.72,39.85,38.6,39.4,38.69,12893153.0,505093706.0,12954015606.8,15218459371.6
sh600645,中源协和,2016-03-28,39.51,40.3,38.3,38.43,39.4,14699500.0,579047772.0,12635096948.5,14843791717.0
sh600645,中源协和,2016-03-29,38.63,38.78,36.55,37.0,38.43,14309831.0,535909176.0,12164938514.0,14291446618.0
sh600645,中源协和,2016-03-30,37.48,39.19,37.2,39.09,37.0,13524872.0,514773918.0,12852093149.0,15092309464.3
sh600645,中源协和,2016-03-31,39.3,40.78,39.29,39.34,39.09,18802288.0,751907213.0,12934288679.5,15188832292.8
sh600645,中源协和,2016-04-01,39.1,39.79,37.75,38.55,39.34,14006573.0,539681461.0,12674550803.1,14883820154.7
sh600645,中源协和,2016-04-05,38.5,40.39,38.0,40.14,38.55,19092376.0,753796804.0,13197314377.1,15497705344.0
sh600645,中源协和,2016-04-07,40.41,40.59,38.5,38.98,40.14,23558450.0,925333630.0,12815927115.6,15049839419.7
sh600645,中源协和,2016-04-08,38.2,39.98,38.08,39.45,38.98,16924802.0,662088186.0,12970454712.9,15231302337.3
sh600645,中源协和,2016-04-11,40.5,43.32,40.31,42.89,39.45,36269778.0,1511658841.0,14101465212.6,16559456457.5
sh600645,中源协和,2016-04-12,43.32,43.77,41.62,42.4,42.89,32789791.0,1399532423.0,13940361972.8,16370271713.6
sh600645,中源协和,2016-04-13,42.92,43.8,42.25,43.36,42.4,31380087.0,1351635030.0,14255992809.9,16740919375.0
sh600645,中源协和,2016-04-14,43.4,43.57,42.53,43.24,43.36,16943994.0,730151227.0,14216538955.3,16694588417.4
sh600645,中源协和,2016-04-15,43.26,44.44,43.0,43.45,43.24,20004140.0,872461685.0,14285583200.9,16775667593.3
sh600645,中源协和,2016-04-18,42.9,42.9,41.52,41.64,43.45,14938052.0,626060461.0,13690487560.1,16076842315.0
sh600645,中源协和,2016-04-19,42.08,42.79,41.65,42.03,41.64,12696499.0,535816407.0,13818712587.7,16227417927.4
sh600645,中源协和,2016-04-20,42.08,42.28,38.45,38.91,42.03,23353696.0,933132674.0,12792912367.0,15022813027.7
sh600645,中源协和,2016-04-21,38.69,39.4,37.0,37.87,38.91,12119664.0,469467568.0,12450978960.1,14621278061.2
sh600645,中源协和,2016-04-22,37.79,39.06,37.45,38.75,37.87,9604261.0,369716427.0,12740307227.5,14961038417.5
sh600645,中源协和,2016-04-25,38.25,38.35,37.43,38.1,38.75,8877395.0,336694312.0,12526598848.2,14710079063.4
sh600645,中源协和,2016-04-26,38.05,38.98,37.61,38.75,38.1,8710287.0,332280067.0,12740307227.5,14961038417.5
sh600645,中源协和,2016-04-27,38.78,38.87,37.92,38.05,38.75,8519692.0,327152761.0,12510159742.1,14690774497.7
sh600645,中源协和,2016-04-28,38.11,38.52,37.51,38.35,38.05,8713914.0,330845974.0,12608794378.7,14806601891.9
sh600645,中源协和,2016-04-29,38.0,38.4,37.8,37.9,38.35,5757679.0,219214637.0,12460842423.8,14632860800.6
sh600645,中源协和,2016-06-07,34.31,34.99,34.11,34.11,37.9,23960261.0,820711860.0,11214758181.4,13169574720.5
sh600645,中源协和,2016-06-08,33.1,34.28,32.13,34.13,34.11,45146561.0,1497453067.0,11221333823.9,13177296546.8
sh600645,中源协和,2016-06-13,33.1,34.66,33.03,33.82,34.13,25536048.0,869740357.0,11119411366.0,13057608239.5
sh600645,中源协和,2016-06-14,33.85,33.85,32.57,33.0,33.82,15266452.0,503972429.0,10849810026.0,12741013362.0
sh600645,中源协和,2016-06-15,32.51,34.6,32.51,34.01,33.0,13927582.0,470429435.0,11181879969.2,13130965589.1
sh600645,中源协和,2016-06-16,34.07,34.37,33.51,33.72,34.01,12076924.0,410106418.0,11086533153.8,13018999108.1
sh600645,中源协和,2016-06-17,33.78,35.2,33.78,34.34,33.72,18791513.0,649658459.0,11290378069.5,13258375722.8
sh600645,中源协和,2016-06-20,34.27,34.3,33.01,33.81,34.34,10956121.0,367599693.0,11116123544.8,13053747326.3
sh600645,中源协和,2016-06-21,33.99,34.19,33.1,33.2,33.81,8727302.0,293765267.0,10915566450.4,12818231624.8
sh600645,中源协和,2016-06-22,33.27,33.67,33.13,33.65,33.2,5704301.0,190591918.0,11063518405.3,12991972716.1
sh600645,中源协和,2016-06-23,33.69,34.3,33.22,34.03,33.65,9861934.0,334634030.0,11188455611.7,13138687415.4
sh600645,中源协和,2016-06-24,33.93,34.26,32.31,33.19,34.03,11141002.0,371940412.0,10912278629.2,12814370711.7
sh600645,中源协和,2016-06-27,32.77,34.16,32.77,34.11,33.19,10387551.0,351215820.0,11214758181.4,13169574720.5
sh600645,中源协和,2016-06-28,35.0,35.97,34.44,35.48,34.11,19142696.0,678209182.0,11665189688.6,13698519820.7
sh600645,中源协和,2016-06-29,35.62,35.87,35.1,35.42,35.48,14449141.0,512014324.0,11645462761.2,13675354341.9
sh600645,中源协和,2016-06-30,35.45,35.65,35.09,35.14,35.42,7163271.0,252585174.0,11553403767.1,13567248774.0
sh600645,中源协和,2016-07-01,35.35,35.57,35.03,35.3,35.14,6377717.0,225486397.0,11606008906.6,13629023384.2
sh600645,中源协和,2016-07-04,35.06,36.27,34.81,35.99,35.3,8997774.0,322815937.0,11832868570.8,13895426390.9
sh600645,中源协和,2016-07-05,35.9,35.98,35.49,35.81,35.99,8369513.0,298939968.0,11773687788.8,13825929954.3
sh600645,中源协和,2016-07-06,35.45,35.85,35.38,35.69,35.81,5473923.0,194715504.0,11734233934.2,13779598996.7
sh600645,中源协和,2016-07-07,35.81,36.89,35.6,36.35,35.69,11258447.0,408383920.0,11951230134.7,14034419263.9
sh600645,中源协和,2016-07-08,36.36,37.18,35.88,35.89,36.35,10577792.0,385189645.0,11799990358.6,13856817259.5
sh600645,中源协和,2016-07-11,35.85,36.1,35.35,35.45,35.89,6937636.0,247312056.0,11655326224.9,13686937081.3
sh600645,中源协和,2016-07-12,35.59,35.8,34.92,35.72,35.45,6616768.0,233924964.0,11744097397.8,13791181736.1
sh600645,中源协和,2016-07-13,35.8,36.58,35.78,36.31,35.72,8943550.0,324843413.0,11938078849.8,14018975611.3
sh600645,中源协和,2016-07-14,36.4,36.57,35.91,36.25,36.31,6488066.0,234510608.0,11918351922.5,13995810132.5
sh600645,中源协和,2016-07-15,36.25,36.5,36.0,36.21,36.25,6121510.0,221775650.0,11905200637.6,13980366479.9
sh600645,中源协和,2016-07-18,36.15,36.16,35.6,35.79,36.21,5059625.0,181585004.0,11767112146.4,13818208128.1
sh600645,中源协和,2016-07-19,35.86,36.06,35.51,36.02,35.79,5415977.0,194122798.0,11842732034.4,13907009130.3
sh600645,中源协和,2016-07-20,36.18,36.8,35.89,36.28,36.02,7488086.0,272056535.0,11928215386.2,14007392871.9
sh600645,中源协和,2016-07-21,36.4,36.45,35.9,35.93,36.28,6203475.0,224177932.0,11813141643.5,13872260912.0
sh600645,中源协和,2016-07-22,35.95,36.16,35.2,35.29,35.93,8029560.0,285719969.0,11602721085.4,13625162471.1
sh600645,中源协和,2016-07-25,35.3,35.63,35.19,35.62,35.29,3738375.0,132538780.0,11711219185.6,13752572604.7
sh600645,中源协和,2016-07-26,35.87,36.71,35.87,36.61,35.62,12770192.0,465627393.0,12036713486.4,14134803005.5
sh600645,中源协和,2016-07-27,36.49,36.5,34.5,35.13,36.61,11438202.0,407766214.0,11550115945.9,13563387860.8
sh600645,中源协和,2016-07-28,35.29,35.4,33.33,34.09,35.13,9705469.0,332313795.0,11208182539.0,13161852894.3
sh600645,中源协和,2016-07-29,34.09,34.15,33.46,33.64,34.09,4053494.0,136713617.0,11060230584.1,12988111803.0
sh600645,中源协和,2016-08-01,33.45,33.45,32.52,32.88,33.64,6812108.0,223367272.0,10810356171.4,12694682404.3
sh600645,中源协和,2016-08-02,32.9,33.11,32.76,33.05,32.88,3557657.0,117191648.0,10866249132.1,12760317927.7
sh600645,中源协和,2016-08-03,33.05,33.4,32.88,33.07,33.05,3846347.0,127382053.0,10872824774.5,12768039754.0
sh600645,中源协和,2016-08-04,33.1,33.23,32.6,33.19,33.07,4290335.0,141179772.0,10912278629.2,12814370711.7
sh600645,中源协和,2016-08-05,33.13,33.14,32.73,32.81,33.19,2885241.0,94984530.0,10787341422.8,12667656012.3
sh600645,中源协和,2016-08-08,32.8,33.26,32.21,33.24,32.81,4249717.0,139519681.0,10928717735.3,12833675277.4
sh600645,中源协和,2016-08-09,33.31,34.06,33.19,34.0,33.24,6027728.0,202846227.0,11178592148.0,13127104676.0
sh600645,中源协和,2016-08-10,34.09,34.09,33.58,33.63,34.0,4200559.0,142013653.0,11056942762.9,12984250889.8
sh600645,中源协和,2016-08-11,33.51,33.93,33.0,33.01,33.63,3727730.0,124931919.0,10853097847.2,12744874275.1
sh600645,中源协和,2016-08-12,32.81,33.23,32.62,33.18,33.01,4222868.0,138833369.0,10908990808.0,12810509798.5
sh600645,中源协和,2016-08-15,33.09,34.23,32.9,34.09,33.18,6981366.0,235323162.0,11208182539.0,13161852894.3
sh600645,中源协和,2016-08-16,34.1,35.09,33.8,34.52,34.09,7194710.0,247157036.0,11349558851.4,13327872159.3
sh600645,中源协和,2016-08-17,34.51,36.91,34.2,36.44,34.52,16476477.0,588774346.0,11980820525.7,14069167482.2
sh600645,中源协和,2016-08-18,36.0,36.29,35.72,35.85,36.44,9699162.0,348899166.0,11786839073.7,13841373606.9
sh600645,中源协和,2016-08-19,35.75,36.49,35.7,35.7,35.85,8376056.0,301509025.0,11737521755.4,13783459909.8
sh600645,中源协和,2016-08-22,35.99,36.24,35.56,35.74,35.7,7456809.0,266951331.0,11750673040.3,13798903562.4
sh600645,中源协和,2016-08-23,35.71,36.15,35.2,35.95,35.74,6533547.0,233764604.0,11819717285.9,13879982738.3
sh600645,中源协和,2016-08-24,35.94,36.32,35.7,35.72,35.95,6661642.0,240053996.0,11744097397.8,13791181736.1
sh600645,中源协和,2016-08-25,35.66,35.66,34.9,35.06,35.72,6157869.0,216371335.0,11527101197.3,13536361468.8
sh600645,中源协和,2016-08-26,35.3,36.17,35.25,35.85,35.06,10756108.0,385770351.0,11786839073.7,13841373606.9
sh600645,中源协和,2016-08-29,35.85,36.13,34.9,35.23,35.85,6331063.0,224947738.0,11582994158.1,13601996992.2
sh600645,中源协和,2016-08-30,35.4,35.72,35.07,35.59,35.23,5164100.0,183124942.0,11701355722.0,13740989865.3
sh600645,中源协和,2016-08-31,35.33,35.57,34.97,35.11,35.59,4297110.0,151157717.0,11543540303.4,13555666034.5
sh600645,中源协和,2016-09-01,35.16,35.25,34.2,34.23,35.11,5283134.0,183600487.0,11254212036.1,13215905678.2
sh600645,中源协和,2016-09-02,34.3,34.39,33.36,33.69,34.23,7990653.0,269418086.0,11076669690.2,13007416368.7
sh600645,中源协和,2016-09-05,33.81,34.12,33.62,33.77,33.69,4329980.0,146603932.0,11102972259.9,13038303673.8
sh600645,中源协和,2016-09-06,33.7,35.0,33.63,34.77,33.77,5254885.0,180471530.0,11431754381.9,13424394987.8
sh600645,中源协和,2016-09-07,34.77,35.03,34.5,34.8,34.77,5625282.0,195679866.0,11441617845.6,13435977727.2
sh600645,中源协和,2016-09-08,34.81,34.81,34.37,34.49,34.8,3633818.0,125538147.0,11339695387.8,13316289419.9
sh600645,中源协和,2016-09-09,34.69,34.77,34.2,34.33,34.49,3368432.0,116357581.0,11287090248.3,13254514809.6
sh600645,中源协和,2016-09-12,33.4,33.95,32.68,32.93,34.33,6515521.0,216614874.0,10826795277.5,12713986970.0
sh600645,中源协和,2016-09-13,32.99,33.26,32.73,32.78,32.93,4263326.0,140124840.0,10777477959.2,12656073272.9
sh600645,中源协和,2016-09-14,32.82,33.08,32.7,32.95,32.78,3553654.0,117035238.0,10833370919.9,12721708796.3
sh600645,中源协和,2016-09-19,33.06,33.49,33.01,33.18,32.95,2666848.0,88550087.0,10908990808.0,12810509798.5
sh600645,中源协和,2016-09-20,33.4,33.95,33.29,33.7,33.18,3971154.0,133961745.0,11079957511.4,13011277281.8
sh600645,中源协和,2016-09-21,33.69,33.69,33.16,33.38,33.7,4937569.0,164459990.0,10974747232.4,12887728061.3
sh600645,中源协和,2016-09-22,33.67,33.75,33.01,33.16,33.38,5802640.0,193388626.0,10902415165.5,12802787972.2
sh600645,中源协和,2016-09-23,33.18,33.35,32.97,33.01,33.16,3728594.0,123498131.0,10853097847.2,12744874275.1
sh600645,中源协和,2016-09-26,32.92,33.08,32.23,32.25,33.01,4442646.0,145162063.0,10603223434.5,12451444876.5
sh600645,中源协和,2016-09-27,32.41,32.65,32.21,32.56,32.25,4371338.0,141905021.0,10705145892.3,12571133183.8
sh600645,中源协和,2016-09-28,32.65,32.65,32.25,32.41,32.56,2585527.0,83868521.0,10655828574.0,12513219486.7
sh600645,中源协和,2016-09-29,32.59,32.89,32.5,32.51,32.41,4222977.0,138188293.0,10688706786.2,12551828618.1
sh600645,中源协和,2016-09-30,32.6,32.76,32.44,32.65,32.51,3352163.0,109353654.0,10734736283.3,12605881402.1
sh600645,中源协和,2016-10-10,33.16,33.35,32.79,33.17,32.65,4988831.0,165079578.0,10905702986.7,12806648885.4
sh600645,中源协和,2016-10-11,33.11,33.6,33.01,33.3,33.17,8152449.0,271104167.0,10948444662.6,12856840756.2
sh600645,中源协和,2016-10-12,33.22,33.41,33.03,33.25,33.3,5420879.0,180079099.0,10932005556.5,12837536190.5
sh600645,中源协和,2016-10-13,33.18,33.29,32.98,33.1,33.25,3675400.0,121812021.0,10882688238.2,12779622493.4
sh600645,中源协和,2016-10-14,33.02,33.1,32.56,32.7,33.1,5346883.0,175132181.0,10751175389.4,12625185967.8
sh600645,中源协和,2016-10-17,32.76,33.4,32.68,33.16,32.7,7049846.0,233770342.0,10902415165.5,12802787972.2
sh600645,中源协和,2016-10-18,33.17,33.46,32.81,33.37,33.16,5587058.0,185125188.0,10971459411.1,12883867148.2
sh600645,中源协和,2016-10-19,33.37,33.64,33.13,33.16,33.37,3451589.0,115003215.0,10902415165.5,12802787972.2
sh600645,中源协和,2016-10-20,33.1,33.3,32.91,33.13,33.16,3026087.0,100107115.0,10892551701.9,12791205232.8
sh600645,中源协和,2016-10-21,33.13,33.38,32.73,33.3,33.13,5196098.0,171795235.0,10948444662.6,12856840756.2
sh600645,中源协和,2016-10-24,33.33,33.46,33.13,33.38,33.3,4157569.0,138523586.0,10974747232.4,12887728061.3
sh600645,中源协和,2016-10-25,33.37,33.4,33.13,33.23,33.38,2949265.0,98029942.0,10925429914.1,12829814364.2
sh600645,中源协和,2016-10-26,33.26,33.58,33.0,33.14,33.23,4730467.0,157513905.0,10895839523.1,12795066146.0
sh600645,中源协和,2016-10-27,33.13,33.13,32.73,32.85,33.14,3883642.0,127819993.0,10800492707.7,12683099664.9
sh600645,中源协和,2016-10-28,32.79,32.97,32.2,32.29,32.85,7765914.0,252276629.0,10616374719.4,12466888529.1
sh600645,中源协和,2016-10-31,32.25,32.29,29.66,30.34,32.29,14237329.0,435783099.0,9975249581.48,11714010466.8
sh600645,中源协和,2016-11-01,30.3,30.79,29.91,30.49,30.34,7692575.0,233607912.0,10024566899.8,11771924163.9
sh600645,中源协和,2016-11-02,30.46,30.46,29.7,30.08,30.49,8430034.0,253324325.0,9889766229.76,11613626725.1
sh600645,中源协和,2016-11-03,29.9,30.2,29.8,29.98,30.08,5977965.0,179534845.0,9856888017.56,11575017593.7
sh600645,中源协和,2016-11-04,29.93,30.32,29.9,30.11,29.98,4307747.0,129819165.0,9899629693.42,11625209464.5
sh600645,中源协和,2016-11-07,30.12,30.18,29.81,30.02,30.11,4029889.0,120580729.0,9870039302.44,11590461246.3
sh600645,中源协和,2016-11-08,30.09,30.26,29.9,30.13,30.02,4673761.0,140530502.0,9906205335.86,11632931290.8
sh600645,中源协和,2016-11-09,30.03,30.23,29.66,29.94,30.13,5161234.0,154644548.0,9843736732.68,11559573941.2
sh600645,中源协和,2016-11-10,30.18,30.46,29.99,30.29,29.94,6399158.0,193394313.0,9958810475.38,11694705901.1
sh600645,中源协和,2016-11-11,30.31,30.45,30.13,30.44,30.29,6408466.0,194288896.0,10008127793.7,11752619598.2
sh600645,中源协和,2016-11-14,30.44,31.1,30.31,30.79,30.44,7581860.0,233473219.0,10123201536.4,11887751558.1
sh600645,中源协和,2016-11-15,30.7,30.94,30.47,30.86,30.79,4492987.0,137817178.0,10146216284.9,11914777950.0
sh600645,中源协和,2016-11-16,30.8,30.98,30.56,30.75,30.86,5200475.0,160084435.0,10110050251.5,11872307905.5
sh600645,中源协和,2016-11-17,30.68,30.78,30.41,30.58,30.75,4313603.0,131686504.0,10054157290.8,11806672382.1
sh600645,中源协和,2016-11-18,30.55,30.79,30.37,30.41,30.58,4054721.0,123843305.0,9998264330.02,11741036858.7
sh600645,中源协和,2016-11-21,30.41,30.5,30.13,30.17,30.41,6095410.0,184769935.0,9919356620.74,11648374943.4
sh600645,中源协和,2016-11-22,30.22,30.4,30.14,30.35,30.17,4996762.0,151241923.0,9978537402.7,11717871379.9
sh600645,中源协和,2016-11-23,30.31,30.47,30.11,30.2,30.35,6655282.0,201477617.0,9929220084.4,11659957682.8
sh600645,中源协和,2016-11-24,30.22,30.27,29.92,29.97,30.2,4159758.0,125258196.0,9853600196.34,11571156680.6
sh600645,中源协和,2016-11-25,29.97,30.5,29.54,30.45,29.97,7920241.0,238047111.0,10011415614.9,11756480511.3
sh600645,中源协和,2016-11-28,30.49,30.93,30.28,30.71,30.45,9492120.0,290545941.0,10096898966.6,11856864252.9
sh600645,中源协和,2016-11-29,30.7,30.7,30.04,30.15,30.71,6139188.0,185991573.0,9912780978.3,11640653117.1
sh600645,中源协和,2016-11-30,30.0,30.1,29.76,29.99,30.15,4432373.0,132592223.0,9860175838.78,11578878506.9
sh600645,中源协和,2016-12-01,29.95,30.1,29.71,30.01,29.99,4588530.0,137040721.0,9866751481.22,11586600333.1
sh600645,中源协和,2016-12-02,29.85,29.97,29.58,29.61,30.01,4095664.0,121876312.0,9735238632.42,11432163807.5
sh600645,中源协和,2016-12-05,29.09,29.49,29.02,29.34,29.61,5365802.0,156850186.0,9646467459.48,11327919152.8
sh600645,中源协和,2016-12-06,29.38,29.91,29.25,29.72,29.34,5023044.0,148940065.0,10492114665.8,11474633852.1
sh600645,中源协和,2016-12-07,29.78,29.95,29.55,29.85,29.72,4214195.0,125504231.0,10538008841.7,11524825722.9
sh600645,中源协和,2016-12-08,29.78,29.84,29.56,29.65,29.85,2815850.0,83498959.0,10467402417.3,11447607460.1
sh600645,中源协和,2016-12-09,29.68,29.89,29.34,29.77,29.65,3968660.0,117592685.0,10509766271.9,11493938417.8
sh600645,中源协和,2016-12-12,29.71,29.71,26.79,26.8,29.77,16329589.0,451741415.0,9461260869.6,10347247215.2
sh600645,中源协和,2017-05-04,24.12,24.12,24.12,24.12,26.8,6742000.0,162617040.0,8549607906.72,9312522493.68
sh600645,中源协和,2017-05-05,22.0,23.3,21.78,21.99,24.12,28544221.0,634628936.0,7794605218.44,8490147994.86
sh600645,中源协和,2017-05-08,21.54,22.08,21.42,21.45,21.99,10320973.0,224839397.0,7603196086.2,8281658685.3
sh600645,中源协和,2017-05-09,21.58,21.7,20.5,21.6,21.45,9164870.0,193544543.0,7656365289.6,8339572382.4
sh600645,中源协和,2017-05-10,21.46,21.52,20.31,20.83,21.6,10512487.0,220671179.0,7383430045.48,8042282070.62
sh600645,中源协和,2017-05-11,20.43,20.53,19.6,20.37,20.83,10580761.0,213143805.0,7220377821.72,7864680066.18
sh600645,中源协和,2017-05-12,20.2,20.28,19.87,19.96,20.37,5087359.0,102015186.0,7075048665.76,7706382627.44
sh600645,中源协和,2017-05-15,19.92,20.46,19.9,20.09,19.96,5528166.0,111251639.0,7121128642.04,7756574498.26
sh600645,中源协和,2017-05-16,19.99,21.23,19.46,21.15,20.09,13630484.0,275589595.0,7496857679.4,8165831291.1
sh600645,中源协和,2017-05-17,21.0,21.46,20.85,21.17,21.15,11025489.0,232224554.0,7503946906.52,8173553117.38
sh600645,中源协和,2017-05-18,20.97,20.97,20.6,20.82,21.17,7105668.0,147604708.0,7379885431.92,8038421157.48
sh600645,中源协和,2017-05-19,21.3,21.3,20.63,20.8,20.82,5998669.0,125195390.0,7372796204.8,8030699331.2
sh600645,中源协和,2017-05-22,21.18,21.18,20.3,20.44,20.8,8566713.0,177759081.0,7245190116.64,7891706458.16
sh600645,中源协和,2017-05-23,20.04,20.2,19.56,19.69,20.44,7085621.0,140746224.0,6979344099.64,7602137972.66
sh600645,中源协和,2017-05-24,19.58,19.83,18.81,19.75,19.69,6388334.0,123196474.0,7000611781.0,7625303451.5
sh600645,中源协和,2017-05-25,19.66,20.27,19.51,20.19,19.75,9094556.0,180750794.0,7156574777.64,7795183629.66
sh600645,中源协和,2017-05-26,20.2,21.9,19.87,21.57,20.19,19302730.0,400802298.0,7645731448.92,8327989642.98
sh600645,中源协和,2017-05-31,21.33,21.88,20.88,21.3,21.57,14707824.0,313057126.0,7550026882.8,8223744988.2
sh600645,中源协和,2017-06-01,21.27,21.55,20.99,21.12,21.3,10666544.0,227111897.0,7486223838.72,8154248551.68
sh600645,中源协和,2017-06-02,21.12,21.5,20.5,21.25,21.12,10057268.0,211411711.0,7532303815.0,8204440422.5
sh600645,中源协和,2017-06-05,21.31,21.43,20.97,21.25,21.25,5442121.0,115483026.0,7532303815.0,8204440422.5
sh600645,中源协和,2017-06-06,21.11,21.59,20.91,21.29,21.25,10717802.0,227836653.0,7546482269.24,8219884075.06
sh600645,中源协和,2017-06-07,21.17,21.58,21.08,21.5,21.29,14384960.0,307754210.0,7620919154.0,8300963251.0
sh600645,中源协和,2017-06-08,21.39,21.6,21.11,21.13,21.5,7998805.0,170636477.0,7489768452.28,8158109464.82
sh600645,中源协和,2017-06-09,21.1,21.48,20.85,21.38,21.13,9967470.0,211161244.0,7578383791.28,8254632293.32
sh600645,中源协和,2017-06-12,21.2,21.24,20.85,20.95,21.38,5820661.0,122305066.0,7425965408.2,8088613028.3
sh600645,中源协和,2017-06-13,20.85,21.16,20.75,21.09,20.95,5267460.0,110729542.0,7475589998.04,8142665812.26
sh600645,中源协和,2017-06-14,21.05,21.79,20.97,21.37,21.09,10512266.0,224352815.0,7574839177.72,8250771380.18
sh600645,中源协和,2017-06-15,21.26,21.64,21.26,21.51,21.37,9465703.0,203358479.0,7624463767.56,8304824164.14
sh600645,中源协和,2017-06-16,21.54,21.55,21.13,21.37,21.51,7626282.0,162437808.0,7574839177.72,8250771380.18
sh600645,中源协和,2017-06-19,21.36,21.95,21.23,21.52,21.37,10583467.0,228203084.0,7628008381.12,8308685077.28
sh600645,中源协和,2017-06-20,21.6,21.6,21.33,21.36,21.52,6413742.0,137625610.0,7571294564.16,8246910467.04
sh600645,中源协和,2017-06-21,21.44,21.44,21.18,21.31,21.36,5558949.0,118452436.0,7553571496.36,8227605901.34
sh600645,中源协和,2017-06-22,21.22,21.43,20.22,20.32,21.31,9645400.0,202098945.0,7202654753.92,7845375500.48
sh600645,中源协和,2017-06-23,20.24,20.37,19.92,20.29,20.32,7184101.0,144829174.0,7192020913.24,7833792761.06
sh600645,中源协和,2017-06-26,20.56,21.07,20.56,20.86,20.29,8796000.0,183131076.0,7394063886.16,8053864810.04
sh600645,中源协和,2017-06-27,20.73,21.84,20.69,21.23,20.86,14242837.0,303604428.0,7525214587.88,8196718596.22
sh600645,中源协和,2017-06-28,21.06,21.19,20.83,20.87,21.23,6338743.0,132899561.0,7397608499.72,8057725723.18
sh600645,中源协和,2017-06-29,20.83,21.35,20.82,21.22,20.87,7384292.0,155914090.0,7521669974.32,8192857683.08
sh600645,中源协和,2017-06-30,21.07,21.55,21.07,21.43,21.22,6991097.0,149469184.0,7596106859.08,8273936859.02
sh600645,中源协和,2017-07-03,21.45,22.07,21.45,21.98,21.43,11646080.0,254461347.0,7791060604.88,8486287081.72
sh600645,中源协和,2017-07-04,22.0,22.1,21.76,21.88,21.98,7609357.0,166294926.0,7755614469.28,8447677950.32
sh600645,中源协和,2017-07-05,22.0,22.46,21.8,21.9,21.88,12101091.0,267392364.0,7762703696.4,8455399776.6
sh600645,中源协和,2017-07-06,21.66,22.44,21.63,22.1,21.9,11819996.0,260616651.0,7833595967.6,8532618039.4
sh600645,中源协和,2017-07-07,22.5,22.5,21.8,21.92,22.1,9836163.0,216297720.0,7769792923.52,8463121602.88
sh600645,中源协和,2017-07-10,21.98,22.18,21.8,21.92,21.92,6652529.0,146026031.0,7769792923.52,8463121602.88
sh600645,中源协和,2017-07-11,21.88,22.42,21.7,22.12,21.92,12054275.0,267533614.0,7840685194.72,8540339865.68
sh600645,中源协和,2017-07-12,22.16,22.32,21.67,22.3,22.12,8854608.0,194732264.0,7904488238.8,8609836302.2
sh600645,中源协和,2017-07-13,22.36,24.53,22.23,24.53,22.3,27958295.0,658249735.0,8694937062.68,9470819932.42
sh600645,中源协和,2017-07-14,24.68,24.69,23.65,23.68,24.53,24508166.0,587871172.0,8393644910.08,9142642315.52
sh600645,中源协和,2017-07-17,23.66,24.78,22.3,23.43,23.68,26216055.0,625965192.0,8305029571.08,9046119487.02
sh600645,中源协和,2017-07-18,23.48,24.7,22.87,24.45,23.43,22309739.0,532020429.0,8666580154.2,9439932627.3
sh600645,中源协和,2017-07-19,24.23,25.5,24.0,25.32,24.45,24303012.0,601048040.0,8974961533.92,9775832070.48
sh600645,中源协和,2017-07-20,25.38,25.87,24.56,24.94,25.32,21273284.0,535498924.0,8840266218.64,9629117371.16
sh600645,中源协和,2017-07-21,24.9,25.25,24.3,24.42,24.94,16989518.0,420741164.0,8655946313.52,9428349887.88
sh600645,中源协和,2017-07-24,24.0,24.65,23.53,24.61,24.42,15935181.0,382793417.0,8723293971.16,9501707237.54
sh600645,中源协和,2017-07-25,24.5,24.95,23.98,24.01,24.61,10377340.0,253676061.0,8510617157.56,9270052449.14
sh600645,中源协和,2017-07-26,23.7,24.17,23.33,23.99,24.01,14358268.0,339730119.0,8503527930.44,9262330622.86
sh600645,中源协和,2017-07-27,23.99,24.7,23.44,24.15,23.99,12134834.0,291913260.0,8560241747.4,9324105233.1
sh600645,中源协和,2017-07-28,24.4,24.4,23.57,23.61,24.15,9821083.0,234927562.0,8368832615.16,9115615923.54
sh600645,中源协和,2017-07-31,23.77,24.6,23.53,24.18,23.61,14922416.0,360984431.0,8570875588.08,9335687972.52
sh600645,中源协和,2017-08-01,24.8,24.8,23.68,23.85,24.18,10475588.0,252021949.0,8453903340.6,9208277838.9
sh600645,中源协和,2017-08-02,23.69,24.04,23.51,23.61,23.85,8398973.0,199037618.0,8368832615.16,9115615923.54
sh600645,中源协和,2017-08-03,23.58,23.72,22.91,23.0,23.61,11325632.0,263175014.0,8152611188.0,8880100222.0
sh600645,中源协和,2017-08-04,22.91,23.14,22.11,22.31,23.0,10486176.0,237197813.0,7908032852.36,8613697215.34
sh600645,中源协和,2017-08-07,22.44,23.1,22.33,22.78,22.31,7529792.0,171816010.0,8074629689.68,8795160132.92
sh600645,中源协和,2017-08-08,22.95,23.37,22.51,23.25,22.78,8868078.0,204203865.0,8241226527.0,8976623050.5
sh600645,中源协和,2017-08-09,23.39,23.47,22.73,23.02,23.25,6703703.0,154529311.0,8159700415.12,8887822048.28
sh600645,中源协和,2017-08-10,22.98,23.19,22.23,22.67,23.02,6801151.0,153843574.0,8035638940.52,8752690088.38
sh600645,中源协和,2017-08-11,22.5,22.5,21.89,22.12,22.67,10412916.0,230170355.0,7840685194.72,8540339865.68
sh600645,中源协和,2017-08-14,22.1,22.69,22.03,22.52,22.12,6864295.0,154106747.0,7982469737.12,8694776391.28
sh600645,中源协和,2017-08-15,22.77,22.96,22.4,22.5,22.52,6692818.0,151376045.0,7975380510.0,8687054565.0
sh600645,中源协和,2017-08-16,22.48,23.18,22.25,22.88,22.5,9328703.0,213684792.0,8110075825.28,8833769264.32
sh600645,中源协和,2017-08-17,22.71,23.27,22.65,22.98,22.88,7893980.0,181720532.0,8145521960.88,8872378395.72
sh600645,中源协和,2017-08-18,22.7,23.1,22.68,22.88,22.98,5257699.0,120135132.0,8110075825.28,8833769264.32
sh600645,中源协和,2017-08-21,22.75,24.15,22.75,24.06,22.88,15000609.0,354934262.0,8528340225.36,9289357014.84
sh600645,中源协和,2017-08-22,23.94,24.42,23.75,24.37,24.06,11620658.0,279790090.0,8638223245.72,9409045322.18
sh600645,中源协和,2017-08-23,24.15,24.7,23.85,24.31,24.37,11511152.0,280082224.0,8616955564.36,9385879843.34
sh600645,中源协和,2017-08-24,24.22,24.22,23.38,23.43,24.31,8755095.0,207876560.0,8305029571.08,9046119487.02
sh600645,中源协和,2017-08-25,23.39,23.88,23.38,23.58,23.43,7390990.0,174801950.0,8358198774.48,9104033184.12
sh600645,中源协和,2017-08-28,23.65,23.67,23.15,23.39,23.58,9687240.0,226292303.0,8290851116.84,9030675834.46
sh600645,中源协和,2017-08-29,23.47,23.56,23.21,23.39,23.39,6530229.0,152441563.0,8290851116.84,9030675834.46
sh600645,中源协和,2017-08-30,23.43,23.48,22.89,22.98,23.39,9162003.0,212525738.0,8145521960.88,8872378395.72
sh600645,中源协和,2017-08-31,22.4,23.68,22.36,23.56,22.98,14071193.0,325169141.0,8351109547.36,9096311357.84
sh600645,中源协和,2017-09-01,23.35,23.46,22.84,23.24,23.56,10181407.0,235418094.0,8237681913.44,8972762137.36
sh600645,中源协和,2017-09-04,23.0,23.34,22.98,23.17,23.24,6282246.0,145453681.0,8212869618.52,8945735745.38
sh600645,中源协和,2017-09-05,23.18,23.4,23.01,23.08,23.17,7342140.0,170136829.0,8180968096.48,8910987527.12
sh600645,中源协和,2017-09-06,22.91,23.3,22.91,23.11,23.08,6406892.0,148012079.0,8191601937.16,8922570266.54
sh600645,中源协和,2017-09-07,23.12,23.8,22.93,23.61,23.11,14615601.0,340893342.0,8368832615.16,9115615923.54
sh600645,中源协和,2017-09-08,23.48,24.59,23.35,24.17,23.61,16925755.0,408262729.0,8567330974.52,9331827059.38
sh600645,中源协和,2017-09-11,24.0,24.04,23.65,23.88,24.17,8834916.0,210356145.0,8464537181.28,9219860578.32
sh600645,中源协和,2017-09-12,23.84,24.37,23.62,23.98,23.88,10499595.0,252535705.0,8499983316.88,9258229909.72
sh600645,中源协和,2017-09-13,23.76,23.96,23.63,23.85,23.98,5343122.0,126949968.0,8453903340.6,9208039338.9
sh600645,中源协和,2017-09-14,23.83,26.24,23.69,26.24,23.85,42471441.0,1078280131.0,9301065981.44,10130773679.4
sh600645,中源协和,2017-09-15,26.14,26.14,25.3,25.39,26.24,25721593.0,659247961.0,8999773828.84,9802604562.46
sh600645,中源协和,2017-09-18,25.13,25.72,25.11,25.42,25.39,14488026.0,368689366.0,9010407669.52,9814187001.88
sh600645,中源协和,2017-09-19,25.23,25.58,24.88,25.47,25.42,17045263.0,428603602.0,9028130737.32,9833491067.58
sh600645,中源协和,2017-09-20,25.2,25.86,24.91,25.78,25.47,15003254.0,380512771.0,9138013757.68,9953176274.92
sh600645,中源协和,2017-09-21,25.58,27.48,25.52,26.6,25.78,28666005.0,760289142.0,9428672069.6,10269762952.4
sh600645,中源协和,2017-09-22,26.39,27.56,25.56,27.49,26.6,24389361.0,646939781.0,9744142676.44,10613375321.9
sh600645,中源协和,2017-09-25,27.4,27.6,26.77,27.09,27.49,16730339.0,454518611.0,9602358134.04,10458942796.3
sh600645,中源协和,2017-09-26,26.9,27.37,26.3,26.75,27.09,12672150.0,340318451.0,9481841273.0,10327675149.5
sh600645,中源协和,2017-09-27,27.0,27.34,26.38,26.95,26.75,12321813.0,330317782.0,9552733544.2,10404891412.3
sh600645,中源协和,2017-09-28,26.67,28.28,26.66,28.14,26.95,18500450.0,504971401.0,9974542557.84,10864328176.0
sh600645,中源协和,2017-09-29,28.0,28.81,27.82,28.4,28.14,17001846.0,480314306.0,10066702510.4,10964709317.6
sh600645,中源协和,2018-01-19,25.56,27.58,25.56,25.56,28.4,16652778.0,430716482.0,9060032259.36,9868238385.84
sh600645,中源协和,2018-01-22,24.74,25.18,23.68,23.94,25.56,12831599.0,311205014.0,8485804862.64,9242786657.16
sh600645,中源协和,2018-01-23,24.2,24.39,22.82,23.42,23.94,11440300.0,269737613.0,8988000874.38,9042024373.88
sh600645,中源协和,2018-01-24,23.87,23.96,23.2,23.62,23.42,6203854.0,146139595.0,9064755792.18,9119240636.68
sh600645,中源协和,2018-01-25,23.69,23.82,23.33,23.67,23.62,5303613.0,125028105.0,9083944521.63,9138544702.38
sh600645,中源协和,2018-01-26,23.98,25.56,23.88,24.46,23.67,11932580.0,293485937.0,9387126446.94,9443548940.44
sh600645,中源协和,2018-01-29,24.02,24.18,23.13,23.68,24.46,7509562.0,176887403.0,9087782267.52,9142405515.52
sh600645,中源协和,2018-01-30,23.59,23.78,21.99,22.21,23.68,9406863.0,212744380.0,8523633621.69,8574865983.94
sh600645,中源协和,2018-01-31,21.34,22.25,20.74,20.98,22.21,8898650.0,190048839.0,8051590877.22,8099985967.72
sh600645,中源协和,2018-02-01,22.01,22.73,19.35,19.75,20.98,15576361.0,319389618.0,7579548132.75,7625105951.5
sh600645,中源协和,2018-02-02,19.51,20.11,18.9,19.13,19.75,7449850.0,144235151.0,7341607887.57,7385735536.82
sh600645,中源协和,2018-02-05,18.73,19.47,18.6,18.73,19.13,6144216.0,116761758.0,7188098051.97,7231303011.22
sh600645,中源协和,2018-02-06,18.4,18.54,16.86,16.86,18.73,9611059.0,168187738.0,6470439570.54,6509330954.04
sh600645,中源协和,2018-02-07,17.3,17.45,15.17,17.34,16.86,18660153.0,302806821.0,6654651373.26,6694649984.76
sh600645,中源协和,2018-02-08,16.8,17.95,16.7,17.65,17.34,9477028.0,164117682.0,6773621495.85,6814335192.1
sh600645,中源协和,2018-02-09,17.63,18.5,17.11,18.29,17.65,10234016.0,184805195.0,7019237232.81,7061427233.06
sh600645,中源协和,2018-02-12,18.15,18.99,18.15,18.87,18.29,7662834.0,142417046.0,7241826494.43,7285354395.18
sh600645,中源协和,2018-02-13,18.98,19.5,18.77,19.18,18.87,4669711.0,89382353.0,7360796617.02,7405039602.52
sh600645,中源协和,2018-02-14,19.2,20.16,19.12,20.1,19.18,3948743.0,77459183.0,7713869238.9,7724496611.4
sh600645,中源协和,2018-02-22,20.0,20.17,19.75,19.92,20.1,6041732.0,120448391.0,7644789812.88,7655322014.88
sh600645,中源协和,2018-02-23,19.99,20.3,18.9,19.33,19.92,7076339.0,138098828.0,7418362805.37,7428583059.62
sh600645,中源协和,2018-02-26,19.3,19.3,18.79,19.15,19.33,10317757.0,196286834.0,7349283379.35,7359408463.1
sh600645,中源协和,2018-02-27,18.99,21.07,18.99,21.07,19.15,14129046.0,284739915.0,8086130590.23,8097270825.98
sh600645,中源协和,2018-02-28,20.61,21.33,20.42,20.71,21.07,8628878.0,179663942.0,7947971738.19,7958921632.94
sh600645,中源协和,2018-03-01,20.61,22.13,20.54,21.67,20.71,9112842.0,195606637.0,8316395343.63,8327852814.38
sh600645,中源协和,2018-03-02,21.45,22.8,21.31,22.64,21.67,9040155.0,200442275.0,8688656694.96,8700627028.96
sh600645,中源协和,2018-03-05,22.5,24.5,22.16,24.46,22.64,12161390.0,282968528.0,9387126446.94,9400059060.44
sh600645,中源协和,2018-03-06,24.58,24.58,23.17,23.38,24.46,13584476.0,322322824.0,8972649890.82,8985011481.32
sh600645,中源协和,2018-03-07,23.27,23.98,23.18,23.52,23.38,7072556.0,167409276.0,9026378333.28,9038813945.28
sh600645,中源协和,2018-03-08,23.39,24.5,23.37,23.87,23.52,8198153.0,197111490.0,9160699439.43,9173320105.18
sh600645,中源协和,2018-03-09,24.0,24.55,23.27,24.29,23.87,8294090.0,199224642.0,9321884766.81,9334727497.06
sh600645,中源协和,2018-03-12,24.27,24.77,23.88,23.99,24.29,8521525.0,206671920.0,9206752390.11,9219436502.86
sh600645,中源协和,2018-03-13,23.83,24.14,23.53,23.61,23.99,6446832.0,153492572.0,9060918046.29,9073401243.54
sh600645,中源协和,2018-03-14,23.63,24.18,23.36,23.71,23.61,6320431.0,150663088.0,9099295505.19,9111831574.94
sh600645,中源协和,2018-03-15,23.63,23.83,22.41,22.78,23.71,7883958.0,182378410.0,8742385137.42,8754429492.92
sh600645,中源协和,2018-03-16,23.05,24.99,23.05,24.31,22.78,13162698.0,320021531.0,9329560258.59,9342413563.34
sh600645,中源协和,2018-03-19,24.55,24.75,23.61,23.81,24.31,10420793.0,252276677.0,9137672964.09,9150261906.34
sh600645,中源协和,2018-03-20,24.05,25.09,23.81,24.65,23.81,13531151.0,334230346.0,9460043618.85,9473076690.1
sh600645,中源协和,2018-03-21,24.55,24.91,23.99,24.01,24.65,9821701.0,239604620.0,9214427881.89,9227122569.14
sh600645,中源协和,2018-03-22,23.95,24.3,23.71,23.97,24.01,7059326.0,168899311.0,9199076898.33,9211750436.58
sh600645,中源协和,2018-03-23,23.2,23.2,21.57,21.74,23.97,13537313.0,300492629.0,8343259564.86,8354754046.36
sh600645,中源协和,2018-03-26,20.94,23.0,20.8,22.52,21.74,12718131.0,273056890.0,8642603744.28,8654510631.28
sh600645,中源协和,2018-03-27,22.95,23.28,22.43,22.96,22.52,7977319.0,183296846.0,8811464563.44,8823604089.44
sh600645,中源协和,2018-03-28,23.0,24.3,22.71,23.9,22.96,10206217.0,243012514.0,9172212677.1,9184849204.6
sh600645,中源协和,2018-03-29,23.99,24.23,23.44,23.84,23.9,7649102.0,182433274.0,9149186201.76,9161791005.76
sh600645,中源协和,2018-03-30,23.93,24.85,23.59,24.34,23.84,9676129.0,234724836.0,9341073496.26,9353942662.76
sh600645,中源协和,2018-04-02,24.15,24.63,23.92,24.41,24.34,10250909.0,248542717.0,9367937717.49,9380843894.74
sh600645,中源协和,2018-04-03,23.95,24.75,23.8,24.07,24.41,7701011.0,186334129.0,9237454357.23,9250180767.98
sh600645,中源协和,2018-04-04,24.19,24.9,23.16,23.48,24.07,9430558.0,228930078.0,9011027349.72,9023441812.72
sh600645,中源协和,2018-04-09,23.33,24.34,22.92,23.99,23.48,9256032.0,220062406.0,9206752390.11,9219436502.86
sh600645,中源协和,2018-04-10,24.2,24.6,23.54,24.08,23.99,7909462.0,190248984.0,9241292103.12,9254023801.12
sh600645,中源协和,2018-04-11,24.36,24.5,23.62,23.71,24.08,6123643.0,146800235.0,9099295505.19,9111831574.94
sh600645,中源协和,2018-04-12,23.6,24.14,23.6,23.77,23.71,4790002.0,114329540.0,9122321980.53,9134889773.78
sh600645,中源协和,2018-04-13,23.98,24.47,23.78,23.93,23.77,6525711.0,157203732.0,9183725914.77,9196378304.02
sh600645,中源协和,2018-04-16,23.82,23.88,21.69,22.55,23.93,11909228.0,269679969.0,8654116981.95,8666039730.7
sh600645,中源协和,2018-04-17,22.4,22.6,21.55,21.6,22.55,5745368.0,126305529.0,8289531122.4,8300951582.4
sh600645,中源协和,2018-04-18,21.97,21.98,20.31,21.26,21.6,8429354.0,177460259.0,8159047762.14,8170288455.64
sh600645,中源协和,2018-04-19,21.31,22.12,21.14,22.03,21.26,5815468.0,126338687.0,8454554195.67,8466202007.42
sh600645,中源协和,2018-04-20,22.04,22.09,21.01,21.03,22.03,6070670.0,130604494.0,8070779606.67,8081898693.42
sh600645,中源协和,2018-04-23,20.87,21.58,20.6,21.24,21.03,4824483.0,101803589.0,8151372270.36,8162602389.36
sh600645,中源协和,2018-04-24,21.6,21.88,21.51,21.75,21.24,4595262.0,99746724.0,8347097310.75,8358597079.5
sh600645,中源协和,2018-04-25,21.61,22.06,21.4,21.91,21.75,4272900.0,92697103.0,8408501244.99,8420085609.74
sh600645,中源协和,2018-04-26,22.6,22.89,22.05,22.64,21.91,7447190.0,166770709.0,8688656694.96,8700627028.96
sh600645,中源协和,2018-04-27,22.43,22.46,21.81,21.95,22.64,6419200.0,141705474.0,8423852228.55,8435457742.3
sh600645,中源协和,2018-05-02,21.99,22.1,21.54,21.63,21.95,3223849.0,70125649.0,8301044360.07,8312480681.82
sh600645,中源协和,2018-05-03,21.02,21.62,20.53,21.35,21.63,4925003.0,103495808.0,8193587475.15,8204875753.9
sh600645,中源协和,2018-05-04,21.36,21.96,21.15,21.85,21.35,3851987.0,83387594.0,8385474769.65,8397027410.9
sh600645,中源协和,2018-05-07,21.78,22.75,21.7,22.45,21.85,6968422.0,156297391.0,8615739523.05,8627609399.3
sh600645,中源协和,2018-05-08,22.48,23.49,22.33,22.8,22.45,7867551.0,181255210.0,8750060629.2,8762115559.2
sh600645,中源协和,2018-05-09,23.01,23.58,22.99,23.29,22.8,7442977.0,173476139.0,8938110177.81,8950424183.06
sh600645,中源协和,2018-05-10,23.45,23.45,22.75,23.16,23.29,6503520.0,149796999.0,8888219481.24,8900464752.24
sh600645,中源协和,2018-05-11,23.25,23.8,22.75,22.81,23.16,9351491.0,218594028.0,8753898375.09,8765958592.34
sh600645,中源协和,2018-05-14,22.01,22.03,20.53,20.88,22.81,16213818.0,336141289.0,8013213418.32,8024253196.32
sh600645,中源协和,2018-05-15,20.58,21.17,20.5,21.1,20.88,7021232.0,146595001.0,8097643827.9,8108799925.4
sh600645,中源协和,2018-05-16,20.96,21.8,20.78,21.53,21.1,7934099.0,170418637.0,8262666901.17,8274050350.42
sh600645,中源协和,2018-05-17,21.56,21.93,21.31,21.63,21.53,5087233.0,110107709.0,8301044360.07,8312480681.82
sh600645,中源协和,2018-05-18,21.63,21.71,21.0,21.3,21.63,3910563.0,83118558.0,8174398745.7,8185660588.2
sh600645,中源协和,2018-05-21,21.37,21.85,21.3,21.5,21.3,4329240.0,93298641.0,8251153663.5,8262521251.0
sh600645,中源协和,2018-05-22,21.51,23.5,21.31,22.87,21.5,12308398.0,275943197.0,8776924850.43,8789016791.18
sh600645,中源协和,2018-05-23,22.7,23.15,22.42,22.99,22.87,8888473.0,202757473.0,8822977801.11,8835133188.86
sh600645,中源协和,2018-05-24,22.82,23.25,22.55,22.75,22.99,7414229.0,169280710.0,8730871899.75,8742900393.5
sh600645,中源协和,2018-05-25,22.61,22.84,21.79,22.1,22.75,7404581.0,163981590.0,8481418416.9,8493103239.4
sh600645,中源协和,2018-05-28,22.01,22.45,21.77,21.9,22.1,8278222.0,183504415.0,8404663499.1,8416242576.6
sh600645,中源协和,2018-05-29,21.9,22.09,21.57,21.86,21.9,7165082.0,156481949.0,8389312515.54,8400870444.04
sh600645,中源协和,2018-05-30,21.38,22.58,21.0,21.98,21.86,11954495.0,262137264.0,8435365466.22,8446986841.72
sh600645,中源协和,2018-06-07,23.45,24.18,22.18,22.99,21.98,26923097.0,628725827.0,8822977801.11,8827730408.86
sh600645,中源协和,2018-06-08,22.4,25.29,22.18,25.29,22.99,24515955.0,580820035.0,9705659355.81,9710887431.06
sh600645,中源协和,2018-06-11,25.03,26.94,24.83,25.47,25.29,27452823.0,714204673.0,9774738781.83,9780004067.58
sh600645,中源协和,2018-06-12,25.7,26.4,25.53,25.86,25.47,19973424.0,518610693.0,9924410871.54,9929756780.04
sh600645,中源协和,2018-06-13,25.6,26.36,25.0,25.03,25.86,15624558.0,400764181.0,9605877962.67,9611052289.42
sh600645,中源协和,2018-06-14,25.1,25.37,24.52,24.92,25.03,12070311.0,300407907.0,9563662757.88,9568814344.88
sh600645,中源协和,2018-06-15,24.89,25.15,23.3,23.58,24.92,20182800.0,484743883.0,9049404808.62,9054279384.12
sh600645,中源协和,2018-06-19,23.27,24.18,21.22,21.22,23.58,16809654.0,385942597.0,8143696778.58,8148083483.08
sh600645,中源协和,2018-06-20,20.8,21.49,19.91,21.03,21.22,17043134.0,354535171.0,8070779606.67,8075127033.42
sh600645,中源协和,2018-06-21,20.93,21.79,20.3,20.31,21.03,14506076.0,304966037.0,7794461902.59,7798660487.34
sh600645,中源协和,2018-06-22,20.14,20.86,20.14,20.62,20.31,9700310.0,198592689.0,7913432025.18,7917694694.68
sh600645,中源协和,2018-06-25,20.65,20.74,20.06,20.17,20.62,10284994.0,210058792.0,7740733460.13,7744903103.38
sh600645,中源协和,2018-06-26,19.02,19.03,18.15,18.35,20.17,24604220.0,450807913.0,7042263708.15,7046057111.9
sh600645,中源协和,2018-06-27,18.01,18.45,17.81,17.85,18.35,10827833.0,196163807.0,6850376413.65,6854066454.9
sh600645,中源协和,2018-06-28,18.0,18.35,17.86,17.9,17.85,8989808.0,162940262.0,6869565143.1,6873265520.6
sh600645,中源协和,2018-06-29,18.34,19.65,18.02,19.26,17.9,15270911.0,286998931.0,7391498584.14,7395480107.64
sh600645,中源协和,2018-07-02,19.0,20.54,18.91,19.91,19.26,16650776.0,330595952.0,7640952066.99,7645067961.74
sh600645,中源协和,2018-07-03,20.03,20.5,19.75,20.39,19.91,13410101.0,270841965.0,7825163869.71,7829378992.46
sh600645,中源协和,2018-07-04,20.52,20.6,19.74,19.93,20.39,8502058.0,170648447.0,7648627558.77,7652747588.02
sh600645,中源协和,2018-07-05,19.96,20.12,18.61,18.76,19.93,11523200.0,221637637.0,7199611289.64,7203489450.64
sh600645,中源协和,2018-07-06,18.84,20.64,18.55,20.63,18.76,22614604.0,454873237.0,7917269771.07,7921534507.82
sh600645,中源协和,2018-07-09,20.73,20.94,20.11,20.65,20.63,15537554.0,320321398.0,7924945262.85,7929214134.1
sh600645,中源协和,2018-07-10,20.72,21.39,20.42,20.98,20.65,14003990.0,293173420.0,8051590877.22,8055927967.72
sh600645,中源协和,2018-07-11,20.5,20.69,19.95,20.27,20.98,12301655.0,249936415.0,7779110919.03,7783301234.78
sh600645,中源协和,2018-07-12,20.31,21.25,20.31,20.74,20.27,12382556.0,258303360.0,7959484975.86,7963772452.36
sh600645,中源协和,2018-07-13,20.63,21.85,20.63,21.58,20.74,15324699.0,328387411.0,8281855630.62,8286316756.12
sh600645,中源协和,2018-07-16,21.4,22.12,21.1,21.55,21.58,11546346.0,248884836.0,8270342392.95,8274797316.7
sh600645,中源协和,2018-07-17,21.38,21.84,21.08,21.6,21.55,9039789.0,193623151.0,8289531122.4,8293996382.4
sh600645,中源协和,2018-07-18,21.78,22.44,21.66,22.07,21.6,11935235.0,263300356.0,8469905179.23,8474467599.98
sh600645,中源协和,2018-07-19,22.04,22.24,21.36,21.5,22.07,10028248.0,217235328.0,8251153663.5,8255598251.0
sh600645,中源协和,2018-07-20,21.35,22.27,21.35,22.16,21.5,8968522.0,196650929.0,8504444892.24,8509025918.24
sh600645,中源协和,2018-07-23,20.52,21.64,20.5,21.2,22.16,14269257.0,301561902.0,8136021286.8,8140403856.8
sh600645,中源协和,2018-07-24,21.41,23.3,20.85,22.64,21.2,20041483.0,443008449.0,8688656694.96,8693336948.96
sh600645,中源协和,2018-07-25,22.41,23.2,22.26,23.0,22.64,12941940.0,295160852.0,8826815547.0,8831570222.0
sh600645,中源协和,2018-07-26,22.97,23.02,22.45,22.59,23.0,7841351.0,178067853.0,8669467965.51,8674137883.26
sh600645,中源协和,2018-07-27,22.78,23.95,22.77,23.44,22.59,15692054.0,367153156.0,8995676366.16,9000522000.16
sh600645,中源协和,2018-07-30,23.2,23.56,22.5,22.81,23.44,10745596.0,246446825.0,8753898375.09,8758613772.34
sh600645,中源协和,2018-07-31,22.77,23.25,22.18,22.35,22.81,8057204.0,182710169.0,8577362064.15,8581982367.9
sh600645,中源协和,2018-08-01,22.47,22.9,22.2,22.35,22.35,7232711.0,162813127.0,8577362064.15,8581982367.9
sh600645,中源协和,2018-08-02,22.7,23.3,21.84,22.84,22.35,13064343.0,294678945.0,8765411612.76,8770133211.76
sh600645,中源协和,2018-08-03,22.5,22.65,20.8,21.0,22.84,10358059.0,228054386.0,8059266369.0,8063607594.0
sh600645,中源协和,2018-08-06,20.1,20.88,19.7,20.18,21.0,8728168.0,177522009.0,7744571206.02,7748742916.52
sh600645,中源协和,2018-08-07,20.15,21.06,20.0,20.88,20.18,7410912.0,152548493.0,8013213418.32,8017529836.32
sh600645,中源协和,2018-08-08,20.76,21.1,20.24,20.27,20.88,5872700.0,120979353.0,7779110919.03,7783301234.78
sh600645,中源协和,2018-08-09,20.06,21.19,19.99,20.98,20.27,7983400.0,166090970.0,8051590877.22,8055927967.72
sh600645,中源协和,2018-08-10,20.94,21.65,20.78,21.12,20.98,7600104.0,161390393.0,8105319319.68,8109685351.68
sh600645,中源协和,2018-08-13,20.66,22.08,20.61,21.89,21.12,8842729.0,187948378.0,8400825753.21,8405350963.46
sh600645,中源协和,2018-08-14,21.98,22.35,21.6,21.68,21.89,7824393.0,171465745.0,8320233089.52,8324714887.52
sh600645,中源协和,2018-08-15,21.65,22.05,21.04,21.15,21.68,7487394.0,161443381.0,8116832557.35,8121204791.1
sh600645,中源协和,2018-08-16,20.78,21.55,20.7,21.22,21.15,6521007.0,138468687.0,8143696778.58,8148083483.08
sh600645,中源协和,2018-08-17,21.5,21.69,20.32,20.4,21.22,6925150.0,144236133.0,7829001615.6,7833218805.6
sh600645,中源协和,2018-08-20,20.37,20.65,19.95,20.6,20.4,5595035.0,113651723.0,7905756533.4,7910015068.4
sh600645,中源协和,2018-08-21,20.46,21.07,20.42,20.85,20.6,5540599.0,115197772.0,8001700180.65,8006010396.9
sh600645,中源协和,2018-08-22,20.75,20.88,20.3,20.31,20.85,3732934.0,76674058.0,7794461902.59,7798660487.34
sh600645,中源协和,2018-08-23,20.31,21.16,20.3,20.85,20.31,6359132.0,132137331.0,8001700180.65,8006010396.9
sh600645,中源协和,2018-08-24,20.79,21.09,20.63,20.69,20.85,4591782.0,95560380.0,7940296246.41,7944573386.66
sh600645,中源协和,2018-08-27,20.75,21.57,20.69,21.32,20.69,6646606.0,140650044.0,8182074237.48,8186481614.48
sh600645,中源协和,2018-08-28,21.3,21.46,21.1,21.43,21.32,6231738.0,132572864.0,8224289442.27,8228719559.02
sh600645,中源协和,2018-08-29,21.4,21.55,21.12,21.25,21.43,4534635.0,96509147.0,8155210016.25,8159602922.5
sh600645,中源协和,2018-08-30,21.36,21.47,20.7,20.89,21.25,5432297.0,114527492.0,8017051164.21,9194965149.21
sh600645,中源协和,2018-08-31,20.95,21.16,20.53,20.71,20.89,5332677.0,111351571.0,7947971738.19,9115736153.19
sh600645,中源协和,2018-09-03,20.7,20.7,19.91,20.37,20.71,5531271.0,111617302.0,7817488377.93,8966081382.93
sh600645,中源协和,2018-09-04,20.4,20.74,20.2,20.67,20.37,4647011.0,95184171.0,7932620754.63,9098129709.63
sh600645,中源协和,2018-09-05,20.57,20.57,19.96,19.98,20.67,5521200.0,111533878.0,7667816288.22,8794418558.22
sh600645,中源协和,2018-09-06,19.88,20.12,18.91,19.06,19.98,9563055.0,185460868.0,7314743666.34,8389470356.34
sh600645,中源协和,2018-09-07,19.06,19.54,18.99,19.22,19.06,5891264.0,113401580.0,7376147600.58,8459896130.58
sh600645,中源协和,2018-09-10,19.22,19.28,18.82,18.93,19.22,4348388.0,82745958.0,7264852969.77,8332249414.77
sh600645,中源协和,2018-09-11,18.9,19.32,18.53,19.25,18.93,5503239.0,103913859.0,7387660838.25,8473100963.25
sh600645,中源协和,2018-09-12,19.08,19.22,18.72,18.99,19.25,3979142.0,75613763.0,7287879445.11,8358659080.11
sh600645,中源协和,2018-09-13,19.19,19.3,18.75,19.23,18.99,4383876.0,83714765.0,7379985346.47,8464297741.47
sh600645,中源协和,2018-09-14,19.23,19.25,18.73,18.76,19.23,3636705.0,68956739.0,7199611289.64,8257422029.64
sh600645,中源协和,2018-09-17,18.66,18.66,17.91,17.93,18.76,4250613.0,77321115.0,6881078380.77,7892088325.77
sh600645,中源协和,2018-09-18,17.93,18.66,17.92,18.5,17.93,3860322.0,70483062.0,7099829896.5,8142980146.5
sh600645,中源协和,2018-09-19,18.44,19.12,18.4,18.84,18.5,5285319.0,99914355.0,7230313256.76,8292634916.76
sh600645,中源协和,2018-09-20,18.81,19.05,18.75,18.81,18.84,3210130.0,60689704.0,7218800019.09,8279430084.09
sh600645,中源协和,2018-09-21,18.86,19.2,18.62,19.16,18.81,4303539.0,81697839.0,7353121125.24,8433486465.24
sh600645,中源协和,2018-09-25,19.06,19.15,18.87,19.03,19.16,3026988.0,57445920.0,7303230428.67,8376265523.67
sh600645,中源协和,2018-09-26,18.99,19.25,18.99,19.02,19.03,4110833.0,78543492.0,7299392682.78,8371863912.78
sh600645,中源协和,2018-09-27,19.0,19.35,18.65,18.66,19.02,5544232.0,105723694.0,7161233830.74,8213405920.74
sh600645,中源协和,2018-09-28,18.75,19.46,18.72,19.38,18.66,6652295.0,127983549.0,7437551534.82,8530321904.82
sh600645,中源协和,2018-10-08,19.0,19.7,18.9,18.98,19.38,6802584.0,131252774.0,7284041699.22,8354257469.22
sh600645,中源协和,2018-10-09,18.96,19.2,18.73,18.8,18.98,4291820.0,81463376.0,7214962273.2,8275028473.2
sh600645,中源协和,2018-10-10,18.84,18.95,18.1,18.25,18.8,4858951.0,89534291.0,7003886249.25,8032939874.25
sh600645,中源协和,2018-10-11,17.5,17.83,16.43,16.43,18.25,9232888.0,156023258.0,6305416497.27,7231846692.27
sh600645,中源协和,2018-10-12,16.09,16.57,15.08,16.05,16.43,8113114.0,129594509.0,6159582153.45,7064585478.45
sh600645,中源协和,2018-10-15,16.28,16.65,16.06,16.06,16.05,5018887.0,82030880.0,6163419899.34,7068987089.34
sh600645,中源协和,2018-10-16,16.03,16.33,15.59,15.79,16.06,4923535.0,78374544.0,6059800760.31,6950143595.31
sh600645,中源协和,2018-10-17,16.11,16.19,14.9,15.77,15.79,7022327.0,109555632.0,6052125268.53,6941340373.53
sh600645,中源协和,2018-10-18,15.55,15.61,14.96,14.99,15.77,6271741.0,95386350.0,5752781089.11,6598014724.11
sh600645,中源协和,2018-10-19,14.6,15.65,14.52,15.49,14.99,6695325.0,101711792.0,5944668383.61,6818095268.61
sh600645,中源协和,2018-10-22,15.8,16.55,15.55,16.34,15.49,8056382.0,130489340.0,6270876784.26,7192232194.26
sh600645,中源协和,2018-10-23,16.31,16.44,15.85,16.02,16.34,5626560.0,90705244.0,6148068915.78,7051380645.78
sh600645,中源协和,2018-10-24,16.04,16.38,15.92,16.1,16.02,6448895.0,103926561.0,6178770882.9,7086593532.9
sh600645,中源协和,2018-10-25,15.51,15.73,15.07,15.64,16.1,6529420.0,100435682.0,6002234571.96,6884119431.96
sh600645,中源协和,2018-10-26,15.75,15.9,15.56,15.63,15.64,4256193.0,66952134.0,5998396826.07,6879717821.07
sh600645,中源协和,2018-10-29,15.47,15.8,15.29,15.38,15.63,3601105.0,55850367.0,5902453178.82,6769677548.82
sh600645,中源协和,2018-10-30,15.54,16.26,15.3,16.2,15.38,6601284.0,104549768.0,6217148341.8,7130609641.8
sh600645,中源协和,2018-10-31,16.1,16.38,15.97,16.22,16.2,6647174.0,107663956.0,6224823833.58,7139412863.58
sh600645,中源协和,2018-11-01,16.38,16.77,16.25,16.27,16.22,7905266.0,130513629.0,6244012563.03,7161420918.03
sh600645,中源协和,2018-11-02,16.46,16.86,16.44,16.85,16.27,8206133.0,136749132.0,6466601824.65,7416714349.65
sh600645,中源协和,2018-11-05,16.61,17.05,16.48,16.8,16.85,7396945.0,123677421.0,6447413095.2,7394706295.2
sh600645,中源协和,2018-11-06,16.69,16.7,16.42,16.65,16.8,4887136.0,80948929.0,6389846906.85,7328682131.85
sh600645,中源协和,2018-11-07,16.55,17.15,16.52,16.61,16.65,6999283.0,117692294.0,6374495923.29,7311075688.29
sh600645,中源协和,2018-11-08,16.79,16.92,16.56,16.6,16.61,5088804.0,85251835.0,6370658177.4,7306674077.4
sh600645,中源协和,2018-11-09,16.55,16.68,16.42,16.44,16.6,3112488.0,51408073.0,6309254243.16,7236248303.16
sh600645,中源协和,2018-11-12,16.32,16.9,16.28,16.9,16.44,5402735.0,89891601.0,6485790554.1,7438722404.1
sh600645,中源协和,2018-11-13,16.65,17.11,16.58,16.94,16.9,8202657.0,138021731.0,6501141537.66,7456328847.66
sh600645,中源协和,2018-11-14,16.86,17.34,16.8,16.98,16.94,7125627.0,121681635.0,6516492521.22,7473935291.22
sh600645,中源协和,2018-11-15,17.0,18.16,17.0,17.86,16.98,12479269.0,219775216.0,6854214159.54,7861277049.54
sh600645,中源协和,2018-11-16,17.85,18.14,17.64,17.72,17.86,9350215.0,166873204.0,6800485717.08,7799654497.08
sh600645,中源协和,2018-11-19,17.74,18.17,17.73,18.05,17.72,8035249.0,144452282.0,6927131331.45,7944907656.45
sh600645,中源协和,2018-11-20,17.83,17.96,17.26,17.28,18.05,8130109.0,143476792.0,6631624897.92,7605983617.92
sh600645,中源协和,2018-11-21,17.0,17.86,16.91,17.81,17.28,7610114.0,133391625.0,6835025430.09,7839268995.09
sh600645,中源协和,2018-11-22,18.03,18.7,18.0,18.05,17.81,10513796.0,192477999.0,6927131331.45,7944907656.45
sh600645,中源协和,2018-11-23,18.0,18.34,17.2,17.38,18.05,7053495.0,124825036.0,6670002356.82,7649999726.82
sh600645,中源协和,2018-11-26,17.54,18.21,17.38,18.19,17.38,10536270.0,188485889.0,6980859773.91,8006530208.91
sh600645,中源协和,2018-11-27,17.91,17.94,17.35,17.61,18.19,10561559.0,186385696.0,6758270512.29,7751236777.29
sh600645,中源协和,2018-11-28,17.5,17.57,16.9,17.42,17.61,6927978.0,119392570.0,6685353340.38,7667606170.38
sh600645,中源协和,2018-11-29,17.55,17.68,16.6,16.67,17.42,6270023.0,108182262.0,6397522398.63,7337485353.63
sh600645,中源协和,2018-11-30,16.68,16.75,16.06,16.58,16.67,5449855.0,89629866.0,6362982685.62,7297870855.62
sh600645,中源协和,2018-12-03,16.96,17.7,16.95,17.55,16.58,8097719.0,140045274.0,6735244036.95,7724827111.95
sh600645,中源协和,2018-12-04,17.55,17.78,17.39,17.73,17.55,6841948.0,120649531.0,6804323462.97,7804056107.97
sh600645,中源协和,2018-12-05,17.37,18.07,17.31,17.88,17.73,8525384.0,151649651.0,6861889651.32,7870080271.32
sh600645,中源协和,2018-12-06,17.69,17.79,17.05,17.1,17.88,6479027.0,112714868.0,6562545471.9,7526754621.9
sh600645,中源协和,2018-12-07,17.09,17.58,16.82,17.44,17.1,6856442.0,118176363.0,6693028832.16,7676409392.16
sh600645,中源协和,2018-12-10,17.57,18.15,17.05,17.14,17.44,7526163.0,132954895.0,6577896455.46,7544361065.46
sh600645,中源协和,2018-12-11,17.38,17.96,17.15,17.82,17.14,7142607.0,126024903.0,6838863175.98,7843670605.98
sh600645,中源协和,2018-12-12,17.91,18.03,17.28,17.4,17.82,7308810.0,128145099.0,6677677848.6,7658802948.6
sh600645,中源协和,2018-12-13,17.51,17.71,17.17,17.4,17.4,6073735.0,105996915.0,6677677848.6,7658802948.6
sh600645,中源协和,2018-12-14,17.26,17.37,16.78,16.82,17.4,6016922.0,102522328.0,6455088586.98,7403509516.98
sh600645,中源协和,2018-12-17,16.72,16.97,16.6,16.79,16.82,3765244.0,63092764.0,6443575349.31,7390304684.31
sh600645,中源协和,2018-12-18,16.7,16.87,16.37,16.66,16.79,3446593.0,57175996.0,6393684652.74,7333083742.74
sh600645,中源协和,2018-12-19,16.66,16.95,16.6,16.67,16.66,2971723.0,49719630.0,6397522398.63,7337485353.63
sh600645,中源协和,2018-12-20,16.65,16.89,16.6,16.74,16.67,2355802.0,39487477.0,6424386619.86,7368296629.86
sh600645,中源协和,2018-12-21,16.6,16.6,16.2,16.5,16.74,3552033.0,58217203.0,6332280718.5,7262657968.5
sh600645,中源协和,2018-12-24,16.38,16.81,16.38,16.74,16.5,2917028.0,48641643.0,6424386619.86,7368296629.86
sh600645,中源协和,2018-12-25,16.54,16.64,15.97,16.58,16.74,3635174.0,59468483.0,6362982685.62,7297870855.62
sh600645,中源协和,2018-12-26,16.51,16.68,16.36,16.49,16.58,1945251.0,32180252.0,6328442972.61,7258256357.61
sh600645,中源协和,2018-12-27,16.75,16.82,16.0,16.1,16.49,2351474.0,38749295.0,6178770882.9,7086593532.9
sh600645,中源协和,2018-12-28,16.12,16.45,16.12,16.24,16.1,2155968.0,35168676.0,6232499325.36,7148216085.36
sh600645,中源协和,2019-01-02,16.49,17.5,16.34,17.16,16.24,9788049.0,166944747.0,6585571947.24,7553164287.24
sh600645,中源协和,2019-01-03,17.1,17.48,17.0,17.15,17.16,6212375.0,107085276.0,6581734201.35,7548762676.35
sh600645,中源协和,2019-01-04,16.96,17.56,16.81,17.37,17.15,7024129.0,121479186.0,6666164610.93,7645598115.93
sh600645,中源协和,2019-01-07,17.48,18.38,17.2,17.97,17.37,12602547.0,223928085.0,6896429364.33,7909694769.33
sh600645,中源协和,2019-01-08,17.96,18.7,17.84,18.22,17.97,11261359.0,206653196.0,6992373011.58,8019735041.58
sh600645,中源协和,2019-01-09,18.17,18.49,17.8,17.87,18.22,9732537.0,176887685.0,6858051905.43,7865678660.43
sh600645,中源协和,2019-01-10,18.0,18.43,17.9,18.11,17.87,6830209.0,124399572.0,6950157806.79,7971317321.79
sh600645,中源协和,2019-01-11,17.96,18.16,17.75,17.91,18.11,5102190.0,91570882.0,6873402888.99,7883285103.99
sh600645,中源协和,2019-01-14,18.01,18.35,17.54,17.65,17.91,7140502.0,127636517.0,6773621495.85,7768843220.85
sh600645,中源协和,2019-01-15,17.65,17.95,17.63,17.82,17.65,4973562.0,88500014.0,6838863175.98,7843670605.98
sh600645,中源协和,2019-01-16,17.82,17.93,17.63,17.73,17.82,3754400.0,66750658.0,6804323462.97,7804056107.97
sh600645,中源协和,2019-01-17,17.75,17.95,17.42,17.67,17.73,4553414.0,80536063.0,6781296987.63,7777646442.63
sh600645,中源协和,2019-01-18,17.68,17.98,17.57,17.79,17.67,4179007.0,74284951.0,6827349938.31,7830465773.31
sh600645,中源协和,2019-01-21,17.79,18.28,17.69,18.1,17.79,6151200.0,111070246.0,6946320060.9,7966915710.9
sh600645,中源协和,2019-01-22,18.09,18.09,17.46,17.55,18.1,5259478.0,93192076.0,6735244036.95,7724827111.95
sh600645,中源协和,2019-01-23,17.49,17.8,17.38,17.65,17.55,3332478.0,58778676.0,6773621495.85,7768843220.85
sh600645,中源协和,2019-01-24,17.76,17.8,17.51,17.66,17.65,3458004.0,61197771.0,6777459241.74,7773244831.74
sh600645,中源协和,2019-01-25,17.72,18.04,17.55,17.78,17.66,5290868.0,94556575.0,6823512192.42,7826064162.42
sh600645,中源协和,2019-01-28,17.39,17.43,16.11,16.37,17.78,12860744.0,213070011.0,6282390021.93,7205437026.93
sh600645,中源协和,2019-01-29,16.35,16.54,16.24,16.34,16.37,4387501.0,72074418.0,6270876784.26,7192232194.26
sh600645,中源协和,2019-01-30,16.3,16.4,16.05,16.11,16.34,3977308.0,64443397.0,6182608628.79,7090995143.79
sh600645,中源协和,2019-01-31,16.19,16.27,15.87,15.92,16.11,4065489.0,65149469.0,6109691456.88,7007364536.88
sh600645,中源协和,2019-02-01,16.01,16.58,16.01,16.55,15.92,3372466.0,55276872.0,6351469447.95,7284666022.95
sh600645,中源协和,2019-02-11,16.56,16.98,16.44,16.88,16.55,4284148.0,71841891.0,6478115062.32,7429919182.32
sh600645,中源协和,2019-02-12,16.88,17.21,16.79,17.01,16.88,4856512.0,82803465.0,6528005758.89,7487140123.89
sh600645,中源协和,2019-02-13,17.0,17.3,16.9,17.24,17.01,5909641.0,101143835.0,6616273914.36,7588377174.36
sh600645,中源协和,2019-02-14,17.14,17.25,17.0,17.14,17.24,4393531.0,75293083.0,6577896455.46,7544361065.46
sh600645,中源协和,2019-02-15,17.14,17.44,17.11,17.17,17.14,4866801.0,84079073.0,6589409693.13,7557565898.13
sh600645,中源协和,2019-02-18,17.2,17.65,17.18,17.6,17.17,6251813.0,109249756.0,6754432766.4,7746835166.4
sh600645,中源协和,2019-02-19,17.66,17.98,17.36,17.6,17.6,7490822.0,132645382.0,6754432766.4,7746835166.4
sh600645,中源协和,2019-02-20,17.75,17.79,17.18,17.35,17.6,6587904.0,114605599.0,6658489119.15,7636794894.15
sh600645,中源协和,2019-02-21,17.25,18.09,17.25,17.84,17.35,11251096.0,199845152.0,6846538667.76,7852473827.76
sh600645,中源协和,2019-02-22,17.8,17.99,17.52,17.91,17.84,7987155.0,141514323.0,6873402888.99,7883285103.99
sh600645,中源协和,2019-02-25,18.21,18.72,17.88,18.64,17.91,14618003.0,267588397.0,7153558338.96,8204602698.96
sh600645,中源协和,2019-02-26,18.87,20.5,18.7,20.44,18.64,28624177.0,575978681.0,7844352599.16,8996892659.16
sh600645,中源协和,2019-02-27,20.24,20.59,19.5,19.77,20.44,19758705.0,394674645.0,7587223624.53,8701984729.53
sh600645,中源协和,2019-02-28,19.97,20.86,19.9,20.29,19.77,17633062.0,360443229.0,7786786410.81,8930868495.81
sh600645,中源协和,2019-03-01,20.03,20.45,19.81,20.1,20.29,9254068.0,185273443.0,7713869238.9,8847237888.9
sh600645,中源协和,2019-03-04,20.42,21.15,20.24,20.57,20.1,18506692.0,383939981.0,7894243295.73,9054113600.73
sh600645,中源协和,2019-03-05,20.3,21.45,20.2,21.18,20.57,16976629.0,356965999.0,8128345795.02,9322611865.02
sh600645,中源协和,2019-03-06,21.63,23.3,21.63,23.3,21.18,31406980.0,716017393.0,8941947923.7,10255753373.7
sh600645,中源协和,2019-03-07,23.15,23.8,22.81,23.05,23.3,19217441.0,445663527.0,8846004276.45,10145713101.5
sh600645,中源协和,2019-03-08,22.41,22.78,21.09,21.41,23.05,26304532.0,579837379.0,8216613950.49,9423848915.49
sh600645,中源协和,2019-03-11,21.45,23.08,21.45,23.02,21.41,18931001.0,421713843.0,8834491038.78,10132508268.8
sh600645,中源协和,2019-03-12,22.9,23.6,22.72,23.21,23.02,19381462.0,447581206.0,8907408210.69,10216138875.7
sh600645,中源协和,2019-03-13,23.12,23.97,22.6,22.89,23.21,17023848.0,395080800.0,8784600342.21,10075287327.2
sh600645,中源协和,2019-03-14,22.87,23.35,21.6,23.3,22.89,14352724.0,323341337.0,8941947923.7,10255753373.7
sh600645,中源协和,2019-03-15,23.0,23.54,22.72,23.0,23.3,12595248.0,291002786.0,8826815547.0,10123705047.0
sh600645,中源协和,2019-03-18,23.3,23.3,22.53,23.03,23.0,10764646.0,246589588.0,8838328784.67,10136909879.7
sh600645,中源协和,2019-03-19,23.25,23.29,22.42,22.58,23.03,9153498.0,208655433.0,8665630219.62,9938837389.62
sh600645,中源协和,2019-03-20,22.57,22.81,21.78,22.32,22.58,10482479.0,234021257.0,8565848826.48,9824395506.48
sh600645,中源协和,2019-03-21,22.53,22.9,22.35,22.58,22.32,9348991.0,211309593.0,8665630219.62,9938837389.62
sh600645,中源协和,2019-03-22,22.54,22.88,21.84,22.87,22.58,10119566.0,225696779.0,8776924850.43,10066484105.4
sh600645,中源协和,2019-03-25,22.28,22.67,22.06,22.26,22.87,9017345.0,201639093.0,8542822351.14,9797985841.14
sh600645,中源协和,2019-03-26,22.26,22.55,21.0,21.1,22.26,10169997.0,221310423.0,8097643827.9,9287398977.9
sh600645,中源协和,2019-03-27,21.3,21.54,21.13,21.35,21.1,6590480.0,140555915.0,8193587475.15,9397439250.15
sh600645,中源协和,2019-03-28,21.44,21.66,21.0,21.07,21.35,7367381.0,156892734.0,8086130590.23,9274194145.23
sh600645,中源协和,2019-03-29,21.21,21.57,20.55,21.5,21.07,8741657.0,184617901.0,8251153663.5,9463463413.5
sh600645,中源协和,2019-04-01,21.91,23.19,21.91,22.6,21.5,13127425.0,296456195.0,8673305711.4,9947640611.4
sh600645,中源协和,2019-04-02,22.62,23.06,22.3,22.49,22.6,9571964.0,216423738.0,8631090506.61,9899222891.61
sh600645,中源协和,2019-04-03,22.22,22.7,22.07,22.61,22.49,6873582.0,153960475.0,8677143457.29,9952042222.29
sh600645,中源协和,2019-04-04,22.67,23.1,22.57,22.8,22.61,9931850.0,226933154.0,8750060629.2,10035672829.2
sh600645,中源协和,2019-04-08,22.7,22.87,21.9,22.13,22.8,8873145.0,198174749.0,8492931654.57,9740764899.57
sh600645,中源协和,2019-04-09,22.12,22.55,21.9,22.48,22.13,7242530.0,161424711.0,8627252760.72,9894821280.72
sh600645,中源协和,2019-04-10,22.48,22.88,22.23,22.58,22.48,9765250.0,221569930.0,8665630219.62,9938837389.62
sh600645,中源协和,2019-04-11,22.65,22.97,21.8,21.91,22.58,8861184.0,198257825.0,8408501244.99,9643929459.99
sh600645,中源协和,2019-04-12,21.41,21.84,21.34,21.45,21.91,6590965.0,141908475.0,8231964934.05,9441455359.05
sh600645,中源协和,2019-04-15,21.73,21.95,21.08,21.12,21.45,5083622.0,109340252.0,8105319319.68,9296202199.68
sh600645,中源协和,2019-04-16,20.9,21.5,20.77,21.4,21.12,5118561.0,107851861.0,8212776204.6,9419447304.6
sh600645,中源协和,2019-04-17,21.44,21.87,21.3,21.49,21.4,5039725.0,108890731.0,8247315917.61,9459061802.61
sh600645,中源协和,2019-04-18,21.77,21.8,21.33,21.39,21.49,4478787.0,96546395.0,8208938458.71,9415045693.71
sh600645,中源协和,2019-04-19,21.79,21.97,21.48,21.61,21.39,5429500.0,117820079.0,8293368868.29,9511881133.29
sh600645,中源协和,2019-04-22,21.5,21.57,21.22,21.28,21.61,4747945.0,101578297.0,8166723253.92,9366627973.92
sh600645,中源协和,2019-04-23,21.33,21.45,20.88,21.01,21.28,3924738.0,82930915.0,8063104114.89,9247784479.89
sh600645,中源协和,2019-04-24,20.95,21.3,20.7,21.29,21.01,3969946.0,83456370.0,8170560999.81,9371029584.81
sh600645,中源协和,2019-04-25,21.14,21.57,20.48,20.52,21.29,5596944.0,117957696.0,7875054566.28,9032105546.28
sh600645,中源协和,2019-04-26,20.5,20.79,20.31,20.51,20.52,4006259.0,82282035.0,7871216820.39,9027703935.39
sh600645,中源协和,2019-04-29,20.42,20.48,19.41,19.46,20.51,5367157.0,106803786.0,7468253501.94,8565534791.94
sh600645,中源协和,2019-04-30,19.5,20.22,19.5,20.0,19.46,4089559.0,81643890.0,7675491780.0,8803221780.0
sh600645,中源协和,2019-05-06,19.4,19.4,18.0,18.08,20.0,7346726.0,137098097.0,6938644569.12,7958112489.12
sh600645,中源协和,2019-05-07,18.36,18.68,18.11,18.42,18.08,4286926.0,78926881.0,7069127929.38,8107767259.38
sh600645,中源协和,2019-05-08,18.17,19.4,17.92,18.55,18.42,4762370.0,88619230.0,7119018625.95,8164988200.95
sh600645,中源协和,2019-05-09,18.4,18.84,18.09,18.34,18.55,2910526.0,53851966.0,7038425962.26,8072554372.26
sh600645,中源协和,2019-05-10,18.43,18.89,17.78,18.81,18.34,5432513.0,101034700.0,7218800019.09,8279430084.09
sh600645,中源协和,2019-05-13,18.56,18.94,18.43,18.54,18.81,3208480.0,60009860.0,7115180880.06,8160586590.06
sh600645,中源协和,2019-05-14,18.2,18.63,18.2,18.36,18.54,2781618.0,51300911.0,7046101454.04,8081357594.04
sh600645,中源协和,2019-05-15,18.52,18.65,18.44,18.55,18.36,3031200.0,56188387.0,7119018625.95,8164988200.95
sh600645,中源协和,2019-05-16,18.59,18.69,18.38,18.6,18.55,3050000.0,56564193.0,7138207355.4,8186996255.4
sh600645,中源协和,2019-05-17,18.6,18.81,18.01,18.13,18.6,4651925.0,85283526.0,6957833298.57,7980120543.57
sh600645,中源协和,2019-05-20,18.01,18.16,17.0,17.56,18.13,5154068.0,89819395.0,6739081782.84,7729228722.84
sh600645,中源协和,2019-05-21,17.5,18.42,17.43,18.3,17.56,4730473.0,85475313.0,7023074978.7,8054947928.7
sh600645,中源协和,2019-05-22,18.32,18.48,18.15,18.26,18.3,3066841.0,56094359.0,7007723995.14,8037341485.14
sh600645,中源协和,2019-05-23,18.2,18.23,17.75,17.79,18.26,2765546.0,49714791.0,6827349938.31,7830465773.31
sh600645,中源协和,2019-05-24,17.66,18.04,17.66,17.84,17.79,2218224.0,39709847.0,6846538667.76,7852473827.76
sh600645,中源协和,2019-05-27,17.84,18.51,17.75,18.39,17.84,3409464.0,62194139.0,7057614691.71,8094562426.71
sh600645,中源协和,2019-05-28,18.44,18.48,18.19,18.27,18.39,2435302.0,44671161.0,7011561741.03,8041743096.03
sh600645,中源协和,2019-05-29,18.16,18.33,17.98,18.1,18.27,2269880.0,41211858.0,6946320060.9,7966915710.9
sh600645,中源协和,2019-05-30,18.0,18.14,17.43,17.81,18.1,3062825.0,54403832.0,6835025430.09,7839268995.09
sh600645,中源协和,2019-05-31,17.87,18.2,17.56,17.91,17.81,2688131.0,48368075.0,6873402888.99,7883285103.99
sh600645,中源协和,2019-06-03,17.91,18.04,17.45,17.5,17.91,2459965.0,43484872.0,6716055307.5,7702819057.5
sh600645,中源协和,2019-06-04,17.5,17.6,17.16,17.33,17.5,2227753.0,38706235.0,6650813627.37,7627991672.37
sh600645,中源协和,2019-06-05,17.51,17.57,17.15,17.22,17.33,1889759.0,32742165.0,6608598422.58,7579573952.58
sh600645,中源协和,2019-06-06,17.22,17.23,16.6,16.6,17.22,3200585.0,53938966.0,6370658177.4,7306674077.4
sh600645,中源协和,2019-06-10,16.59,17.03,16.48,16.88,16.6,2612923.0,43844462.0,6478115062.32,7429919182.32
sh600645,中源协和,2019-06-11,16.97,17.9,16.79,17.65,16.88,4437202.0,77331408.0,6773621495.85,7768843220.85
sh600645,中源协和,2019-06-12,17.66,17.78,17.41,17.68,17.65,3451780.0,60736533.0,6785134733.52,7782048053.52
sh600645,中源协和,2019-06-13,17.7,18.25,17.63,17.95,17.68,4015881.0,72342299.0,6888753872.55,7900891547.55
sh600645,中源协和,2019-06-14,18.09,18.45,17.52,17.52,17.95,3711553.0,66746146.0,6723730799.28,7711622279.28
sh600645,中源协和,2019-06-17,17.52,18.1,17.52,17.66,17.52,3226069.0,57501554.0,6777459241.74,7773244831.74
sh600645,中源协和,2019-06-18,17.84,17.95,17.6,17.75,17.66,1984549.0,35249832.0,6811998954.75,7812859329.75
sh600645,中源协和,2019-06-19,18.05,18.35,17.83,17.87,17.75,3249241.0,58581061.0,6858051905.43,7865678660.43
sh600645,中源协和,2019-06-20,17.87,18.34,17.77,18.18,17.87,4093648.0,74084351.0,6977022028.02,8002128598.02
sh600645,中源协和,2019-06-21,18.22,18.46,18.15,18.3,18.18,3869991.0,70838917.0,7023074978.7,8054947928.7
sh600645,中源协和,2019-06-24,18.31,18.4,18.05,18.1,18.3,2211011.0,40149840.0,6946320060.9,7966915710.9
sh600645,中源协和,2019-06-25,18.02,18.11,17.3,17.79,18.1,3800704.0,67386530.0,6827349938.31,7830465773.31
sh600645,中源协和,2019-06-26,17.82,17.98,17.63,17.85,17.79,2324298.0,41545370.0,6850376413.65,7856875438.65
sh600645,中源协和,2019-06-27,17.85,18.1,17.79,17.83,17.85,2152837.0,38537818.0,6842700921.87,7848072216.87
sh600645,中源协和,2019-06-28,17.78,17.81,17.3,17.31,17.83,2964172.0,51653636.0,6643138135.59,7619188450.59
sh600645,中源协和,2019-07-01,17.74,17.94,17.44,17.93,17.31,4081886.0,72555673.0,6881078380.77,7892088325.77
sh600645,中源协和,2019-07-02,17.96,18.2,17.82,18.09,17.93,3790378.0,68437368.0,6942482315.01,7962514100.01
sh600645,中源协和,2019-07-03,18.1,18.1,17.7,17.84,18.09,2222791.0,39739613.0,6846538667.76,7852473827.76
sh600645,中源协和,2019-07-04,17.84,17.98,17.61,17.62,17.84,2271207.0,40368697.0,6762108258.18,7755638388.18
sh600645,中源协和,2019-07-05,17.63,18.18,17.62,18.15,17.62,4410100.0,79273129.0,6965508790.35,7988923765.35
sh600645,中源协和,2019-07-08,18.07,18.13,17.38,17.6,18.15,4293866.0,75804056.0,6754432766.4,7746835166.4
sh600645,中源协和,2019-07-09,17.47,17.61,17.22,17.29,17.6,2708151.0,46936461.0,6635462643.81,7610385228.81
sh600645,中源协和,2019-07-10,17.37,17.38,16.92,16.99,17.29,2549935.0,43617448.0,6520330267.11,7478336902.11
sh600645,中源协和,2019-07-11,17.01,17.27,16.95,17.04,16.99,2136147.0,36585383.0,6539518996.56,7500344956.56
sh600645,中源协和,2019-07-12,16.98,17.33,16.92,17.17,17.04,1917267.0,32932415.0,6589409693.13,7557565898.13
sh600645,中源协和,2019-07-15,17.16,17.41,16.82,17.35,17.17,3225539.0,55287283.0,6658489119.15,7636794894.15
sh600645,中源协和,2019-07-16,17.34,17.63,17.15,17.21,17.35,2308799.0,40096917.0,6604760676.69,7575172341.69
sh600645,中源协和,2019-07-17,17.21,17.34,17.07,17.15,17.21,2009545.0,34539835.0,6581734201.35,7548762676.35
sh600645,中源协和,2019-07-18,17.03,17.09,16.75,16.81,17.15,2700600.0,45547232.0,6451250841.09,7399107906.09
sh600645,中源协和,2019-07-19,16.85,16.97,16.68,16.81,16.81,1992888.0,33577995.0,6451250841.09,7399107906.09
sh600645,中源协和,2019-07-22,16.89,16.89,15.68,15.81,16.81,6334123.0,101375075.0,6067476252.09,6958946817.09
sh600645,中源协和,2019-07-23,15.88,16.05,15.75,15.84,15.81,3118293.0,49473212.0,6078989489.76,6972151649.76
sh600645,中源协和,2019-07-24,15.88,16.16,15.86,16.01,15.84,2765424.0,44411319.0,6144231169.89,7046979034.89
sh600645,中源协和,2019-07-25,16.05,16.18,15.81,16.06,16.01,2106155.0,33758718.0,6163419899.34,7068987089.34
sh600645,中源协和,2019-07-26,16.04,16.27,15.96,16.11,16.06,1969205.0,31746867.0,6182608628.79,7090995143.79
sh600645,中源协和,2019-07-29,16.6,17.72,16.35,17.72,16.11,11483074.0,198560847.0,6800485717.08,8292550490.8
sh600645,中源协和,2019-07-30,18.1,18.24,17.49,17.63,17.72,9737644.0,173697988.0,6765946004.07,8250432570.7
sh600645,中源协和,2019-07-31,17.84,18.29,17.61,18.1,17.63,8137618.0,146528394.0,6946320060.9,8470381709.0
sh600645,中源协和,2019-08-01,18.01,18.2,17.77,18.03,18.1,4600154.0,82515165.0,6919455839.67,8437623326.7
sh600645,中源协和,2019-08-02,17.7,18.02,17.53,17.84,18.03,5803615.0,103113181.0,6846538667.76,8348707717.6
sh600645,中源协和,2019-08-05,17.8,18.11,17.63,17.69,17.84,4378328.0,78041405.0,6788972479.41,8278511184.1
sh600645,中源协和,2019-08-06,17.44,18.49,17.35,18.24,17.69,11333044.0,204156933.0,7000048503.36,8535898473.6
sh600645,中源协和,2019-08-07,18.23,18.3,17.91,17.96,18.24,6031354.0,109062077.0,6892591618.44,8404864944.4
sh600645,中源协和,2019-08-08,18.08,18.15,17.76,17.9,17.96,3659485.0,65566848.0,6869565143.1,8376786331.0
sh600645,中源协和,2019-08-09,18.0,18.37,17.78,17.85,17.9,6003522.0,108423357.0,6850376413.65,8353387486.5
sh600645,中源协和,2019-08-12,17.84,18.09,17.6,18.06,17.85,3523260.0,62916982.0,6930969077.34,8451662633.4
sh600645,中源协和,2019-08-13,17.88,18.65,17.79,18.56,18.06,8301263.0,152137201.0,7122856371.84,8685651078.4
sh600645,中源协和,2019-08-14,18.7,19.07,18.41,18.44,18.56,7275235.0,136368656.0,7076803421.16,8629493851.6
sh600645,中源协和,2019-08-15,18.22,19.4,18.0,19.29,18.44,10678904.0,202278068.0,7403011821.81,9027274208.1
sh600645,中源协和,2019-08-16,19.22,19.43,18.97,19.26,19.29,8205549.0,157765317.0,7391498584.14,9013234901.4
sh600645,中源协和,2019-08-19,19.39,20.28,19.2,19.82,19.26,11024224.0,219211192.0,7606412353.98,9275301959.8
sh600645,中源协和,2019-08-20,19.85,20.65,19.61,20.25,19.82,8689061.0,175784074.0,7771435427.25,9476532022.5
sh600645,中源协和,2019-08-21,20.16,20.42,19.78,19.85,20.25,5568329.0,111193279.0,7617925591.65,9289341266.5
sh600645,中源协和,2019-08-22,19.85,19.99,19.45,19.77,19.85,5279590.0,104209373.0,7587223624.53,9251903115.3
sh600645,中源协和,2019-08-23,19.99,20.11,19.6,19.64,19.77,5041061.0,100206885.0,7537332927.96,9191066119.6
sh600645,中源协和,2019-08-26,19.4,20.22,19.31,19.84,19.64,5641603.0,112333735.0,7614087845.76,9284661497.6
sh600645,中源协和,2019-08-27,19.88,20.23,19.65,19.93,19.84,5903832.0,117756885.0,7648627558.77,9326779417.7
sh600645,中源协和,2019-08-28,19.89,19.99,19.7,19.74,19.93,3467342.0,68605277.0,7575710386.86,9237863808.6
sh600645,中源协和,2019-08-29,19.8,19.88,19.1,19.28,19.74,5367146.0,103812682.0,7399174075.92,9022594439.2
sh600645,中源协和,2019-08-30,19.38,19.63,18.68,18.79,19.28,5748744.0,110208153.0,7211124527.31,8793285763.1
sh600645,中源协和,2019-09-02,18.78,19.33,18.69,19.22,18.79,4766662.0,91012357.0,7376147600.58,8994515825.8
sh600645,中源协和,2019-09-03,19.28,19.39,18.95,19.19,19.22,4815367.0,92331049.0,7364634362.91,8980476519.1
sh600645,中源协和,2019-09-04,19.19,19.67,19.1,19.43,19.19,5327193.0,103012823.0,7456740264.27,9092790972.7
sh600645,中源协和,2019-09-05,19.5,19.74,19.36,19.45,19.43,5883162.0,114954830.0,7464415756.05,9102150510.5
sh600645,中源协和,2019-09-06,19.78,19.78,18.91,19.15,19.45,5051590.0,97357515.0,7349283379.35,8961757443.5
sh600645,中源协和,2019-09-09,19.3,20.08,19.15,19.99,19.15,9058963.0,177699575.0,7671654034.11,9354858031.1
sh600645,中源协和,2019-09-10,19.9,20.14,19.65,19.81,19.99,6099261.0,121031409.0,7602574608.09,9270622190.9
sh600645,中源协和,2019-09-11,19.82,20.2,19.69,20.08,19.81,5541546.0,110528937.0,7706193747.12,9396975951.2
sh600645,中源协和,2019-09-12,20.14,20.2,19.53,19.63,20.08,5769205.0,113807459.0,7533495182.07,9186386350.7
sh600645,中源协和,2019-09-16,19.84,19.84,19.35,19.46,19.63,4713398.0,92416708.0,7468253501.94,9106830279.4
sh600645,中源协和,2019-09-17,19.37,19.58,18.71,18.76,19.46,4889387.0,93074780.0,7199611289.64,8779246456.4
sh600645,中源协和,2019-09-18,18.81,19.0,18.47,18.58,18.76,3927812.0,73471507.0,7130531863.62,8695010616.2
sh600645,中源协和,2019-09-19,18.61,18.84,18.56,18.8,18.58,2810699.0,52552896.0,7214962273.2,8797965532.0
sh600645,中源协和,2019-09-20,18.75,19.18,18.73,18.83,18.8,3808374.0,72319054.0,7226475510.87,8812004838.7
sh600645,中源协和,2019-09-23,18.8,19.09,18.5,18.73,18.83,3748577.0,70348044.0,7188098051.97,8765207149.7
sh600645,中源协和,2019-09-24,18.79,18.91,18.45,18.55,18.73,3762221.0,70451864.0,7119018625.95,8680971309.5
sh600645,中源协和,2019-09-25,18.35,18.59,18.0,18.31,18.55,4130476.0,75821887.0,7026912724.59,8568656855.9
sh600645,中源协和,2019-09-26,18.4,18.56,17.81,17.89,18.31,3680514.0,66653229.0,6865727397.21,8372106562.1
sh600645,中源协和,2019-09-27,17.88,18.08,17.67,17.69,17.89,3241493.0,57787536.0,6788972479.41,8278511184.1
sh600645,中源协和,2019-09-30,17.65,17.8,17.25,17.25,17.69,2961942.0,51714766.0,6620111660.25,8072601352.5
sh600645,中源协和,2019-10-08,18.01,18.7,17.71,18.09,17.25,8624181.0,157289003.0,6942482315.01,8465701940.1
sh600645,中源协和,2019-10-09,17.97,18.23,17.69,17.85,18.09,4452942.0,79899401.0,6850376413.65,8353387486.5
sh600645,中源协和,2019-10-10,17.84,18.03,17.65,17.86,17.85,2839712.0,50625602.0,6854214159.54,8358067255.4
sh600645,中源协和,2019-10-11,18.0,18.04,17.73,17.84,17.86,2423949.0,43265947.0,6846538667.76,8348707717.6
sh600645,中源协和,2019-10-14,17.95,18.51,17.95,18.21,17.84,4422894.0,80542986.0,6988535265.69,8521859166.9
sh600645,中源协和,2019-10-15,18.07,18.15,17.76,17.83,18.21,2933609.0,52615108.0,6842700921.87,8344027948.7
sh600645,中源协和,2019-10-16,17.86,17.96,17.49,17.51,17.83,2781350.0,49227610.0,6719893053.39,8194275343.9
sh600645,中源协和,2019-10-17,17.52,17.74,17.46,17.46,17.51,2146014.0,37650281.0,6700704323.94,8170876499.4
sh600645,中源协和,2019-10-18,17.48,17.9,17.41,17.41,17.46,2948695.0,52028777.0,6681515594.49,8147477654.9
sh600645,中源协和,2019-10-21,17.45,17.47,16.94,17.12,17.41,2835867.0,48524389.0,6570220963.68,8011764356.8
sh600645,中源协和,2019-10-22,17.05,17.28,16.9,17.25,17.12,2472800.0,42400890.0,6620111660.25,8072601352.5
sh600645,中源协和,2019-10-23,17.27,17.28,17.01,17.06,17.25,2357119.0,40299451.0,6547194488.34,7983685743.4
sh600645,中源协和,2019-10-24,17.06,17.13,16.83,17.0,17.06,1725361.0,29261671.0,6524168013.0,7955607130.0
sh600645,中源协和,2019-10-25,17.01,17.28,16.83,17.23,17.0,2147252.0,36570724.0,6612436168.47,8063241814.7
sh600645,中源协和,2019-10-28,17.21,17.69,17.14,17.56,17.23,3591877.0,62868269.0,6739081782.84,8217674188.4
sh600645,中源协和,2019-10-29,17.56,17.68,17.34,17.36,17.56,2294699.0,40138027.0,6662326865.04,8124078810.4
sh600645,中源协和,2019-10-30,17.36,17.39,16.9,17.0,17.36,2559196.0,43784890.0,6524168013.0,7955607130.0
sh600645,中源协和,2019-10-31,16.93,17.17,16.9,16.98,17.0,1959959.0,33408079.0,6516492521.22,7946247592.2
sh600645,中源协和,2019-11-01,16.8,17.1,16.66,16.96,16.98,3852303.0,64952048.0,6508817029.44,7936888054.4
sh600645,中源协和,2019-11-04,17.0,17.42,17.0,17.23,16.96,3356961.0,57908853.0,6612436168.47,8063241814.7
sh600645,中源协和,2019-11-05,17.32,17.37,17.03,17.16,17.23,2372002.0,40734568.0,6585571947.24,8030483432.4
sh600645,中源协和,2019-11-06,17.15,17.54,17.09,17.22,17.16,3011436.0,52158300.0,6608598422.58,8058562045.8
sh600645,中源协和,2019-11-07,17.17,17.63,17.16,17.56,17.22,4163337.0,72819751.0,6739081782.84,8217551268.4
sh600645,中源协和,2019-11-08,17.58,17.71,17.36,17.38,17.56,3130530.0,54844258.0,6670002356.82,8133316688.2
sh600645,中源协和,2019-11-11,17.26,17.26,16.7,16.79,17.38,4257289.0,71833013.0,6443575349.31,7857214453.1
sh600645,中源协和,2019-11-12,16.76,16.79,16.36,16.59,16.79,3259600.0,53922407.0,6366820431.51,7763620475.1
sh600645,中源协和,2019-11-13,16.6,16.75,16.46,16.6,16.59,2011814.0,33379165.0,6370658177.4,7768300174.0
sh600645,中源协和,2019-11-14,16.27,16.47,16.06,16.23,16.6,5720290.0,92791669.0,6228661579.47,7595151314.7
sh600645,中源协和,2019-11-15,16.23,16.34,16.03,16.03,16.23,2720417.0,44023185.0,6151906661.67,7501557336.7
sh600645,中源协和,2019-11-18,16.02,16.14,15.86,15.95,16.03,2967240.0,47391797.0,6121204694.55,7464119745.5
sh600645,中源协和,2019-11-19,15.93,16.35,15.92,16.3,15.95,2412100.0,39014506.0,6255525800.7,7627909207.0
sh600645,中源协和,2019-11-20,16.46,17.69,16.45,16.88,16.3,8019800.0,137171870.0,6478115062.32,7899331743.2
sh600645,中源协和,2019-11-21,16.8,16.84,16.48,16.52,16.88,3347499.0,55558024.0,6339956210.28,7730862582.8
sh600645,中源协和,2019-11-22,16.56,16.78,16.2,16.41,16.52,3037231.0,50002677.0,6297741005.49,7679385894.9
sh600645,中源协和,2019-11-25,16.36,16.38,16.09,16.26,16.41,2064892.0,33502627.0,6240174817.14,7609190411.4
sh600645,中源协和,2019-11-26,16.22,16.39,16.21,16.22,16.26,1255329.0,20428909.0,6224823833.58,7590471615.8
sh600645,中源协和,2019-11-27,16.16,16.9,16.13,16.7,16.22,3955208.0,65618974.0,6409035636.3,7815097163.0
sh600645,中源协和,2019-11-28,16.62,16.66,16.38,16.4,16.7,1762294.0,29088436.0,6293903259.6,7674706196.0
sh600645,中源协和,2019-11-29,16.36,16.62,16.25,16.38,16.4,1625100.0,26664382.0,6286227767.82,7665346798.2
sh600645,中源协和,2019-12-02,16.4,17.18,16.4,16.88,16.38,3990100.0,67244558.0,6478115062.32,7899331743.2
sh600645,中源协和,2019-12-03,16.79,17.25,16.67,17.15,16.88,3451374.0,58852798.0,6581734201.35,8025683613.5
sh600645,中源协和,2019-12-04,17.27,17.27,16.88,17.02,17.15,2263136.0,38483729.0,6531843504.78,7964847527.8
sh600645,中源协和,2019-12-05,17.06,17.14,16.93,17.1,17.02,2184401.0,37241460.0,6562545471.9,8002285119.0
sh600645,中源协和,2019-12-06,17.03,17.06,16.89,17.02,17.1,1850423.0,31391083.0,6531843504.78,7964847527.8
sh600645,中源协和,2019-12-09,17.15,17.15,16.92,17.02,17.02,1888099.0,32107280.0,6531843504.78,7964847527.8
sh600645,中源协和,2019-12-10,17.01,17.15,16.91,17.01,17.02,2071753.0,35251508.0,6528005758.89,7960167828.9
sh600645,中源协和,2019-12-11,17.03,17.03,16.58,16.7,17.01,3241956.0,54404247.0,6409035636.3,7815097163.0
sh600645,中源协和,2019-12-12,16.7,16.72,16.27,16.27,16.7,3148901.0,52010208.0,6244012563.03,7613870110.3
sh600645,中源协和,2019-12-13,16.43,16.75,16.4,16.68,16.27,3887556.0,64553456.0,6401360144.52,7805737765.2
sh600645,中源协和,2019-12-16,16.72,17.09,16.72,17.03,16.68,3861239.0,65515378.0,6535681250.67,7969527226.7
sh600645,中源协和,2019-12-17,16.97,17.32,16.96,17.3,17.03,4720073.0,81060627.0,6639300389.7,8095879097.0
sh600645,中源协和,2019-12-18,17.3,17.44,17.07,17.08,17.3,3597655.0,61915948.0,6554869980.12,7992925721.2
sh600645,中源协和,2019-12-19,17.05,17.45,17.03,17.4,17.08,3965927.0,68399249.0,6677677848.6,8142676086.0
sh600645,中源协和,2019-12-20,17.32,17.52,17.1,17.23,17.4,3650923.0,63104206.0,6612436168.47,8063121204.7
sh600645,中源协和,2019-12-23,17.16,17.16,16.58,16.63,17.23,3577700.0,60367150.0,6382171415.07,7782339270.7
sh600645,中源协和,2019-12-24,16.65,16.75,16.57,16.71,16.63,2175515.0,36286314.0,6412873382.19,7819776861.9
sh600645,中源协和,2019-12-25,16.78,16.78,16.45,16.62,16.71,3621873.0,60077101.0,6378333669.18,7777659571.8
sh600645,中源协和,2019-12-26,16.56,16.76,16.36,16.68,16.62,3859770.0,63791718.0,6401360144.52,7805737765.2
sh600645,中源协和,2019-12-27,16.66,17.05,16.62,16.65,16.68,4181378.0,70548384.0,6389846906.85,7791698668.5
sh600645,中源协和,2019-12-30,16.66,16.83,16.25,16.77,16.65,4454235.0,73681660.0,6435899857.53,7847855055.3
sh600645,中源协和,2019-12-31,16.79,17.05,16.71,16.93,16.77,4254572.0,71946580.0,6497303791.77,7922730237.7
sh600645,中源协和,2020-01-02,17.0,17.16,16.8,17.1,16.93,5074871.0,86320473.0,6562545471.9,8002285119.0
sh600645,中源协和,2020-01-03,17.19,17.2,16.95,16.99,17.1,3556713.0,60600926.0,6520330267.11,7950808431.1
sh600645,中源协和,2020-01-06,16.92,17.16,16.78,16.94,16.99,6381672.0,108046599.0,6501141537.66,7927409936.6
sh600645,中源协和,2020-01-07,16.94,17.26,16.94,17.25,16.94,6414636.0,109950854.0,6620111660.25,8072480602.5
sh600645,中源协和,2020-01-08,17.16,17.2,16.87,16.87,17.25,4983164.0,84794066.0,6474277316.43,7894652044.3
sh600645,中源协和,2020-01-09,17.0,17.16,16.93,17.14,16.87,4946695.0,84438452.0,6577896455.46,8021003914.6
sh600645,中源协和,2020-01-10,17.17,17.38,17.07,17.27,17.14,6050728.0,104384619.0,6627787152.03,8081840000.3
sh600645,中源协和,2020-01-13,17.28,17.35,17.08,17.35,17.27,4316829.0,74343143.0,6658489119.15,8119277591.5
sh600645,中源协和,2020-01-14,17.36,17.45,17.2,17.27,17.35,3879939.0,67188092.0,6627787152.03,8081840000.3
sh600645,中源协和,2020-01-15,17.26,17.49,17.2,17.33,17.27,4280316.0,74258761.0,6650813627.37,8109918193.7
sh600645,中源协和,2020-01-16,17.41,17.44,17.06,17.08,17.33,3909197.0,67131309.0,6554869980.12,7992925721.2
sh600645,中源协和,2020-01-17,17.15,17.24,17.08,17.13,17.08,2481278.0,42588704.0,6574058709.57,8016324215.7
sh600645,中源协和,2020-01-20,17.36,17.61,17.18,17.5,17.13,6310219.0,109683361.0,6716055307.5,8189473075.0
sh600645,中源协和,2020-01-21,17.63,18.88,17.63,18.28,17.5,15441495.0,282625856.0,7015399486.92,8554489589.2
sh600645,中源协和,2020-01-22,18.36,18.39,17.37,17.54,18.28,9022838.0,159378317.0,6731406291.06,8208191870.6
sh600645,中源协和,2020-01-23,17.55,18.04,16.86,17.06,17.54,8198834.0,142357653.0,6547194488.34,7983566323.4
sh600645,中源协和,2020-02-03,15.85,16.48,15.35,15.36,17.06,11990852.0,191837816.0,5894777687.04,7188017510.4
sh600645,中源协和,2020-02-04,15.58,16.56,15.58,16.54,15.36,10887542.0,176671989.0,6347631702.06,7740221980.6
sh600645,中源协和,2020-02-05,16.66,17.07,16.57,17.0,16.54,9742379.0,164023119.0,6524168013.0,7955488130.0
sh600645,中源协和,2020-02-06,17.08,18.16,16.92,17.82,17.0,13299923.0,235625024.0,6838863175.98,8339223439.8
sh600645,中源协和,2020-02-07,17.79,18.1,17.19,17.38,17.82,10946582.0,192052147.0,6670002356.82,8133316688.2
sh600645,中源协和,2020-02-10,17.48,17.64,16.89,17.12,17.38,8408315.0,144159103.0,6570220963.68,8011644516.8
sh600645,中源协和,2020-02-11,17.05,17.76,16.66,17.74,17.12,7734907.0,132344068.0,6808161208.86,8301785848.6
sh600645,中源协和,2020-02-12,17.97,18.28,17.55,17.92,17.74,12923992.0,231116843.0,6877240634.88,8386020428.8
sh600645,中源协和,2020-02-13,17.8,17.9,17.28,17.33,17.92,6563006.0,114897068.0,6650813627.37,8109918193.7
sh600645,中源协和,2020-02-14,17.78,18.29,17.48,17.7,17.33,8664706.0,154536469.0,6792810225.3,8283067053.0
sh600645,中源协和,2020-02-17,18.47,19.25,18.12,18.92,17.7,15905754.0,298968830.0,7261015223.88,8853990318.8
sh600645,中源协和,2020-02-18,18.86,18.91,18.24,18.4,18.92,11578322.0,214287383.0,7061452437.6,8610645976.0
sh600645,中源协和,2020-02-19,18.8,18.8,17.9,17.92,18.4,8881609.0,162046098.0,6877240634.88,8386020428.8
sh600645,中源协和,2020-02-20,17.93,18.06,17.59,17.98,17.92,7431108.0,132454906.0,6900267110.22,8414098622.2
sh600645,中源协和,2020-02-21,17.9,17.97,17.6,17.86,17.98,8882560.0,157678760.0,6854214159.54,8357942235.4
sh600645,中源协和,2020-02-24,17.9,18.14,17.82,17.86,17.86,7794700.0,139751920.0,6854214159.54,8357942235.4
sh600645,中源协和,2020-02-25,17.58,18.18,17.48,18.0,17.86,9911394.0,177347916.0,6907942602.0,8423458020.0
sh600645,中源协和,2020-02-26,17.81,17.98,17.56,17.66,18.0,6836114.0,120980480.0,6777459241.74,8264348257.4
sh600645,中源协和,2020-02-27,17.78,18.58,17.53,18.3,17.66,12017932.0,218170513.0,7023074978.7,8563848987.0
sh600645,中源协和,2020-02-28,17.92,19.0,17.8,18.31,18.3,18330052.0,338142470.0,7026912724.59,8568528685.9
sh600645,中源协和,2020-03-02,18.36,18.98,18.22,18.85,18.31,15821263.0,295266219.0,7234151002.65,8821232426.5
sh600645,中源协和,2020-03-03,19.39,20.15,19.1,19.23,18.85,20744258.0,407788231.0,7379985346.47,8999060984.7
sh600645,中源协和,2020-03-04,19.25,19.84,19.15,19.52,19.23,10790066.0,209831091.0,7491279977.28,9134772252.8
sh600645,中源协和,2020-03-05,19.87,19.96,19.11,19.56,19.52,12385928.0,241342243.0,7506630960.84,9153491048.4
sh600645,中源协和,2020-03-06,19.4,21.52,19.38,21.52,19.56,23417296.0,489468017.0,8258829155.28,10070712032.8
sh600645,中源协和,2020-03-09,23.0,23.67,22.0,23.67,21.52,42835468.0,994752593.0,9083944521.63,11076847296.3
sh600645,中源协和,2020-03-10,23.5,23.5,21.3,22.37,23.67,33409401.0,747179806.0,8585037555.93,10468486439.3
sh600645,中源协和,2020-03-11,22.95,24.61,22.51,23.85,22.37,44642597.0,1066493007.0,9153023947.65,11161081876.5
sh600645,中源协和,2020-03-12,23.1,23.81,22.08,22.51,23.85,27745059.0,632996181.0,8638765998.39,10534002223.9
sh600645,中源协和,2020-03-13,20.6,21.44,20.26,20.39,22.51,31250702.0,646978093.0,7825163869.71,9541906057.1
sh600645,中源协和,2020-03-16,20.56,21.28,18.98,19.28,20.39,23198857.0,469090049.0,7399174075.92,9022459479.2
sh600645,中源协和,2020-03-17,19.03,19.3,17.98,18.66,19.28,17120402.0,318503055.0,7161233830.74,8732318147.4
sh600645,中源协和,2020-03-18,19.0,19.71,18.3,19.24,18.66,16140177.0,306416181.0,7383823092.36,9003740683.6
sh600645,中源协和,2020-03-19,18.88,19.19,18.4,18.99,19.24,9760280.0,183285719.0,7287879445.11,8886748211.1
sh600645,中源协和,2020-03-20,19.08,19.21,18.71,18.99,18.99,6704579.0,127350925.0,7287879445.11,8886748211.1
sh600645,中源协和,2020-03-23,18.54,19.29,18.03,18.07,18.99,7772278.0,145074649.0,6934806823.23,8456215912.3
sh600645,中源协和,2020-03-24,18.43,18.56,17.53,18.18,18.07,7668558.0,138810985.0,6977022028.02,8507692600.2
sh600645,中源协和,2020-03-25,18.6,19.22,18.26,18.8,18.18,9409465.0,176039395.0,7214962273.2,8797833932.0
sh600645,中源协和,2020-03-26,18.65,19.97,18.58,19.55,18.8,15329294.0,296162059.0,7502793214.95,9148811349.5
sh600645,中源协和,2020-03-27,19.76,19.76,18.91,18.98,19.55,8321823.0,160563500.0,7284041699.22,8882068512.2
sh600645,中源协和,2020-03-30,18.64,19.07,18.31,18.5,18.98,6923281.0,128575770.0,7099829896.5,8657442965.0
sh600645,中源协和,2020-03-31,18.78,19.02,18.46,18.55,18.5,5139916.0,96257521.0,7119018625.95,8680841459.5
sh600645,中源协和,2020-04-01,18.7,18.7,17.85,17.94,18.55,6929073.0,126549916.0,6884916126.66,8395379826.6
sh600645,中源协和,2020-04-02,17.9,18.29,17.59,18.28,17.94,6953283.0,124459457.0,7015399486.92,8554489589.2
sh600645,中源协和,2020-04-03,18.1,18.57,18.03,18.29,18.28,5291671.0,96586472.0,7019237232.81,8559169288.1
sh600645,中源协和,2020-04-07,18.58,19.18,18.42,18.7,18.29,7041633.0,131737945.0,7176584814.3,8751036943.0
sh600645,中源协和,2020-04-08,18.7,18.85,18.42,18.7,18.7,5262056.0,98171492.0,7176584814.3,8751036943.0
sh600645,中源协和,2020-04-09,18.7,20.17,18.7,19.8,18.7,16494530.0,324057997.0,7598736862.2,9265803822.0
sh600645,中源协和,2020-04-10,19.72,20.45,19.43,20.03,19.8,14369816.0,286899172.0,7687005017.67,9373436896.7
sh600645,中源协和,2020-04-13,20.51,20.51,19.6,19.88,20.03,9270531.0,185202882.0,7629438829.32,9303241413.2
sh600645,中源协和,2020-04-14,19.89,19.96,19.45,19.76,19.88,8091788.0,159135864.0,7583385878.64,9247085026.4
sh600645,中源协和,2020-04-15,20.4,21.3,20.04,20.5,19.76,16269286.0,336476213.0,7867379074.5,9593382745.0
sh600645,中源协和,2020-04-16,20.11,21.55,20.06,21.26,20.5,18814048.0,397174990.0,8159047762.14,9949039861.4
sh600645,中源协和,2020-04-17,21.33,21.35,20.51,20.89,21.26,14937159.0,310141209.0,8017051164.21,9775891002.1
sh600645,中源协和,2020-04-20,20.93,21.8,20.73,21.38,20.89,10470363.0,223528281.0,8205100712.82,10005196248.2
sh600645,中源协和,2020-04-21,21.29,21.64,20.45,20.55,21.38,12006280.0,250778604.0,7886567803.95,9616781239.5
sh600645,中源协和,2020-04-22,20.45,20.45,19.81,20.25,20.55,9055347.0,182770700.0,7771435427.25,9476390272.5
sh600645,中源协和,2020-04-23,20.48,21.21,20.4,20.42,20.25,10387814.0,215837587.0,7836677107.38,9555945153.8
sh600645,中源协和,2020-04-24,20.37,20.49,19.65,19.75,20.42,8991623.0,179663620.0,7579548132.75,9242405327.5
sh600645,中源协和,2020-04-27,20.12,21.73,19.45,21.19,19.75,25411076.0,537226432.0,8132183540.91,9916281969.1
sh600645,中源协和,2020-04-28,21.22,21.85,20.06,20.21,21.19,19983748.0,417110588.0,7756084443.69,9457671476.9
sh600645,中源协和,2020-04-29,19.42,19.42,18.19,18.19,20.21,21423349.0,397058811.0,6980859773.91,8512372299.1
sh600645,中源协和,2020-04-30,18.18,18.67,17.8,18.65,18.19,9656038.0,177033119.0,7157396084.85,8727638448.5
sh600645,中源协和,2020-05-06,18.38,18.73,18.23,18.6,18.65,5822985.0,107693380.0,7138207355.4,8704239954.0
sh600645,中源协和,2020-05-07,18.51,18.69,18.25,18.4,18.6,5028394.0,92768643.0,7061452437.6,8610645976.0
sh600645,中源协和,2020-05-08,18.65,19.32,18.64,19.03,18.4,8978047.0,170725912.0,7303230428.67,8905467006.7
sh600645,中源协和,2020-05-11,19.2,19.31,18.5,18.67,19.03,6628105.0,124934861.0,7165071576.63,8736997846.3
sh600645,中源协和,2020-05-12,18.63,19.14,18.5,18.82,18.67,6423953.0,121050839.0,7222637764.98,8807193329.8
sh600645,中源协和,2020-05-13,18.79,18.81,18.5,18.75,18.82,3611354.0,67414587.0,7195773543.75,8774435437.5
sh600645,中源协和,2020-05-14,18.63,18.64,18.26,18.5,18.75,3821034.0,70483253.0,7099829896.5,8657442965.0
sh600645,中源协和,2020-05-15,18.55,18.67,18.36,18.45,18.5,2952860.0,54708522.0,7080641167.05,8634044470.5
sh600645,中源协和,2020-05-18,18.46,19.28,18.36,19.12,18.45,10426324.0,197426681.0,7337770141.68,8947584296.8
sh600645,中源协和,2020-05-19,19.1,20.21,18.96,19.91,19.12,11394433.0,223973521.0,7640952066.99,9317280509.9
sh600645,中源协和,2020-05-20,19.91,20.58,19.78,19.91,19.91,8210058.0,165328082.0,7640952066.99,9317280509.9
sh600645,中源协和,2020-05-21,20.08,20.46,19.64,19.71,19.91,7119864.0,142058072.0,7564197149.19,9223686531.9
sh600645,中源协和,2020-05-22,19.74,20.95,19.74,20.42,19.71,14960126.0,305243662.0,7836677107.38,9555945153.8
sh600645,中源协和,2020-05-25,20.4,20.99,20.19,20.7,20.42,10195831.0,209574493.0,7944133992.3,9686976723.0
sh600645,中源协和,2020-05-26,20.7,20.89,20.4,20.8,20.7,6824756.0,141201892.0,7982511451.2,9733773712.0
sh600645,中源协和,2020-05-27,20.65,20.81,20.38,20.49,20.8,5613031.0,115635265.0,7863541328.61,9588703046.1
sh600645,中源协和,2020-05-28,20.4,20.48,19.86,20.07,20.49,6718630.0,135380922.0,7702356001.23,9392155692.3
sh600645,中源协和,2020-05-29,20.1,20.58,20.1,20.33,20.07,5783301.0,117838007.0,7802137394.37,9513827863.7
sh600645,中源协和,2020-06-01,20.5,20.67,20.34,20.5,20.33,5789614.0,118864762.0,7867379074.5,9593382745.0
sh600645,中源协和,2020-06-02,20.56,20.57,19.88,20.2,20.5,5576422.0,112269126.0,7752246697.8,9452991778.0
sh600645,中源协和,2020-06-03,20.2,20.92,20.04,20.39,20.2,7242648.0,148451125.0,7825163869.71,9541906057.1
sh600645,中源协和,2020-06-04,20.32,20.33,20.0,20.1,20.39,4432451.0,89180006.0,7713869238.9,9406194789.0
sh600645,中源协和,2020-06-05,20.18,21.02,20.11,20.92,20.1,9702939.0,200931080.0,8028564401.88,9789930098.8
sh600645,中源协和,2020-06-08,20.97,21.3,20.75,20.86,20.92,7653543.0,160894635.0,8005537926.54,9761851905.4
sh600645,中源协和,2020-06-09,21.0,21.69,20.76,21.6,20.86,9185490.0,195345699.0,8289531122.4,10108149624.0
sh600645,中源协和,2020-06-10,21.45,22.06,21.32,21.54,21.6,9660149.0,209431013.0,8266504647.06,10080071430.6
sh600645,中源协和,2020-06-11,21.79,22.28,21.4,21.79,21.54,8943532.0,195636979.0,8362448294.31,10197063903.1
sh600645,中源协和,2020-06-12,21.15,22.0,21.02,21.73,21.79,7105189.0,153915192.0,8339421818.97,10168985709.7
sh600645,中源协和,2020-06-15,21.88,23.65,21.72,23.01,21.73,16210943.0,371932606.0,8830653292.89,10767987168.9
sh600645,中源协和,2020-06-16,23.21,23.4,22.8,23.12,23.01,9543521.0,220575373.0,8872868497.68,10819463856.8
sh600645,中源协和,2020-06-17,23.17,25.36,23.1,24.82,23.12,20588563.0,506126946.0,9525285298.98,11615012669.8
sh600645,中源协和,2020-06-18,24.74,25.16,23.8,24.18,24.82,17860928.0,435764725.0,9279669562.02,11315511940.2
sh600645,中源协和,2020-06-19,24.06,24.59,23.79,24.09,24.18,10348168.0,249004115.0,9245129849.01,11273394650.099998
sh600645,中源协和,2020-06-22,24.0,24.6,23.36,23.4,24.09,12502062.0,297421151.0,8980325382.6,10950495426.0
sh600645,中源协和,2020-06-23,23.5,24.95,23.17,24.86,23.4,15139830.0,367279738.0,9540636282.54,11633731465.400002
sh600645,中源协和,2020-06-24,24.96,27.35,24.96,26.56,24.86,30596439.0,816926492.0,10193053083.84,12429280278.400002
sh600645,中源协和,2020-06-29,27.06,28.33,26.6,27.8,26.56,25820327.0,709308410.0,10668933574.2,13009562941.999998
sh600645,中源协和,2020-06-30,27.72,28.59,27.32,28.25,27.8,18434193.0,516072084.0,10841632139.25,13220149392.5
sh600645,中源协和,2020-07-01,28.25,28.85,26.95,27.61,28.25,19641660.0,547986483.0,10596016402.29,12920648662.9
sh600645,中源协和,2020-07-02,27.8,28.4,27.08,27.65,27.61,14971957.0,415740483.0,10611367385.849998,12939367458.5
sh600645,中源协和,2020-07-03,27.85,27.99,26.9,27.65,27.65,11432521.0,314725664.0,10611367385.849998,12939367458.5
sh600645,中源协和,2020-07-06,27.8,28.09,27.1,27.44,27.65,15955071.0,440056603.0,10530774722.160002,12841093781.6
sh600645,中源协和,2020-07-07,27.51,29.85,27.15,29.2,27.44,20508214.0,589827568.0,11206217998.8,13664720788.0
sh600645,中源协和,2020-07-08,28.9,29.49,28.24,29.0,29.2,14997722.0,432575842.0,11129463081.0,13571126810.000002
sh600645,中源协和,2020-07-09,29.01,31.85,28.68,31.27,29.0,20668208.0,636502510.0,12000631398.03,14633418460.3
sh600645,中源协和,2020-07-10,31.26,33.81,30.65,33.04,31.27,21814884.0,703437326.0,12679912420.56,15461725165.599998
sh600645,中源协和,2020-07-13,33.54,34.77,32.0,33.1,33.04,22606427.0,755755631.0,12702938895.9,15489803359.0
sh600645,中源协和,2020-07-14,32.9,33.25,31.15,31.9,33.1,18676279.0,596817169.0,12242409389.1,14928239491.0
sh600645,中源协和,2020-07-15,32.01,33.69,30.0,30.2,31.9,21347146.0,681174957.0,11589992587.8,14132690678.0
sh600645,中源协和,2020-07-16,30.3,30.98,27.18,27.18,30.2,24018433.0,698008435.0,10430993329.02,12719421610.2
sh600645,中源协和,2020-07-17,27.15,27.49,25.55,25.86,27.18,19354585.0,509119637.0,9924410871.54,12101701355.4
sh600645,中源协和,2020-07-20,26.3,26.67,25.39,26.4,25.86,13512778.0,351156105.0,10131649149.6,12354405096.0
sh600645,中源协和,2020-07-21,26.23,27.8,26.2,26.69,26.4,13313564.0,358426487.0,10242943780.41,12490116364.1
sh600645,中源协和,2020-07-22,26.38,27.14,26.35,26.55,26.69,11725223.0,313651667.0,10189215337.95,12424600579.5
sh600645,中源协和,2020-07-23,26.23,27.35,25.71,27.21,26.55,14246313.0,378111495.0,10442506566.69,12733460706.9
sh600645,中源协和,2020-07-24,27.07,27.09,24.5,24.52,27.21,22562750.0,576514282.0,9410152922.28,11474621702.8
sh600645,中源协和,2020-07-27,24.62,26.07,24.62,25.32,24.52,17372010.0,444061785.0,10405712621.16,11848997614.8
sh600645,中源协和,2020-07-28,26.2,26.2,24.8,25.3,25.32,12838801.0,322513352.0,10397493258.9,11839638217.0
sh600645,中源协和,2020-07-29,25.59,26.7,25.39,26.23,25.3,12406353.0,325566124.0,10779693603.990002,12274850214.7
sh600645,中源协和,2020-07-30,26.23,28.44,26.14,27.93,26.23,22443174.0,616296424.0,11478339396.09,13070399027.7
sh600645,中源协和,2020-07-31,27.79,29.98,27.3,29.51,27.93,21623634.0,615388982.0,12127669014.63,13809791453.9
sh600645,中源协和,2020-08-03,29.97,30.97,29.66,30.4,29.51,17039854.0,517650264.0,12493430635.2,14226284656.0
sh600645,中源协和,2020-08-04,30.4,33.22,29.81,32.5,30.4,24323091.0,765048526.0,13356463672.499998,15209021425.0
sh600645,中源协和,2020-08-05,31.96,34.17,31.69,32.8,32.5,25975964.0,856743405.0,13479754106.4,15349412392.0
sh600645,中源协和,2020-08-06,32.7,33.8,32.08,33.7,32.8,19159373.0,635982021.0,13849625408.099998,15770585293.0
sh600645,中源协和,2020-08-07,33.63,34.0,31.8,34.0,33.7,21046623.0,696776103.0,13972915842.0,15910976260.0
sh600645,中源协和,2020-08-10,34.02,34.45,32.68,32.85,34.0,14603793.0,487582413.0,13500302512.05,15372810886.5
sh600645,中源协和,2020-08-11,32.89,33.44,31.38,31.45,32.85,14447306.0,466427462.0,12924947153.85,14717653040.5
sh600645,中源协和,2020-08-12,31.36,31.89,28.4,29.77,31.45,19388361.0,575998301.0,12234520724.01,13931463625.3
sh600645,中源协和,2020-08-13,29.97,30.3,28.88,29.55,29.77,10201262.0,299685003.0,12144107739.15,13828510249.5
sh600645,中源协和,2020-08-14,29.65,30.85,29.15,30.65,29.55,12303763.0,370950241.0,12596172663.45,14343277128.5
sh600645,中源协和,2020-08-17,30.6,33.18,30.25,32.96,30.65,16584546.0,529422510.0,13545509004.48,15424287574.400002
sh600645,中源协和,2020-08-18,33.39,34.39,32.7,32.99,32.96,10770482.0,358903317.0,13557838047.87,15438326671.1
sh600645,中源协和,2020-08-19,33.78,33.78,31.56,31.7,32.99,12937069.0,418031761.0,13027689182.1,14834645513.0
sh600645,中源协和,2020-08-20,31.66,32.08,30.86,31.21,31.7,8013111.0,251873260.0,12826314806.73,14605340266.9
sh600645,中源协和,2020-08-21,31.34,31.43,30.64,31.18,31.21,7000877.0,217099642.0,12813985763.34,14591301170.2
sh600645,中源协和,2020-08-24,31.38,31.7,28.88,29.2,31.18,13066825.0,394562453.0,12000268899.6,13664720788.0
sh600645,中源协和,2020-08-25,29.65,30.2,29.0,29.23,29.2,9643623.0,285493323.0,12012597942.99,13678759884.7
sh600645,中源协和,2020-08-26,28.88,29.46,28.35,28.58,29.23,9014011.0,259632776.0,11745468669.54,13374579456.2
sh600645,中源协和,2020-08-27,28.48,29.64,27.9,29.6,28.58,12161957.0,349502823.0,12164656144.8,13851908744.0
sh600645,中源协和,2020-08-28,29.6,29.86,29.06,29.72,29.6,6117792.0,180145618.0,12213972318.36,13908065130.8
sh600645,中源协和,2020-08-31,29.92,31.04,29.9,30.1,29.72,9882486.0,302102410.0,12370140201.3,14085893688.999998
sh600645,中源协和,2020-09-01,30.43,30.55,29.35,30.1,30.1,6915735.0,206794443.0,12370140201.3,14085893688.999998
sh600645,中源协和,2020-09-02,30.2,30.58,29.6,29.69,30.1,5410524.0,161587072.0,12201643274.97,13894026034.1
sh600645,中源协和,2020-09-03,29.62,29.85,28.8,29.12,29.69,5666464.0,165519713.0,11967391450.56,13627283196.8
sh600645,中源协和,2020-09-04,28.49,30.07,28.0,30.07,29.12,7554081.0,220656582.0,12357811157.91,14071854592.3
sh600645,中源协和,2020-09-07,30.0,30.95,29.81,30.1,30.07,7169881.0,217726082.0,12370140201.3,14085893688.999998
sh600645,中源协和,2020-09-08,30.2,30.4,28.58,29.6,30.1,7716876.0,225537640.0,12164656144.8,13851908744.0
sh600645,中源协和,2020-09-09,29.05,29.38,27.5,27.58,29.6,8148446.0,229776639.0,11334500556.54,12906609566.2
sh600645,中源协和,2020-09-10,28.14,28.15,27.1,27.11,27.58,4121232.0,113826369.0,11141345543.43,12686663717.9
sh600645,中源协和,2020-09-11,26.91,27.89,26.78,27.54,27.11,4011897.0,109677420.0,11318061832.02,12887890770.6
sh600645,中源协和,2020-09-14,27.62,27.84,26.34,26.85,27.54,6290850.0,168991116.0,11034493834.05,12564991546.5
sh600645,中源协和,2020-09-15,26.93,27.1,26.0,27.03,26.85,6377582.0,169145489.0,11108468094.39,12649226126.7
sh600645,中源协和,2020-09-16,27.2,27.2,26.4,26.52,27.03,2844391.0,75676369.0,10898874356.76,12410561482.8
sh600645,中源协和,2020-09-17,26.55,27.07,26.26,26.61,26.52,3174405.0,84883756.0,10935861486.93,12452678772.9
sh600645,中源协和,2020-09-18,26.66,27.15,26.66,26.89,26.61,3468948.0,93345977.0,11050932558.57,12583710342.1
sh600645,中源协和,2020-09-21,26.77,27.19,26.3,26.44,26.89,4865799.0,129624486.0,10865996907.72,12373123891.6
sh600645,中源协和,2020-09-22,26.3,26.78,25.68,25.68,26.44,4616500.0,120905697.0,10553661141.84,12017466775.2
sh600645,中源协和,2020-09-23,25.84,26.97,25.8,26.59,25.68,5712164.0,151189977.0,10927642124.669998,12443319375.1
sh600645,中源协和,2020-09-24,26.3,26.65,25.5,25.83,26.59,5051366.0,130825214.0,10615306358.79,12087662258.7
sh600645,中源协和,2020-09-25,26.0,26.19,25.0,25.39,25.83,4001668.0,102468400.0,10434480389.07,11881755507.1
sh600645,中源协和,2020-09-28,25.68,25.98,24.28,24.62,25.39,6316615.0,156845763.0,10118034942.06,11521418691.8
sh600645,中源协和,2020-09-29,24.76,25.02,24.43,24.75,24.62,3827398.0,94982673.0,10171460796.75,11582254777.5
sh600645,中源协和,2020-09-30,24.93,25.4,24.38,24.56,24.75,4218500.0,104567359.0,10093376855.28,11493340498.4
sh600645,中源协和,2020-10-09,25.12,25.68,24.7,25.28,24.56,5823700.0,147857962.0,10389273896.64,11830278819.2
sh600645,中源协和,2020-10-12,25.42,26.03,25.31,26.01,25.28,6580341.0,169806853.0,10689280619.13,12171896838.9
sh600645,中源协和,2020-10-13,25.93,26.59,25.78,26.28,26.01,6129583.0,160623728.0,10800242009.64,12298248709.2
sh600645,中源协和,2020-10-14,26.19,27.18,25.85,26.29,26.28,6908666.0,183606751.0,10804351690.77,12302928408.1
sh600645,中源协和,2020-10-15,26.19,26.87,25.84,26.73,26.29,7162063.0,188776906.0,10985177660.49,12508835159.7
sh600645,中源协和,2020-10-16,26.68,26.96,26.15,26.28,26.73,4683875.0,123840925.0,10800242009.64,12298248709.2
sh600645,中源协和,2020-10-19,26.2,26.44,25.3,25.41,26.28,6204724.0,160049480.0,10442699751.33,11891114904.9
sh600645,中源协和,2020-10-20,25.32,25.65,24.95,25.49,25.41,4777923.0,120896163.0,10475577200.37,11928552496.1
sh600645,中源协和,2020-10-21,25.48,25.77,24.62,24.75,25.49,4569607.0,114155579.0,10171460796.75,11582254777.5
sh600645,中源协和,2020-10-22,24.71,24.84,24.21,24.35,24.75,3953051.0,96464630.0,10007073551.55,11395066821.5
sh600645,中源协和,2020-10-23,24.45,25.08,24.05,24.24,24.35,5575399.0,136512737.0,9961867059.12,11343590133.6
sh600645,中源协和,2020-10-26,24.24,24.24,23.49,23.84,24.24,4815036.0,114861902.0,9797479813.92,11156402177.599998
sh600645,中源协和,2020-10-27,23.75,24.05,23.68,23.79,23.84,2867426.0,68500942.0,9776931408.27,11133003683.1
sh600645,中源协和,2020-10-28,23.91,24.65,23.4,24.15,23.79,4738020.0,113648184.0,9924879928.95,11301472843.5
sh600645,中源协和,2020-10-29,23.96,24.73,23.71,24.45,24.15,4946355.0,120612269.0,10048170362.85,11441863810.5
sh600645,中源协和,2020-10-30,24.28,24.41,23.39,23.49,24.45,4819682.0,114890017.0,9653640974.37,10992612716.099998
sh600645,中源协和,2020-11-02,23.7,24.07,23.29,23.65,23.49,3770400.0,89018284.0,9719395872.45,11067487898.5
sh600645,中源协和,2020-11-03,23.65,24.5,23.39,24.4,23.65,4926488.0,118973445.0,10027621957.2,11418465316.000002
sh600645,中源协和,2020-11-04,24.45,24.63,24.0,24.13,24.4,3371100.0,81634066.0,9916660566.69,11292113445.7
sh600645,中源协和,2020-11-05,24.3,24.73,24.2,24.41,24.13,3791575.0,92701310.0,10031731638.33,11423145014.9
sh600645,中源协和,2020-11-06,24.5,24.99,23.8,24.09,24.41,3656667.0,87761669.0,9900221842.17,11273394650.099998
sh600645,中源协和,2020-11-09,24.2,25.05,24.12,24.86,24.09,6231330.0,154453671.0,10216667289.18,11633731465.400002
sh600645,中源协和,2020-11-10,25.2,25.36,24.41,24.48,24.86,4626435.0,114258205.0,10060499406.24,11455902907.2
sh600645,中源协和,2020-11-11,24.43,24.6,23.78,24.3,24.48,4621720.0,111788807.0,9986525145.9,11371668327.0
sh600645,中源协和,2020-11-12,24.3,24.57,23.99,24.45,24.3,4088562.0,99277132.0,10048170362.85,11441863810.5
sh600645,中源协和,2020-11-13,24.25,25.48,24.03,25.1,24.45,6336284.0,157821163.0,10315299636.3,11746044239.0
sh600645,中源协和,2020-11-16,25.1,25.25,24.77,25.08,25.1,4277700.0,107170275.0,10307080274.04,11736684841.2
sh600645,中源协和,2020-11-17,25.0,25.1,23.87,24.61,25.08,6352829.0,154430101.0,10113925260.93,11516738992.900002
sh600645,中源协和,2020-11-18,24.62,25.25,24.62,25.0,24.61,5103180.0,127086871.0,10274202825.0,11699247250.0
sh600645,中源协和,2020-11-19,24.93,25.2,24.72,24.88,25.0,3307132.0,82601894.0,10224886651.44,11643090863.2
sh600645,中源协和,2020-11-20,24.88,25.04,24.31,24.43,24.88,5054358.0,124962124.0,10039951000.59,11432504412.7
sh600645,中源协和,2020-11-23,24.56,24.58,23.85,24.48,24.43,4964910.0,119867559.0,10060499406.24,11455902907.2
sh600645,中源协和,2020-11-24,24.29,24.45,23.58,23.58,24.48,4703296.0,112471727.0,9690628104.54,11034730006.2
sh600645,中源协和,2020-11-25,23.66,23.69,22.73,22.73,23.58,6518461.0,150058483.0,9341305208.49,10636955599.7
sh600645,中源协和,2020-11-26,22.81,22.9,22.28,22.57,22.73,3711577.0,83660001.0,9275550310.41,10562080417.3
sh600645,中源协和,2020-11-27,22.63,22.74,22.01,22.27,22.57,4412955.0,98528401.0,9152259876.51,10421689450.3
sh600645,中源协和,2020-11-30,22.23,22.63,21.7,22.39,22.27,6221503.0,138289871.0,9201576050.07,10477845837.1
sh600645,中源协和,2020-12-01,22.38,22.9,22.12,22.8,22.39,3573241.0,81185579.0,9370072976.4,10669713492.0
sh600645,中源协和,2020-12-02,22.93,22.94,22.52,22.65,22.8,2613330.0,59203391.0,9308427759.45,10599518008.5
sh600645,中源协和,2020-12-03,22.81,22.98,22.2,22.34,22.65,4385551.0,99033291.0,9181027644.42,10454447342.6
sh600645,中源协和,2020-12-04,22.34,22.6,21.93,22.1,22.34,6494231.0,143933359.0,9082395297.3,10342134569.0
sh600645,中源协和,2020-12-07,22.32,22.38,21.61,21.65,22.1,5025400.0,110314508.0,8897459646.449999,10131548118.5
sh600645,中源协和,2020-12-08,21.89,22.44,21.82,21.93,21.65,5220420.0,115648463.0,9012530718.09,10262579687.7
sh600645,中源协和,2020-12-09,22.17,22.17,21.21,21.23,21.93,4708165.0,101790760.0,8724853038.99,9935000764.7
sh600645,中源协和,2020-12-10,21.08,21.3,20.72,20.75,21.23,5618863.0,117750012.0,8527588344.75,9710375217.5
sh600645,中源协和,2020-12-11,20.77,21.03,20.29,20.44,20.75,6659153.0,137288328.0,8400188229.72,9565304551.6
sh600645,中源协和,2020-12-14,20.45,21.39,20.27,21.23,20.44,6355119.0,133353352.0,8724853038.99,9935000764.7
sh600645,中源协和,2020-12-15,21.11,21.5,20.96,21.0,21.23,6514032.0,138033513.0,8630330373.0,9827367690.0
sh600645,中源协和,2020-12-16,21.0,21.22,20.85,20.9,21.0,3574980.0,75175009.0,8589233561.700001,9780570701.0
sh600645,中源协和,2020-12-17,20.98,21.47,20.91,21.3,20.9,6890024.0,146217552.0,8753620806.9,9967311357.0
sh600645,中源协和,2020-12-18,21.35,21.38,20.81,20.93,21.3,4562046.0,95862787.0,8601562605.09,9794170267.7
sh600645,中源协和,2020-12-21,20.83,21.21,20.78,20.9,20.93,7569548.0,158945698.0,8589233561.700001,9780131801.0
sh600645,中源协和,2020-12-22,20.9,21.45,20.63,20.72,20.9,6295897.0,132749411.0,8515259301.360001,9695901000.8
sh600645,中源协和,2020-12-23,20.75,20.8,19.95,20.51,20.72,6593787.0,134025691.0,8428955997.63,9597631733.9
sh600645,中源协和,2020-12-24,20.55,20.55,19.6,19.6,20.51,6237446.0,124312832.0,8054975014.8,9171798244.0
sh600645,中源协和,2020-12-25,19.5,19.92,19.41,19.66,19.6,3437474.0,67707662.0,8079633101.58,9199875177.4
sh600645,中源协和,2020-12-28,19.62,19.82,19.2,19.37,19.66,4488534.0,87352616.0,7960452348.81,9064169999.3
sh600645,中源协和,2020-12-29,19.35,19.89,19.18,19.6,19.37,3521411.0,69031670.0,8054975014.8,9171798244.0
sh600645,中源协和,2020-12-30,19.71,19.76,19.26,19.53,19.6,2830979.0,55253087.0,8026207246.89,9139041821.7
sh600645,中源协和,2020-12-31,19.53,19.85,19.4,19.61,19.53,4190853.0,82108394.0,8059084695.93,9176477732.9
sh600645,中源协和,2021-01-04,19.65,20.26,19.44,19.95,19.61,5170510.0,103054086.0,8198813854.349999,9335580355.5
sh600645,中源协和,2021-01-05,19.87,20.39,19.84,20.04,19.95,5728494.0,115110150.0,8235800984.519999,9377695755.6
sh600645,中源协和,2021-01-06,20.05,20.19,19.41,19.61,20.04,5182764.0,101712747.0,8059084695.93,9176477732.9
sh600645,中源协和,2021-01-07,19.41,19.56,18.1,18.37,19.61,11793222.0,218939723.0,7549484235.809999,8596221109.3
sh600645,中源协和,2021-01-08,18.38,18.91,17.8,18.63,18.37,7657510.0,141232784.0,7656335945.190001,8717887820.699999
sh600645,中源协和,2021-01-11,18.67,18.79,18.03,18.06,18.63,5943881.0,108930768.0,7422084120.780001,8451156953.4
sh600645,中源协和,2021-01-12,18.06,19.03,18.03,18.43,18.06,6232587.0,115562856.0,7574142322.589999,8624298042.699999
sh600645,中源协和,2021-01-13,18.55,18.59,17.85,17.94,18.43,5374600.0,96751617.0,7372767947.22,8395003086.599999
sh600645,中源协和,2021-01-14,17.9,18.57,17.9,18.15,17.94,5377503.0,97983335.0,7459071250.95,8493272353.5
sh600645,中源协和,2021-01-15,18.16,18.79,18.09,18.3,18.15,4990404.0,91825849.0,7520716467.900001,8563464687.0
sh600645,中源协和,2021-01-18,18.2,18.94,18.12,18.63,18.3,4227721.0,78778013.0,7656335945.190001,8717887820.699999
sh600645,中源协和,2021-01-19,18.62,18.95,18.49,18.64,18.63,4561098.0,85259287.0,7660445626.32,8722567309.6
sh600645,中源协和,2021-01-20,18.58,18.76,18.14,18.32,18.64,5672944.0,104046985.0,7528935830.16,8572823664.799999
sh600645,中源协和,2021-01-21,18.43,20.01,18.43,19.75,18.32,13563447.0,261596902.0,8116620231.75,9241990577.5
sh600645,中源协和,2021-01-22,19.7,21.73,19.68,21.73,19.75,11598865.0,244707897.0,8930337095.49,10168529379.7
sh600645,中源协和,2021-01-25,22.89,23.2,21.18,21.51,21.73,21437487.0,472212743.0,8839924110.63,10065580623.9
sh600645,中源协和,2021-01-26,21.0,21.27,20.3,20.35,21.51,12572831.0,260303245.0,8363201099.55,9522759911.5
sh600645,中源协和,2021-01-27,20.28,21.0,20.01,20.29,20.35,8453360.0,172385033.0,8338543012.769999,9494682978.1
sh600645,中源协和,2021-01-28,19.52,20.28,18.7,19.62,20.29,11210672.0,220092240.0,8063194377.06,9181157221.8
sh600645,中源协和,2021-01-29,19.79,19.82,18.3,18.43,19.62,10460751.0,197826815.0,7574142322.589999,8624298042.699999
sh600645,中源协和,2021-02-01,18.38,18.74,18.12,18.24,18.43,5194058.0,95559624.0,7496058381.12,8535387753.599999
sh600645,中源协和,2021-02-02,18.2,18.41,17.81,18.05,18.24,6885320.0,124748363.0,7417974439.65,8446477464.5
sh600645,中源协和,2021-02-03,18.07,18.57,17.65,17.68,18.05,9351083.0,168124122.0,7265916237.84,8273336375.2
sh600645,中源协和,2021-02-04,17.51,17.54,16.97,17.25,17.68,6038755.0,104093215.0,7089199949.25,8072118352.5
sh600645,中源协和,2021-02-05,17.26,17.45,16.56,16.62,17.25,6783133.0,115033323.0,6830290038.059999,7777310551.8
sh600645,中源协和,2021-02-08,16.59,16.7,16.26,16.33,16.62,5742918.0,94477207.0,6711109285.29,7641605373.700001
sh600645,中源协和,2021-02-09,16.52,17.59,16.4,17.13,16.33,8791152.0,149338372.0,7039883775.69,8015964485.7
sh600645,中源协和,2021-02-10,17.16,18.02,17.06,17.87,17.13,7376954.0,130657044.0,7344000179.309999,8362246664.3
sh600645,中源协和,2021-02-18,18.0,18.45,17.99,18.31,17.87,6259481.0,114454725.0,7524826149.03,8568144175.9
sh600645,中源协和,2021-02-19,18.29,19.86,18.24,19.66,18.31,9024262.0,173432909.0,8079633101.58,9199875177.4
sh600645,中源协和,2021-02-22,19.5,19.85,19.0,19.01,19.66,8720715.0,169784768.0,7812503828.13,8895708398.9
sh600645,中源协和,2021-02-23,19.05,19.45,18.87,18.93,19.01,6175284.0,118000583.0,7779626379.09,8858272487.699999
sh600645,中源协和,2021-02-24,18.79,19.28,18.63,18.89,18.93,5085902.0,96541646.0,7763187654.57,8839554532.1
sh600645,中源协和,2021-02-25,19.06,19.15,18.18,18.31,18.89,6060544.0,111624717.0,7524826149.03,8568144175.9
sh600645,中源协和,2021-02-26,18.02,18.36,17.82,17.92,18.31,4765429.0,86112217.0,7364548584.959999,8385644108.8
sh600645,中源协和,2021-03-01,18.12,18.67,17.98,18.55,17.92,4048020.0,74344761.0,7623458496.15,8680451909.5
sh600645,中源协和,2021-03-02,18.62,18.68,18.04,18.13,18.55,3441666.0,62675068.0,7450851888.69,8483913375.7
sh600645,中源协和,2021-03-03,18.0,18.28,18.0,18.15,18.13,3415337.0,61917530.0,7459071250.95,8493272353.5
sh600645,中源协和,2021-03-04,18.14,18.24,17.81,17.94,18.15,4003216.0,71910687.0,7372767947.22,8395003086.599999
sh600645,中源协和,2021-03-05,17.81,18.12,17.76,17.98,17.94,3717731.0,66809391.0,7389206671.74,8413721042.2
sh600645,中源协和,2021-03-08,18.04,18.26,17.48,17.61,17.98,4751262.0,84786289.0,7237148469.93,8240579952.9
sh600645,中源协和,2021-03-09,17.5,17.65,16.92,16.97,17.61,5792057.0,100119379.0,6974128877.61,7941092663.3
sh600645,中源协和,2021-03-10,17.11,17.31,16.82,16.91,16.97,4505470.0,76878893.0,6949470790.83,7913015729.900001
sh600645,中源协和,2021-03-11,16.94,17.12,16.7,17.05,16.91,3795955.0,64542624.0,7007006326.650001,7978528574.5
sh600645,中源协和,2021-03-12,17.14,18.76,16.8,18.3,17.05,10504849.0,188053526.0,7520716467.900001,8563464687.0
sh600645,中源协和,2021-03-15,18.15,18.15,17.63,17.78,18.3,5739902.0,102518820.0,7307013049.139999,8320131264.2
sh600645,中源协和,2021-03-16,17.76,19.55,17.75,19.17,17.78,11573203.0,218414913.0,7878258726.21,8970580221.300001
sh600645,中源协和,2021-03-17,19.27,19.55,18.9,19.26,19.17,6598583.0,126898837.0,7915245856.38,9012695621.4
sh600645,中源协和,2021-03-18,19.26,19.69,18.91,18.99,19.26,6037200.0,116063156.0,7804284465.870001,8886349421.1
sh600645,中源协和,2021-03-19,18.85,19.77,18.74,19.29,18.99,7505850.0,145064103.0,7927574899.77,9026734088.1
sh600645,中源协和,2021-03-22,19.45,19.53,19.1,19.3,19.29,4130167.0,79681550.0,7931684580.9,9031413577.0
sh600645,中源协和,2021-03-23,19.43,19.43,18.69,18.82,19.3,6032323.0,114430489.0,7734419886.66,8806798109.8
sh600645,中源协和,2021-03-24,18.74,19.5,18.73,18.86,18.82,5323207.0,101315036.0,7750858611.18,8825516065.4
sh600645,中源协和,2021-03-25,18.81,18.86,18.35,18.51,18.86,3989297.0,73886402.0,7607019771.63,8661733953.9
sh600645,中源协和,2021-03-26,18.45,18.78,18.42,18.6,18.51,2919376.0,54318594.0,7644006901.8,8703849354.0
sh600645,中源协和,2021-03-29,18.56,18.75,18.25,18.51,18.6,3821957.0,70524604.0,7607019771.63,8661733953.9
sh600645,中源协和,2021-03-30,18.5,18.5,18.03,18.34,18.51,3319365.0,60628914.0,7537155192.419999,8582182642.599999
sh600645,中源协和,2021-03-31,18.34,18.92,18.3,18.38,18.34,3691079.0,68397381.0,7553593916.94,8600900598.199999
sh600645,中源协和,2021-04-01,18.3,18.38,18.12,18.23,18.38,3178117.0,57982004.0,7491948699.99,8530708264.7
sh600645,中源协和,2021-04-02,18.23,19.18,18.18,18.87,18.23,5727382.0,107376685.0,7754968292.31,8830195554.3
sh600645,中源协和,2021-04-06,18.98,19.07,18.62,19.05,18.87,4228835.0,80010212.0,7828942552.650001,8914426354.5
sh600645,中源协和,2021-04-07,19.0,19.0,18.71,18.89,19.05,3297051.0,62185614.0,7763187654.57,8839554532.1
sh600645,中源协和,2021-04-08,18.89,18.89,18.45,18.62,18.89,3556300.0,66236439.0,7652226264.06,8713208331.8
sh600645,中源协和,2021-04-09,18.59,18.75,18.31,18.43,18.62,2871100.0,53009864.0,7574142322.589999,8624298042.699999
sh600645,中源协和,2021-04-12,18.47,18.71,18.07,18.18,18.43,3599912.0,66274560.0,7471400294.34,8507310820.2
sh600645,中源协和,2021-04-13,18.12,18.28,17.95,18.0,18.18,2714373.0,49139479.0,7397426034.0,8423080020.0
sh600645,中源协和,2021-04-14,18.06,18.46,17.86,18.25,18.0,2226662.0,40602525.0,7500168062.249999,8540067242.5
sh600645,中源协和,2021-04-15,18.26,18.56,18.0,18.46,18.25,3008480.0,54886986.0,7586471365.98,8638336509.4
sh600645,中源协和,2021-04-16,18.5,19.24,18.4,19.16,18.46,6317524.0,118847143.0,7874149045.08,8965900732.4
sh600645,中源协和,2021-04-19,18.91,19.02,18.7,18.96,19.16,6211355.0,117324770.0,7791955422.48,8872310954.4
sh600645,中源协和,2021-04-20,18.99,20.8,18.99,19.97,18.96,15488335.0,308067224.0,8207033216.610001,9344939333.3
sh600645,中源协和,2021-04-21,19.97,21.58,19.85,21.08,19.97,15173424.0,319469356.0,8663207822.04,9864362601.2
sh600645,中源协和,2021-04-22,20.93,21.28,20.47,20.61,21.08,11059391.0,229315846.0,8470052808.929999,9644426622.9
sh600645,中源协和,2021-04-23,20.5,21.38,20.47,20.95,20.61,8637693.0,181295632.0,8609781967.35,9803529245.5
sh600645,中源协和,2021-04-26,21.05,21.36,20.49,20.62,20.95,9466830.0,197815817.0,8474162490.06,9649106111.8
sh600645,中源协和,2021-04-27,20.3,20.43,19.88,20.03,20.62,9357472.0,187696724.0,8231691303.39,9373016266.7
sh600645,中源协和,2021-04-28,20.09,20.36,19.91,20.28,20.03,5068498.0,102399618.0,8334433331.639999,9490003489.2
sh600645,中源协和,2021-04-29,20.29,21.72,20.15,20.9,20.28,11775252.0,247614073.0,8589233561.700001,9780131801.0
sh600645,中源协和,2021-04-30,20.75,21.35,20.6,21.0,20.9,8006018.0,167987347.0,8630330373.0,9826926690.0
sh600645,中源协和,2021-05-06,21.01,21.94,20.75,21.19,21.0,9027060.0,192789390.0,8708414314.47,9915836979.1
sh600645,中源协和,2021-05-07,21.3,21.32,20.09,20.15,21.19,7508688.0,153482954.0,8281007476.95,9429170133.5
sh600645,中源协和,2021-05-10,20.15,20.56,20.0,20.08,20.15,4712070.0,95422733.0,8252239709.04,9396413711.2
sh600645,中源协和,2021-05-11,20.1,22.09,19.96,22.09,20.08,15227922.0,326261717.0,9078285616.17,10336990980.1
sh600645,中源协和,2021-05-12,22.33,23.37,22.25,22.59,22.09,19025263.0,431705183.0,9283769672.67,10570965425.1
sh600645,中源协和,2021-05-13,22.41,23.49,22.21,22.95,22.59,16755370.0,385061565.0,9431718193.35,10739427025.5
sh600645,中源协和,2021-05-14,23.36,24.63,22.96,23.41,22.95,19720439.0,470693239.0,9620763525.33,10954683514.9
sh600645,中源协和,2021-05-17,23.07,24.25,22.85,23.0,23.41,15487398.0,362321492.0,9452266599.0,10762824470.0
sh600645,中源协和,2021-05-18,23.23,24.1,22.96,23.81,23.0,13679282.0,322056120.0,9785150770.53,11141863070.9
sh600645,中源协和,2021-05-19,23.8,23.8,22.78,23.02,23.81,10824164.0,250427551.0,9460485961.26,10772183447.8
sh600645,中源协和,2021-05-20,22.89,23.49,22.84,23.18,23.02,7140206.0,165781316.0,9526240859.34,10847055270.2
sh600645,中源协和,2021-05-21,23.02,24.58,22.8,24.58,23.18,15241356.0,364578055.0,10101596217.54,11502183716.2
sh600645,中源协和,2021-05-24,24.5,26.75,24.3,26.05,24.58,20942844.0,536668447.0,10705719343.650002,12190068584.5
sh600645,中源协和,2021-05-25,25.98,26.32,25.4,25.88,26.05,11799505.0,305553200.0,10635854764.44,12110517273.2
sh600645,中源协和,2021-05-26,25.8,26.7,25.6,25.95,25.88,10881995.0,285017252.0,10664622532.35,12143273695.5
sh600645,中源协和,2021-05-27,25.9,27.12,25.82,26.2,25.95,12323900.0,326664597.0,10767364560.6,12260260918.0
sh600645,中源协和,2021-05-28,26.25,26.4,25.28,25.91,26.2,11010243.0,282577292.0,10648183807.83,12124555739.9
sh600645,中源协和,2021-05-31,25.92,27.05,25.56,25.77,25.91,11227697.0,293871769.0,10590648272.01,12059042895.3
sh600645,中源协和,2021-06-01,25.84,26.41,24.88,26.35,25.77,10325510.0,265226075.0,10829009777.55,12330453251.5
sh600645,中源协和,2021-06-02,26.18,27.5,25.68,25.7,26.35,14645084.0,388246904.0,10561880504.099998,12026286473.0
sh600645,中源协和,2021-06-03,26.0,26.1,24.32,24.42,25.7,14940545.0,374594949.0,10035841319.46,11427311893.8
sh600645,中源协和,2021-06-04,24.35,25.37,24.29,25.07,24.42,10203209.0,253982052.0,10302970592.91,11731478672.3
sh600645,中源协和,2021-06-07,25.2,26.59,25.0,25.59,25.07,11982587.0,310409886.0,10516674011.67,11974812095.1
sh600645,中源协和,2021-06-08,25.67,25.75,23.89,24.4,25.59,15461529.0,380214709.0,10027621957.2,11417952916.000002
sh600645,中源协和,2021-06-09,24.37,24.56,23.75,23.87,24.4,6286314.0,151569326.0,9809808857.31,11169940004.3
sh600645,中源协和,2021-06-10,23.88,24.2,23.57,23.65,23.87,8027929.0,190931745.0,9719395872.45,11066991248.5
sh600645,中源协和,2021-06-11,23.75,24.4,23.59,24.0,23.65,7568965.0,181788635.0,9863234712.0,11230773359.999998
sh600645,中源协和,2021-06-15,23.63,23.88,22.79,22.9,24.0,8854539.0,205564529.0,9411169787.7,10716029581.0
sh600645,中源协和,2021-06-16,22.89,23.43,22.51,22.63,22.9,5997506.0,137565782.0,9300208397.19,10589683380.7
sh600645,中源协和,2021-06-17,22.65,23.35,22.51,22.78,22.63,5125093.0,117399866.0,9361853614.14,10659875714.2
sh600645,中源协和,2021-06-18,22.92,23.78,22.92,23.31,22.78,5918744.0,138109648.0,9579666714.03,10907888625.9
sh600645,中源协和,2021-06-21,22.89,23.17,22.5,22.6,23.31,7524024.0,171502316.0,9287879353.8,10575644914.0
sh600645,中源协和,2021-06-22,22.64,23.48,22.6,23.08,22.6,6354040.0,146464902.0,9485144048.04,10800260381.2
sh600645,中源协和,2021-06-23,23.08,23.28,22.54,22.7,23.08,5823907.0,132357285.0,9328976165.1,10622439803.0
sh600645,中源协和,2021-06-24,22.64,22.95,22.04,22.95,22.7,7789199.0,174629825.0,9431718193.35,10739427025.5
sh600645,中源协和,2021-06-25,22.8,22.89,22.32,22.39,22.95,5043904.0,113316114.0,9201576050.07,10477375647.1
sh600645,中源协和,2021-06-28,22.2,23.13,22.19,22.91,22.39,6711093.0,151650617.0,9415279468.83,10720709069.9
sh600645,中源协和,2021-06-29,23.14,23.88,22.58,22.65,22.91,8755015.0,203044899.0,9308427759.45,10599042358.5
sh600645,中源协和,2021-06-30,22.81,23.24,22.3,22.95,22.65,6910636.0,157289909.0,9431718193.35,10739427025.5
sh600645,中源协和,2021-07-01,22.75,25.01,22.71,24.32,22.95,16971742.0,408455742.0,9994744508.16,11380517004.8
sh600645,中源协和,2021-07-02,24.18,24.43,23.72,24.25,24.32,9633798.0,231822366.0,9965976740.25,11347760582.5
sh600645,中源协和,2021-07-05,24.0,24.45,23.5,23.83,24.25,7123435.0,170159728.0,9793370132.79,11151222048.7
sh600645,中源协和,2021-07-06,23.85,24.05,21.75,22.18,23.83,14521345.0,329075697.0,9115272746.34,10379106380.2
sh600645,中源协和,2021-07-07,22.0,23.09,21.91,22.6,22.18,8851325.0,199961563.0,9287879353.8,10575644914.0
sh600645,中源协和,2021-07-08,22.6,22.7,21.15,21.39,22.6,11436521.0,247886370.0,8790607937.07,10009426757.1
sh600645,中源协和,2021-07-09,21.24,21.63,20.9,21.39,21.39,6954573.0,147436632.0,8790607937.07,10009426757.1
sh600645,中源协和,2021-07-12,21.03,21.66,20.87,21.22,21.39,7744368.0,164692779.0,8720743357.86,9929875445.8
sh600645,中源协和,2021-07-13,21.19,21.64,20.92,21.47,21.22,6684774.0,141844672.0,8823485386.11,10046862668.3
sh600645,中源协和,2021-07-14,21.46,22.01,21.15,21.4,21.47,6653900.0,143509248.0,8794717618.2,10014106246.0
sh600645,中源协和,2021-07-15,21.4,21.4,20.96,21.21,21.4,4758134.0,100494350.0,8716633676.73,9925195956.9
sh600645,中源协和,2021-07-16,21.25,21.65,21.15,21.2,21.21,3942377.0,84061600.0,8712523995.6,9920516468.0
sh600645,中源协和,2021-07-19,21.14,21.2,20.51,20.6,21.2,5985482.0,123883757.0,8465943127.8,9639747134.0
sh600645,中源协和,2021-07-20,20.5,21.07,20.5,20.88,20.6,4439928.0,92489807.0,8581014199.44,9770772823.2
sh600645,中源协和,2021-07-21,20.92,21.83,20.9,21.5,20.88,7395698.0,158751212.0,8835814429.5,10060901135.0
sh600645,中源协和,2021-07-22,21.52,21.52,21.0,21.18,21.5,4819047.0,102298761.0,8704304633.34,9911157490.2
sh600645,中源协和,2021-07-23,21.14,21.22,20.01,20.15,21.18,8172025.0,166847824.0,8281007476.95,9429170133.5
sh600645,中源协和,2021-07-26,20.04,20.15,18.98,19.3,20.15,7430700.0,144713306.0,7931684580.9,9031413577.0
sh600645,中源协和,2021-07-27,19.3,19.67,18.69,18.9,19.3,7098119.0,135971640.0,7767297335.700001,8844234021.0
sh600645,中源协和,2021-07-28,18.8,19.24,18.3,18.88,18.9,6684493.0,125472522.0,7759077973.44,8834875043.199999
sh600645,中源协和,2021-07-29,19.11,19.24,18.8,19.07,18.88,4879013.0,92693796.0,7837161914.91,8923785332.3
sh600645,中源协和,2021-07-30,19.0,19.47,18.53,19.38,19.07,5469336.0,104017048.0,7964562029.940001,9068849488.2
sh600645,中源协和,2021-08-02,19.35,19.75,18.83,19.4,19.38,8656839.0,167472275.0,7972781392.2,9078208466.0
sh600645,中源协和,2021-08-03,19.39,20.4,19.15,19.98,19.4,9793881.0,195478565.0,8211142897.74,9349618822.2
sh600645,中源协和,2021-08-04,20.08,20.1,19.42,19.7,19.98,7429989.0,145711052.0,8096071826.1,9218593133.0
sh600645,中源协和,2021-08-05,19.75,20.53,19.71,19.79,19.7,7466754.0,149801980.0,8133058956.27,9260708533.1
sh600645,中源协和,2021-08-06,19.68,19.68,18.98,19.2,19.79,6679946.0,128323556.0,7890587769.6,8984618688.0
sh600645,中源协和,2021-08-09,19.2,20.35,19.11,20.0,19.2,8505392.0,168928380.0,8219362260.0,9358977800.0
sh600645,中源协和,2021-08-10,20.03,20.49,19.8,20.25,20.0,7012538.0,141489531.0,8322104288.249999,9475965022.5
sh600645,中源协和,2021-08-11,20.29,20.38,19.92,20.05,20.25,4683070.0,94052563.0,8239910665.65,9382375244.5
sh600645,中源协和,2021-08-12,20.17,20.17,19.6,19.76,20.05,5075901.0,100410527.0,8120729912.88,9246670066.4
sh600645,中源协和,2021-08-13,19.7,19.85,19.29,19.45,19.76,4771410.0,93073657.0,7993329797.849999,9101605910.5
sh600645,中源协和,2021-08-16,19.5,19.92,19.38,19.66,19.45,4518574.0,88811621.0,8079633101.58,9199875177.4
sh600645,中源协和,2021-08-17,19.61,21.63,19.19,21.63,19.66,20162254.0,418730127.0,8889240284.19,10121734490.7
sh600645,中源协和,2021-08-18,22.18,22.98,21.63,21.97,21.63,28037957.0,623156512.0,9028969442.61,10280837113.3
sh600645,中源协和,2021-08-19,21.9,21.9,20.99,21.11,21.97,14206368.0,303330224.0,8675536865.43,9878401067.9
sh600645,中源协和,2021-08-20,21.0,21.02,19.5,19.8,21.11,14547051.0,292478870.0,8137168637.4,9265388022.0
sh600645,中源协和,2021-08-23,19.89,20.1,19.39,19.89,19.8,9176034.0,181405982.0,8174155767.57,9307503422.1
sh600645,中源协和,2021-08-24,19.89,20.14,19.8,19.88,19.89,8064183.0,160787626.0,8170046086.440001,9302823933.2
sh600645,中源协和,2021-08-25,19.86,21.08,19.6,20.64,19.88,12427776.0,254325001.0,8482381852.32,9658465089.6
sh600645,中源协和,2021-08-26,20.62,21.16,20.26,20.55,20.64,8511739.0,176105282.0,8445394722.15,9616349689.5
sh600645,中源协和,2021-08-27,20.56,20.78,20.04,20.3,20.55,6777527.0,137695857.0,9483102126.4,9499362467.0
sh600645,中源协和,2021-08-30,20.41,20.55,19.79,19.8,20.3,7455169.0,149305398.0,9249528182.4,9265388022.0
sh600645,中源协和,2021-08-31,19.8,20.05,19.61,19.66,19.8,4247128.0,84079365.0,9184127478.08,9199875177.4
sh600645,中源协和,2021-09-01,19.66,20.55,19.34,20.49,19.66,9977949.0,199086714.0,9571860225.12,9588272756.1
sh600645,中源协和,2021-09-02,20.5,21.16,20.24,20.86,20.49,10612544.0,220940339.0,9744704943.68,9761413845.4
sh600645,中源协和,2021-09-03,20.79,22.6,20.73,21.78,20.86,13830505.0,299188315.0,10174481000.64,10191926824.2
sh600645,中源协和,2021-09-06,21.87,22.45,21.43,21.99,21.78,10388723.0,228572430.0,10272582057.12,10290196091.1
sh600645,中源协和,2021-09-07,22.01,22.72,21.75,22.18,21.99,10589166.0,236488851.0,10361340155.84,10379106380.2
sh600645,中源协和,2021-09-08,22.47,22.47,21.81,22.31,22.18,10767513.0,238731473.0,10422069381.28,10439939735.9
sh600645,中源协和,2021-09-09,22.28,23.5,22.02,22.94,22.31,13669725.0,312872780.0,10716372550.72,10734747536.599998
sh600645,中源协和,2021-09-10,22.92,23.19,22.33,22.6,22.94,8579659.0,194788353.0,10557542268.8,10575644914.0
sh600645,中源协和,2021-09-13,22.58,23.49,22.41,22.9,22.6,9215645.0,212641830.0,10697686635.2,10716029581.0
sh600645,中源协和,2021-09-14,23.0,23.3,22.4,22.5,22.9,8497926.0,192999977.0,10510827480.0,10528850025.0
sh600645,中源协和,2021-09-15,22.49,22.53,21.9,22.0,22.5,10967308.0,242507091.0,10277253536.0,10294875580.0
sh600645,中源协和,2021-09-16,21.93,22.79,21.93,21.97,22.0,9852697.0,219749269.0,10263239099.36,10280837113.3
sh600645,中源协和,2021-09-17,21.91,22.99,21.82,22.38,21.97,10816382.0,241814486.0,10454769733.44,10472696158.2
sh600645,中源协和,2021-09-22,22.08,23.62,21.9,23.05,22.38,11793847.0,270341379.0,10767758818.4,10786221914.5
sh600645,中源协和,2021-09-23,23.0,23.5,22.75,22.92,23.05,11132624.0,256933185.0,10707029592.96,10725388558.8
sh600645,中源协和,2021-09-24,23.12,25.1,22.65,24.3,22.92,21383228.0,515504713.0,11351693678.4,11371158026.999998
sh600645,中源协和,2021-09-27,24.01,25.26,23.71,24.0,24.3,18344987.0,448439245.0,11211549312.0,11230773359.999998
sh600645,中源协和,2021-09-28,24.15,24.84,23.85,24.21,24.0,13461394.0,327703403.0,11309650368.48,11329042626.9
sh600645,中源协和,2021-09-29,24.04,24.19,23.19,23.39,24.21,10744181.0,253587275.0,10926589100.32,10945324537.1
sh600645,中源协和,2021-09-30,23.63,24.29,23.44,23.94,23.39,9316503.0,222645024.0,11183520438.72,11202696426.599998
sh600645,中源协和,2021-10-08,23.85,24.28,23.21,23.33,23.94,9418325.0,222686338.0,10898560227.04,10917247603.7
sh600645,中源协和,2021-10-11,23.37,24.14,23.3,23.6,23.33,9066582.0,215341939.0,11024690156.8,11043593804.0
sh600645,中源协和,2021-10-12,23.3,23.6,22.18,22.4,23.6,11483109.0,261236378.0,10464112691.2,10482055136.0
sh600645,中源协和,2021-10-13,22.21,23.18,22.2,22.8,22.4,7665252.0,174938756.0,10650971846.400002,10669234692.0
sh600645,中源协和,2021-10-14,22.76,23.3,22.46,22.55,22.8,6787400.0,154976485.0,10534184874.4,10552247469.5
sh600645,中源协和,2021-10-15,22.52,22.84,22.29,22.42,22.55,6120916.0,137884462.0,10473455648.96,10491414113.8
sh600645,中源协和,2021-10-18,22.33,22.48,21.29,21.46,22.42,8733856.0,188717600.0,10024993676.48,10042183179.4
sh600645,中源协和,2021-10-19,21.46,21.83,21.35,21.64,21.46,4906031.0,106184540.0,10109080296.32,10126413979.6
sh600645,中源协和,2021-10-20,21.75,21.78,21.13,21.42,21.64,5489857.0,117326087.0,10006307760.96,10023465223.8
sh600645,中源协和,2021-10-21,21.37,21.54,20.9,21.05,21.42,5577900.0,117697404.0,9833463042.4,9850324134.5
sh600645,中源协和,2021-10-22,21.19,22.11,21.06,21.52,21.05,9193514.0,199435010.0,10053022549.76,10070260112.8
sh600645,中源协和,2021-10-25,21.56,21.75,21.05,21.22,21.52,5494494.0,116689460.0,9912878183.36,9929875445.8
sh600645,中源协和,2021-10-26,21.27,21.47,20.99,21.24,21.22,4280713.0,91018930.0,9922221141.12,9939234423.6
sh600645,中源协和,2021-10-27,21.19,21.24,20.25,20.32,21.24,6266962.0,128943783.0,9492445084.16,9508721444.8
sh600645,中源协和,2021-10-28,20.32,20.68,20.19,20.36,20.32,4082079.0,83220909.0,9511130999.68,9527439400.4
sh600645,中源协和,2021-10-29,20.29,20.56,19.82,20.46,20.36,4817700.0,97445644.0,9557845788.48,9574234289.4
sh600645,中源协和,2021-11-01,20.76,21.69,20.66,21.25,20.46,9668307.0,204533124.0,9926892620.0,9943913912.5
sh600645,中源协和,2021-11-02,21.1,21.44,20.32,20.4,21.25,8260339.0,171353961.0,9529816915.2,9546157356.0
sh600645,中源协和,2021-11-03,20.4,22.4,20.35,21.93,20.4,13430966.0,289515555.0,10244553183.84,10262119157.7
sh600645,中源协和,2021-11-04,21.65,22.05,21.54,21.94,21.93,7932680.0,172738192.0,10249224662.72,10266798646.6
sh600645,中源协和,2021-11-05,21.75,22.41,21.75,22.15,21.94,7604899.0,168217789.0,10347325719.2,10365067913.5
sh600645,中源协和,2021-11-08,22.01,22.09,21.4,21.77,22.15,6111001.0,132513346.0,10169809521.76,10187247335.3
sh600645,中源协和,2021-11-09,21.7,22.45,21.62,22.27,21.77,6252062.0,138233795.0,10403383465.76,10421221780.3
sh600645,中源协和,2021-11-10,22.26,22.57,21.95,22.3,22.27,7864846.0,175297959.0,10417397902.4,10435260247.0
sh600645,中源协和,2021-11-11,22.23,22.64,22.15,22.29,22.3,6847060.0,153151145.0,10412726423.52,10430580758.1
sh600645,中源协和,2021-11-12,22.3,22.42,22.0,22.3,22.29,5172481.0,115005736.0,10417397902.4,10435260247.0
sh600645,中源协和,2021-11-15,22.21,23.08,22.17,22.84,22.3,9421481.0,215241602.0,10669657761.919998,10687952647.599998
sh600645,中源协和,2021-11-16,22.75,23.41,22.7,23.02,22.84,8653795.0,199609614.0,10753744381.76,10772183447.8
sh600645,中源协和,2021-11-17,22.94,23.36,22.79,23.18,23.02,7360704.0,170125296.0,10828488043.839998,10847055270.2
sh600645,中源协和,2021-11-18,23.18,23.55,23.01,23.3,23.18,7046612.0,164091028.0,10884545790.4,10903209137.0
sh600645,中源协和,2021-11-19,23.3,23.45,22.76,22.99,23.3,7076448.0,162352010.0,10739729945.12,10758144981.1
sh600645,中源协和,2021-11-22,22.93,23.15,22.74,22.9,22.99,5986058.0,137033574.0,10697686635.199999,10716029581.0
sh600645,中源协和,2021-11-23,22.89,23.08,22.59,22.89,22.9,5455509.0,124876167.0,10693015156.32,10711350092.1
sh600645,中源协和,2021-11-24,22.95,23.61,22.89,23.05,22.89,8179345.0,190026700.0,10767758818.4,10786221914.5
sh600645,中源协和,2021-11-25,23.15,23.55,22.85,23.27,23.05,7764031.0,180447724.0,10870531353.76,10889170670.300001
sh600645,中源协和,2021-11-26,23.32,23.35,22.48,22.65,23.27,8632861.0,196339841.0,10580899663.199999,10599042358.5
sh600645,中源协和,2021-11-29,22.59,23.08,22.11,22.35,22.65,8240484.0,185494274.0,10440755296.800001,10458657691.5
sh600645,中源协和,2021-11-30,22.2,22.38,21.59,22.36,22.35,11363939.0,249859017.0,10445426775.68,10463337180.4
sh600645,中源协和,2021-12-01,22.11,22.29,21.64,21.7,22.36,8657330.0,189346060.0,10137109169.6,10154490913.0
sh600645,中源协和,2021-12-02,21.78,21.78,20.98,20.99,21.7,9079491.0,193609365.0,9805434169.12,9822247201.1
sh600645,中源协和,2021-12-03,21.01,21.25,20.93,21.25,20.99,5447761.0,115015412.0,9926892620.0,9943913912.5
sh600645,中源协和,2021-12-06,21.23,21.31,20.84,20.85,21.25,7738181.0,162842389.0,9740033464.8,9756734356.5
sh600645,中源协和,2021-12-07,20.86,21.17,20.65,20.74,20.85,5426188.0,113195899.0,9688647197.12,9705259978.6
sh600645,中源协和,2021-12-08,20.77,21.16,20.77,20.86,20.74,6643728.0,138957444.0,9744704943.68,9761413845.4
sh600645,中源协和,2021-12-09,20.98,21.54,20.98,21.31,20.86,8146246.0,173770969.0,9954921493.28,9971990845.9
sh600645,中源协和,2021-12-10,21.4,21.52,21.16,21.48,21.31,8274854.0,176311826.0,10034336634.24,10051542157.199999
sh600645,中源协和,2021-12-13,20.3,21.08,20.29,20.75,21.48,13233194.0,274197511.0,9693318676.0,9709939467.5
sh600645,中源协和,2021-12-14,20.76,21.29,20.7,20.9,20.75,6934140.0,145655498.0,9763390859.2,9780131801.0
sh600645,中源协和,2021-12-15,22.05,22.99,22.03,22.99,20.9,12077088.0,275610822.0,10739729945.119999,10758144981.1
sh600645,中源协和,2021-12-16,23.57,23.58,22.39,23.0,22.99,20946490.0,479974290.0,10744401424.0,10762824470.0
sh600645,中源协和,2021-12-17,23.21,24.31,22.91,22.99,23.0,14171866.0,332581200.0,10739729945.119999,10758144981.1
sh600645,中源协和,2021-12-20,22.55,24.77,22.55,24.07,22.99,19669231.0,470902265.0,11244249664.16,11263529782.3
sh600645,中源协和,2021-12-21,24.0,24.1,23.58,23.74,24.07,9012746.0,214186520.0,11090090861.12,11109106648.599998
sh600645,中源协和,2021-12-22,23.62,24.7,23.56,24.3,23.74,11948316.0,289166325.0,11351693678.4,11371158026.999998
sh600645,中源协和,2021-12-23,24.25,24.27,23.85,23.95,24.3,7778863.0,186720989.0,11188191917.6,11207375915.5
sh600645,中源协和,2021-12-24,23.85,24.3,23.65,23.9,23.95,7195935.0,172100103.0,11164834523.199999,11183978470.999998
sh600645,中源协和,2021-12-27,23.9,24.38,23.49,24.09,23.9,7758386.0,186268206.0,11253592621.92,11272888760.1
sh600645,中源协和,2021-12-28,23.9,24.46,23.85,24.11,24.09,6150625.0,148263433.0,11262935579.68,11282247737.9
sh600645,中源协和,2021-12-29,23.99,26.2,23.96,25.0,24.11,15701744.0,393325606.0,11678697200.0,11698722250.0
sh600645,中源协和,2021-12-30,24.99,25.1,24.5,24.85,25.0,8900316.0,220282081.0,11608625016.8,11628529916.5
sh600645,中源协和,2021-12-31,24.83,25.39,24.55,25.24,24.85,8778657.0,220480764.0,11790812693.119999,11811029983.6
sh600645,中源协和,2022-01-04,25.05,25.64,24.85,25.03,25.24,7071369.0,177580422.0,11692711636.640001,11712760716.699999
sh600645,中源协和,2022-01-05,25.03,25.06,24.2,24.34,25.03,9256562.0,227311262.0,11370379593.92,11389875982.6
sh600645,中源协和,2022-01-06,24.11,24.69,24.02,24.34,24.34,8016054.0,195386284.0,11370379593.92,11389875982.6
sh600645,中源协和,2022-01-07,24.54,26.14,24.14,24.92,24.34,18493605.0,467412798.0,11641325368.96,11661286338.800001
sh600645,中源协和,2022-01-10,24.7,25.06,24.29,24.83,24.92,9172913.0,226641313.0,11599282059.039999,11619170938.7
sh600645,中源协和,2022-01-11,24.78,25.38,24.63,24.76,24.83,9226249.0,231190700.0,11566581706.880001,11586414516.400002
sh600645,中源协和,2022-01-12,24.68,25.08,24.46,24.52,24.76,7689738.0,189587658.0,11454466213.76,11474106782.800001
sh600645,中源协和,2022-01-13,24.47,24.7,23.57,23.69,24.52,9344099.0,224076494.0,11066733466.72,11085709204.1
sh600645,中源协和,2022-01-14,23.6,26.06,23.6,26.06,23.69,22406210.0,568472416.0,12173873961.28,12194748073.400002
