数据由邢不行整理
股票代码,股票名称,交易日期,开盘价,最高价,最低价,收盘价,前收盘价,成交量,成交额,流通市值,总市值
sz300067,N安诺其,2010-04-21,28.0,29.7,28.0,28.85,21.2,13679152.0,391903880.3,623160000.0,3086950000.0
sz300067,安诺其,2010-04-22,28.33,30.5,28.01,28.98,28.85,8656971.0,252383972.9,625968000.0,3100860000.0
sz300067,安诺其,2010-04-23,28.5,28.76,27.45,27.48,28.98,5017037.0,140819702.3,593568000.0,2940360000.0
sz300067,安诺其,2010-04-26,27.13,27.45,26.01,26.28,27.48,2871818.0,76248095.8,567648000.0,2811960000.0
sz300067,安诺其,2010-04-27,25.9,25.98,24.13,24.58,26.28,2866207.0,71109008.4,530928000.0,2630060000.0
sz300067,安诺其,2010-04-28,24.33,25.36,24.33,24.81,24.58,1655019.0,41164773.3,535896000.0,2654670000.0
sz300067,安诺其,2010-04-29,24.88,25.14,24.22,24.22,24.81,1370858.0,33959549.2,523152000.0,2591540000.0
sz300067,安诺其,2010-04-30,24.25,24.4,22.5,23.0,24.22,1847894.0,42788050.2,496800000.0,2461000000.0
sz300067,安诺其,2010-05-04,22.6,23.24,22.24,22.85,23.0,1017289.0,23274993.8,493560000.0,2444950000.0
sz300067,安诺其,2010-05-05,22.55,23.63,22.4,23.62,22.85,1288559.0,29971930.9,510192000.0,2527340000.0
sz300067,安诺其,2010-05-06,23.61,23.61,22.5,22.54,23.62,1312485.0,30269244.3,486864000.0,2411780000.0
sz300067,安诺其,2010-05-07,21.99,22.8,21.95,22.2,22.54,916131.0,20492977.4,479520000.0,2375400000.0
sz300067,安诺其,2010-05-10,22.2,22.57,20.53,21.2,22.2,1324476.0,28381354.7,457920000.0,2268400000.0
sz300067,安诺其,2010-05-11,21.8,21.95,20.4,20.45,21.2,1024440.0,21644256.9,441720000.0,2188150000.0
sz300067,安诺其,2010-05-12,20.02,20.6,19.7,20.1,20.45,941280.0,18939987.1,434160000.0,2150700000.0
sz300067,安诺其,2010-05-13,20.26,20.55,19.8,20.53,20.1,805280.0,16288325.3,443448000.0,2196710000.0
sz300067,安诺其,2010-05-14,20.45,20.62,20.1,20.36,20.53,811007.0,16549591.3,439776000.0,2178520000.0
sz300067,安诺其,2010-05-17,20.09,20.25,19.1,19.25,20.36,819526.0,16193022.6,415800000.0,2059750000.0
sz300067,安诺其,2010-05-18,18.91,19.3,18.12,19.06,19.25,1039078.0,19494393.4,411696000.0,2039420000.0
sz300067,安诺其,2010-05-19,18.76,19.71,18.6,19.33,19.06,1127470.0,21725341.3,417528000.0,2068310000.0
sz300067,安诺其,2010-05-20,19.1,19.4,18.55,18.59,19.33,861814.0,16316334.3,401544000.0,1989130000.0
sz300067,安诺其,2010-05-21,17.89,19.08,17.7,19.01,18.59,1234624.0,22797482.6,410616000.0,2034070000.0
sz300067,安诺其,2010-05-24,19.1,20.15,19.1,20.0,19.01,1707002.0,33701504.3,432000000.0,2140000000.0
sz300067,安诺其,2010-05-25,19.73,20.07,19.47,19.88,20.0,1290079.0,25491488.6,429408000.0,2127160000.0
sz300067,安诺其,2010-05-26,19.89,20.1,19.66,19.9,19.88,882242.0,17558118.5,429840000.0,2129300000.0
sz300067,安诺其,2010-05-27,19.91,20.88,19.46,20.65,19.9,1492039.0,30301363.9,446040000.0,2209550000.0
sz300067,安诺其,2010-05-28,20.78,21.19,20.48,20.64,20.65,1210445.0,25151404.2,445824000.0,2208480000.0
sz300067,安诺其,2010-05-31,20.26,20.77,19.82,19.82,20.64,950298.0,19260426.3,428112000.0,2120740000.0
sz300067,安诺其,2010-06-01,19.65,19.65,18.7,18.86,19.82,793403.0,15127446.8,407376000.0,2018020000.0
sz300067,安诺其,2010-06-02,18.66,19.24,18.61,19.19,18.86,439233.0,8307545.4,414504000.0,2053330000.0
sz300067,安诺其,2010-06-03,19.25,19.7,19.0,19.0,19.19,749998.0,14520062.1,410400000.0,2033000000.0
sz300067,安诺其,2010-06-04,19.06,19.47,18.81,19.47,19.0,620303.0,11868999.2,420552000.0,2083290000.0
sz300067,安诺其,2010-06-07,18.99,20.35,18.89,20.18,19.47,1529997.0,30509286.4,435888000.0,2159260000.0
sz300067,安诺其,2010-06-08,20.05,20.5,20.0,20.39,20.18,1208350.0,24478602.5,440424000.0,2181730000.0
sz300067,安诺其,2010-06-09,20.55,20.98,20.18,20.41,20.39,2026142.0,41791934.1,440856000.0,2183870000.0
sz300067,安诺其,2010-06-10,20.41,20.95,20.3,20.95,20.41,1523635.0,31627067.5,452520000.0,2241650000.0
sz300067,安诺其,2010-06-11,21.05,21.88,20.95,21.61,20.95,2412332.0,51452396.4,466776000.0,2312270000.0
sz300067,安诺其,2010-06-17,21.93,22.3,20.6,20.68,21.61,2227572.0,48077571.3,446688000.0,2212760000.0
sz300067,安诺其,2010-06-18,20.38,20.68,18.94,19.35,20.68,1201693.0,23930515.9,417960000.0,2070450000.0
sz300067,安诺其,2010-06-21,19.48,20.18,18.92,20.02,19.35,809492.0,15967724.3,432432000.0,2142140000.0
sz300067,安诺其,2010-06-22,20.01,21.17,19.82,20.68,20.02,1247821.0,25829502.1,446688000.0,2212760000.0
sz300067,安诺其,2010-06-23,20.4,21.11,20.2,21.01,20.68,1156292.0,24029673.0,453816000.0,2248070000.0
sz300067,安诺其,2010-06-24,21.21,21.25,20.59,20.89,21.01,879678.0,18469735.1,451224000.0,2235230000.0
sz300067,安诺其,2010-06-25,20.51,20.9,19.82,20.22,20.89,832724.0,16901994.4,436752000.0,2163540000.0
sz300067,安诺其,2010-06-28,20.48,20.48,19.75,19.96,20.22,643381.0,12886913.8,431136000.0,2135720000.0
sz300067,安诺其,2010-06-29,19.88,20.1,18.58,18.63,19.96,975263.0,18656529.3,402408000.0,1993410000.0
sz300067,安诺其,2010-06-30,18.41,18.56,17.75,18.52,18.63,529551.0,9628458.2,400032000.0,1981640000.0
sz300067,安诺其,2010-07-01,18.3,18.88,17.95,17.95,18.52,570207.0,10479332.5,387720000.0,1920650000.0
sz300067,安诺其,2010-07-02,17.9,18.26,17.08,18.16,17.95,715322.0,12739624.0,392256000.0,1943120000.0
sz300067,安诺其,2010-07-05,17.9,18.16,17.51,18.06,18.16,338277.0,6062125.5,390096000.0,1932420000.0
sz300067,安诺其,2010-07-06,18.0,18.64,17.82,18.55,18.06,587188.0,10854448.8,400680000.0,1984850000.0
sz300067,安诺其,2010-07-07,18.57,18.77,18.41,18.64,18.55,406428.0,7557920.6,402624000.0,1994480000.0
sz300067,安诺其,2010-07-08,18.68,18.69,18.14,18.37,18.64,466677.0,8612198.0,396792000.0,1965590000.0
sz300067,安诺其,2010-07-09,18.55,18.89,18.03,18.8,18.37,661559.0,12356423.0,406080000.0,2011600000.0
sz300067,安诺其,2010-07-13,18.98,18.98,18.31,18.78,18.8,647361.0,12034403.0,405648000.0,2009460000.0
sz300067,安诺其,2010-07-14,18.7,19.06,18.61,18.81,18.78,527465.0,9945262.9,406296000.0,2012670000.0
sz300067,安诺其,2010-07-15,18.7,18.92,18.02,18.16,18.81,453120.0,8372822.6,392256000.0,1943120000.0
sz300067,安诺其,2010-07-16,18.28,18.28,17.81,18.23,18.16,376720.0,6793819.8,393768000.0,1950610000.0
sz300067,安诺其,2010-07-19,18.0,18.56,18.0,18.51,18.23,381536.0,6977194.9,399816000.0,1980570000.0
sz300067,安诺其,2010-07-20,18.48,18.96,18.48,18.9,18.51,632533.0,11911132.6,408240000.0,2022300000.0
sz300067,安诺其,2010-07-21,18.89,19.36,18.89,19.03,18.9,861663.0,16526175.7,411048000.0,2036210000.0
sz300067,安诺其,2010-07-22,18.89,19.28,18.82,19.18,19.03,628252.0,11991632.1,414288000.0,2052260000.0
sz300067,安诺其,2010-07-23,19.01,19.28,18.6,19.11,19.18,2193636.0,41615238.4,515970000.0,2044770000.0
sz300067,安诺其,2010-07-26,19.07,19.38,18.94,19.38,19.11,1561456.0,29922545.2,523260000.0,2073660000.0
sz300067,安诺其,2010-07-27,19.33,19.34,18.95,19.0,19.38,1034194.0,19779452.6,513000000.0,2033000000.0
sz300067,安诺其,2010-07-28,18.93,19.31,18.9,19.3,19.0,1143935.0,21948718.2,521100000.0,2065100000.0
sz300067,安诺其,2010-07-29,19.34,19.78,19.24,19.73,19.3,2124499.0,41685724.6,532710000.0,2111110000.0
sz300067,安诺其,2010-07-30,19.7,19.7,19.18,19.49,19.73,1167804.0,22710902.2,526230000.0,2085430000.0
sz300067,安诺其,2010-08-02,19.49,19.95,19.44,19.93,19.49,1490367.0,29410343.8,538110000.0,2132510000.0
sz300067,安诺其,2010-08-03,19.95,20.51,19.65,19.65,19.93,2105835.0,42539287.1,530550000.0,2102550000.0
sz300067,安诺其,2010-08-04,19.51,20.17,19.46,20.14,19.65,1369750.0,27069617.7,543780000.0,2154980000.0
sz300067,安诺其,2010-08-05,20.18,20.6,19.1,20.0,20.14,2178911.0,43960413.7,540000000.0,2140000000.0
sz300067,安诺其,2010-08-06,19.9,20.46,19.71,20.46,20.0,1702707.0,34315211.6,552420000.0,2189220000.0
sz300067,安诺其,2010-08-09,20.47,21.39,20.47,21.31,20.46,2471593.0,52113405.3,575370000.0,2280170000.0
sz300067,安诺其,2010-08-10,21.45,23.37,21.4,22.06,21.31,4985192.0,111942326.9,595620000.0,2360420000.0
sz300067,安诺其,2010-08-11,21.99,23.0,21.8,22.4,22.06,3491042.0,78682983.1,604800000.0,2396800000.0
sz300067,安诺其,2010-08-12,22.05,22.5,21.68,21.71,22.4,1924727.0,42424354.3,586170000.0,2322970000.0
sz300067,安诺其,2010-08-13,21.86,22.1,21.21,21.81,21.71,1477067.0,31879021.6,588870000.0,2333670000.0
sz300067,安诺其,2010-08-16,21.64,22.17,21.64,22.07,21.81,1514539.0,33297519.8,595890000.0,2361490000.0
sz300067,安诺其,2010-08-17,22.16,22.28,21.64,21.91,22.07,1098278.0,24099336.3,591570000.0,2344370000.0
sz300067,安诺其,2010-08-18,21.83,22.09,21.68,21.7,21.91,1078403.0,23557348.0,585900000.0,2321900000.0
sz300067,安诺其,2010-08-19,21.95,21.95,21.01,21.16,21.7,1867297.0,39778238.6,571320000.0,2264120000.0
sz300067,安诺其,2010-08-20,21.1,21.1,20.3,20.38,21.16,1792387.0,36974102.5,550260000.0,2180660000.0
sz300067,安诺其,2010-08-23,20.3,20.3,19.76,20.13,20.38,2521591.0,50369257.1,543510000.0,2153910000.0
sz300067,安诺其,2010-08-24,20.03,20.39,19.91,20.29,20.13,1485110.0,29986095.4,547830000.0,2171030000.0
sz300067,安诺其,2010-08-25,20.14,20.14,19.3,19.36,20.29,1769968.0,34914162.5,522720000.0,2071520000.0
sz300067,安诺其,2010-08-26,19.37,19.66,19.32,19.44,19.36,1337517.0,26020588.3,524880000.0,2080080000.0
sz300067,安诺其,2010-08-27,19.43,19.99,19.36,19.92,19.44,1370184.0,26981450.7,537840000.0,2131440000.0
sz300067,安诺其,2010-08-30,20.04,20.29,19.93,20.22,19.92,1638681.0,33030315.8,545940000.0,2163540000.0
sz300067,安诺其,2010-08-31,20.22,20.39,19.79,19.92,20.22,1584361.0,31611542.3,537840000.0,2131440000.0
sz300067,安诺其,2010-09-01,19.91,20.07,19.11,19.33,19.92,1413568.0,27708848.6,521910000.0,2068310000.0
sz300067,安诺其,2010-09-02,19.37,19.74,19.37,19.59,19.33,1200389.0,23478329.4,528930000.0,2096130000.0
sz300067,安诺其,2010-09-03,19.66,20.18,19.56,20.06,19.59,1988821.0,39670527.1,541620000.0,2146420000.0
sz300067,安诺其,2010-09-06,20.26,20.33,19.61,19.81,20.06,1138114.0,22608864.2,534870000.0,2119670000.0
sz300067,安诺其,2010-09-07,20.0,20.07,19.75,20.07,19.81,919557.0,18281978.6,541890000.0,2147490000.0
sz300067,安诺其,2010-09-08,20.0,20.26,19.84,20.25,20.07,1136760.0,22860221.0,546750000.0,2166750000.0
sz300067,安诺其,2010-09-09,20.26,20.33,19.8,19.85,20.25,1327522.0,26635937.2,535950000.0,2123950000.0
sz300067,安诺其,2010-09-10,20.0,20.22,19.68,20.22,19.85,1133424.0,22614574.1,545940000.0,2163540000.0
sz300067,安诺其,2010-09-13,20.19,20.59,20.19,20.59,20.22,1788782.0,36575944.8,555930000.0,2203130000.0
sz300067,安诺其,2010-09-14,20.3,20.79,20.3,20.36,20.59,1298598.0,26519003.2,549720000.0,2178520000.0
sz300067,安诺其,2010-09-15,19.99,20.36,19.72,20.03,20.36,1523479.0,30299945.2,540810000.0,2143210000.0
sz300067,安诺其,2010-09-16,20.0,20.18,19.55,19.6,20.03,1475825.0,29234698.2,529200000.0,2097200000.0
sz300067,安诺其,2010-09-17,19.73,19.87,19.33,19.35,19.6,688444.0,13419320.8,522450000.0,2070450000.0
sz300067,安诺其,2010-09-20,19.45,19.45,18.51,18.66,19.35,774043.0,14704822.7,503820000.0,1996620000.0
sz300067,安诺其,2010-09-21,18.78,19.29,18.5,18.95,18.66,640578.0,12098142.9,511650000.0,2027650000.0
sz300067,安诺其,2010-09-27,19.03,19.09,18.67,19.05,18.95,305508.0,5795866.9,514350000.0,2038350000.0
sz300067,安诺其,2010-09-28,19.05,19.05,18.59,18.66,19.05,633274.0,11869175.8,503820000.0,1996620000.0
sz300067,安诺其,2010-09-29,18.6,18.84,18.01,18.04,18.66,594105.0,10932504.7,487080000.0,1930280000.0
sz300067,安诺其,2010-09-30,18.04,18.39,18.02,18.28,18.04,387787.0,7071786.1,493560000.0,1955960000.0
sz300067,安诺其,2010-10-08,18.38,18.82,18.3,18.67,18.28,591481.0,11004232.1,504090000.0,1997690000.0
sz300067,安诺其,2010-10-11,18.75,18.79,18.52,18.67,18.67,644046.0,11997989.0,504090000.0,1997690000.0
sz300067,安诺其,2010-10-12,18.68,19.03,18.63,18.87,18.67,612518.0,11556290.5,509490000.0,2019090000.0
sz300067,安诺其,2010-10-13,18.88,19.09,18.8,19.09,18.87,744233.0,14069373.3,515430000.0,2042630000.0
sz300067,安诺其,2010-10-14,19.11,19.11,18.59,18.59,19.09,899623.0,16899926.4,501930000.0,1989130000.0
sz300067,安诺其,2010-10-15,18.62,18.68,18.19,18.4,18.59,943992.0,17331187.5,496800000.0,1968800000.0
sz300067,安诺其,2010-10-18,18.36,18.36,17.88,17.93,18.4,992127.0,17827499.6,484110000.0,1918510000.0
sz300067,安诺其,2010-10-19,18.09,19.37,17.95,19.02,17.93,1919253.0,36229316.8,513540000.0,2035140000.0
sz300067,安诺其,2010-10-20,18.68,19.54,18.6,18.87,19.02,1638636.0,31209106.1,509490000.0,2019090000.0
sz300067,安诺其,2010-10-21,18.87,18.96,18.64,18.91,18.87,768964.0,14448467.2,510570000.0,2023370000.0
sz300067,安诺其,2010-10-22,18.93,19.37,18.81,19.13,18.91,1170113.0,22423104.2,516510000.0,2046910000.0
sz300067,安诺其,2010-10-25,19.19,19.52,19.03,19.5,19.13,1438279.0,27892239.0,526500000.0,2086500000.0
sz300067,安诺其,2010-10-26,19.56,19.65,19.1,19.24,19.5,1174692.0,22651868.3,519480000.0,2058680000.0
sz300067,安诺其,2010-10-27,19.18,19.4,18.88,19.02,19.24,1066336.0,20397915.0,513540000.0,2035140000.0
sz300067,安诺其,2010-10-28,19.0,19.12,18.88,19.12,19.02,734376.0,13953860.1,516240000.0,2045840000.0
sz300067,安诺其,2010-10-29,19.1,19.47,19.08,19.38,19.12,1152540.0,22284531.0,523260000.0,2073660000.0
sz300067,安诺其,2010-11-01,19.58,20.11,19.4,19.95,19.38,2001303.0,39734133.3,538650000.0,2134650000.0
sz300067,安诺其,2010-11-02,20.15,20.16,19.36,19.38,19.95,1576824.0,31059378.3,523260000.0,2073660000.0
sz300067,安诺其,2010-11-03,19.38,19.39,19.01,19.04,19.38,885955.0,16947097.8,514080000.0,2037280000.0
sz300067,安诺其,2010-11-04,19.02,19.24,19.0,19.24,19.04,655564.0,12545956.6,519480000.0,2058680000.0
sz300067,安诺其,2010-11-05,19.3,19.48,19.11,19.42,19.24,751679.0,14515586.4,524340000.0,2077940000.0
sz300067,安诺其,2010-11-08,19.41,19.96,19.38,19.91,19.42,1373272.0,27048306.5,537570000.0,2130370000.0
sz300067,安诺其,2010-11-09,20.0,20.0,19.66,19.9,19.91,1395682.0,27693788.7,537300000.0,2129300000.0
sz300067,安诺其,2010-11-10,19.9,20.29,19.83,20.26,19.9,2120951.0,42796335.9,547020000.0,2167820000.0
sz300067,安诺其,2010-11-11,20.2,20.72,20.01,20.09,20.26,2144508.0,43761834.5,542430000.0,2149630000.0
sz300067,安诺其,2010-11-12,20.06,20.23,18.95,18.95,20.09,1837842.0,35943897.3,511650000.0,2027650000.0
sz300067,安诺其,2010-11-15,18.99,19.69,18.99,19.67,18.95,1339662.0,26061801.9,531090000.0,2104690000.0
sz300067,安诺其,2010-11-16,19.96,20.29,19.2,19.4,19.67,2060079.0,40806159.7,523800000.0,2075800000.0
sz300067,安诺其,2010-11-17,19.25,19.74,19.0,19.16,19.4,1194923.0,23278047.1,517320000.0,2050120000.0
sz300067,安诺其,2010-11-18,19.3,19.88,19.19,19.85,19.16,1219570.0,23875578.5,535950000.0,2123950000.0
sz300067,安诺其,2010-11-19,19.95,20.37,19.75,20.36,19.85,2513696.0,50450315.6,549720000.0,2178520000.0
sz300067,安诺其,2010-11-22,20.19,20.99,20.15,20.7,20.36,3594707.0,74451395.1,558900000.0,2214900000.0
sz300067,安诺其,2010-11-23,20.7,20.7,19.8,20.41,20.7,1701400.0,34409860.6,551070000.0,2183870000.0
sz300067,安诺其,2010-11-24,20.5,21.88,20.5,21.35,20.41,3365236.0,71977649.5,576450000.0,2284450000.0
sz300067,安诺其,2010-11-25,21.28,21.78,20.7,20.89,21.35,3504162.0,74088366.1,564030000.0,2235230000.0
sz300067,安诺其,2010-11-26,20.85,21.08,20.6,20.9,20.89,1726982.0,35947975.9,564300000.0,2236300000.0
sz300067,安诺其,2010-11-29,20.91,21.26,20.72,21.17,20.9,1640623.0,34493637.7,571590000.0,2265190000.0
sz300067,安诺其,2010-11-30,21.05,21.1,19.88,20.24,21.17,1940104.0,39578492.3,546480000.0,2165680000.0
sz300067,安诺其,2010-12-01,20.15,20.46,20.03,20.32,20.24,600032.0,12169139.7,548640000.0,2174240000.0
sz300067,安诺其,2010-12-02,20.5,20.75,20.33,20.54,20.32,1136005.0,23330684.4,554580000.0,2197780000.0
sz300067,安诺其,2010-12-03,20.58,20.59,19.99,20.25,20.54,880566.0,17782548.9,546750000.0,2166750000.0
sz300067,安诺其,2010-12-06,20.14,20.27,19.75,19.84,20.25,781089.0,15588913.7,535680000.0,2122880000.0
sz300067,安诺其,2010-12-07,19.8,20.17,19.58,20.15,19.84,649680.0,12914328.2,544050000.0,2156050000.0
sz300067,安诺其,2010-12-08,20.29,20.6,20.15,20.42,20.15,1254277.0,25595245.3,551340000.0,2184940000.0
sz300067,安诺其,2010-12-09,20.47,20.99,20.4,20.41,20.42,2098845.0,43546164.9,551070000.0,2183870000.0
sz300067,安诺其,2010-12-10,20.41,20.5,19.82,20.45,20.41,1052478.0,21297245.3,552150000.0,2188150000.0
sz300067,安诺其,2010-12-13,20.58,20.96,20.25,20.88,20.45,1640625.0,34137819.8,563760000.0,2234160000.0
sz300067,安诺其,2010-12-14,20.91,21.17,20.7,20.99,20.88,1237809.0,25851781.0,566730000.0,2245930000.0
sz300067,安诺其,2010-12-15,21.0,21.29,20.8,20.88,20.99,1449617.0,30484956.4,563760000.0,2234160000.0
sz300067,安诺其,2010-12-16,20.89,21.19,20.85,20.92,20.88,1028576.0,21611242.4,564840000.0,2238440000.0
sz300067,安诺其,2010-12-17,20.87,21.1,20.78,20.94,20.92,821510.0,17167748.7,565380000.0,2240580000.0
sz300067,安诺其,2010-12-20,21.0,21.2,20.05,20.5,20.94,1400778.0,28898222.8,553500000.0,2193500000.0
sz300067,安诺其,2010-12-21,20.5,20.69,20.2,20.56,20.5,852897.0,17459730.3,555120000.0,2199920000.0
sz300067,安诺其,2010-12-22,20.56,20.66,20.28,20.35,20.56,713582.0,14570492.6,549450000.0,2177450000.0
sz300067,安诺其,2010-12-23,20.34,20.5,20.05,20.08,20.35,613545.0,12428735.4,542160000.0,2148560000.0
sz300067,安诺其,2010-12-24,20.01,20.23,19.8,20.11,20.08,690996.0,13843892.6,542970000.0,2151770000.0
sz300067,安诺其,2010-12-27,20.05,20.34,19.52,19.56,20.11,660411.0,13171416.0,528120000.0,2092920000.0
sz300067,安诺其,2010-12-28,19.49,19.49,18.86,18.89,19.56,633741.0,12154976.7,510030000.0,2021230000.0
sz300067,安诺其,2010-12-29,18.9,19.17,18.82,19.09,18.89,356007.0,6771514.9,515430000.0,2042630000.0
sz300067,安诺其,2010-12-30,19.09,19.35,19.02,19.25,19.09,248615.0,4769574.1,519750000.0,2059750000.0
sz300067,安诺其,2010-12-31,19.34,19.45,19.25,19.43,19.25,338933.0,6557814.4,524610000.0,2079010000.0
sz300067,安诺其,2011-01-04,19.48,19.63,19.35,19.59,19.43,433786.0,8455326.8,528930000.0,2096130000.0
sz300067,安诺其,2011-01-05,19.53,19.78,19.46,19.46,19.59,370055.0,7232155.0,525420000.0,2082220000.0
sz300067,安诺其,2011-01-06,19.57,19.57,19.15,19.19,19.46,451904.0,8709964.6,518130000.0,2053330000.0
sz300067,安诺其,2011-01-07,19.1,19.37,19.07,19.15,19.19,381309.0,7330386.2,517050000.0,2049050000.0
sz300067,安诺其,2011-01-10,19.32,19.32,18.85,18.85,19.15,286249.0,5461297.2,508950000.0,2016950000.0
sz300067,安诺其,2011-01-11,18.85,18.98,18.68,18.88,18.85,317046.0,5954890.3,509760000.0,2020160000.0
sz300067,安诺其,2011-01-12,18.86,19.05,18.7,19.01,18.88,243781.0,4602926.5,513270000.0,2034070000.0
sz300067,安诺其,2011-01-13,19.01,19.09,18.92,19.03,19.01,212102.0,4037927.2,513810000.0,2036210000.0
sz300067,安诺其,2011-01-14,18.82,19.08,18.63,18.65,19.03,330290.0,6193030.0,503550000.0,1995550000.0
sz300067,安诺其,2011-01-17,18.58,18.58,17.79,17.81,18.65,568662.0,10276232.0,480870000.0,1905670000.0
sz300067,安诺其,2011-01-18,17.8,18.11,17.7,17.92,17.81,206541.0,3707229.5,483840000.0,1917440000.0
sz300067,安诺其,2011-01-19,18.06,18.2,17.9,18.16,17.92,304204.0,5488617.8,490320000.0,1943120000.0
sz300067,安诺其,2011-01-20,18.17,18.17,17.53,17.53,18.16,276330.0,4918669.0,473310000.0,1875710000.0
sz300067,安诺其,2011-01-21,17.49,17.82,17.36,17.6,17.53,202320.0,3556985.0,475200000.0,1883200000.0
sz300067,安诺其,2011-01-24,17.6,17.72,17.1,17.12,17.6,297600.0,5155280.0,462240000.0,1831840000.0
sz300067,安诺其,2011-01-25,17.2,17.2,16.98,17.08,17.12,167899.0,2861164.0,461160000.0,1827560000.0
sz300067,安诺其,2011-01-26,17.2,17.32,17.07,17.27,17.08,213700.0,3682805.1,466290000.0,1847890000.0
sz300067,安诺其,2011-01-27,17.11,17.55,17.11,17.42,17.27,214941.0,3737557.1,470340000.0,1863940000.0
sz300067,安诺其,2011-01-28,17.5,17.55,17.36,17.52,17.42,139566.0,2436083.4,473040000.0,1874640000.0
sz300067,安诺其,2011-01-31,17.54,17.66,17.36,17.61,17.52,204508.0,3590268.0,475470000.0,1884270000.0
sz300067,安诺其,2011-02-01,17.6,17.74,17.6,17.73,17.61,182004.0,3217057.2,478710000.0,1897110000.0
sz300067,安诺其,2011-02-09,17.51,17.76,17.5,17.52,17.73,173882.0,3063502.0,473040000.0,1874640000.0
sz300067,安诺其,2011-02-10,17.53,18.0,17.53,17.99,17.52,376220.0,6718712.5,485730000.0,1924930000.0
sz300067,安诺其,2011-02-11,17.99,18.3,17.8,18.29,17.99,343684.0,6219946.7,493830000.0,1957030000.0
sz300067,安诺其,2011-02-14,18.21,18.53,18.2,18.51,18.29,494464.0,9073360.8,499770000.0,1980570000.0
sz300067,安诺其,2011-02-15,18.55,18.55,18.35,18.49,18.51,411558.0,7607379.4,499230000.0,1978430000.0
sz300067,安诺其,2011-02-16,18.48,18.63,18.38,18.62,18.49,407080.0,7533584.7,502740000.0,1992340000.0
sz300067,安诺其,2011-02-17,18.66,18.66,18.27,18.35,18.62,636160.0,11725660.2,495450000.0,1963450000.0
sz300067,安诺其,2011-02-18,18.34,18.36,18.12,18.36,18.35,466774.0,8527559.4,495720000.0,1964520000.0
sz300067,安诺其,2011-02-21,18.33,18.57,18.26,18.55,18.36,573214.0,10542758.3,500850000.0,1984850000.0
sz300067,安诺其,2011-02-22,18.55,18.6,17.88,17.9,18.55,588171.0,10684919.6,483300000.0,1915300000.0
sz300067,安诺其,2011-02-23,17.88,18.12,17.82,17.94,17.9,380477.0,6829314.5,484380000.0,1919580000.0
sz300067,安诺其,2011-02-24,17.95,18.15,17.88,18.14,17.94,495601.0,8924387.0,489780000.0,1940980000.0
sz300067,安诺其,2011-02-25,18.11,18.21,17.92,18.16,18.14,372714.0,6739489.6,490320000.0,1943120000.0
sz300067,安诺其,2011-02-28,18.07,18.2,17.93,18.18,18.16,536983.0,9688352.6,490860000.0,1945260000.0
sz300067,安诺其,2011-03-01,18.19,18.31,18.11,18.25,18.18,623233.0,11350013.3,492750000.0,1952750000.0
sz300067,安诺其,2011-03-02,18.26,18.5,18.23,18.45,18.25,895424.0,16450825.5,498150000.0,1974150000.0
sz300067,安诺其,2011-03-03,18.5,18.54,18.24,18.25,18.45,611982.0,11236371.0,492750000.0,1952750000.0
sz300067,安诺其,2011-03-04,18.25,18.47,18.15,18.43,18.25,653209.0,11955477.4,497610000.0,1972010000.0
sz300067,安诺其,2011-03-07,18.48,18.75,18.39,18.41,18.43,543065.0,10042137.9,497070000.0,1969870000.0
sz300067,安诺其,2011-03-08,18.4,18.58,18.36,18.53,18.41,599585.0,11089407.0,500310000.0,1982710000.0
sz300067,安诺其,2011-03-09,18.64,18.64,18.42,18.52,18.53,475710.0,8796691.7,500040000.0,1981640000.0
sz300067,安诺其,2011-03-10,18.59,18.63,18.39,18.41,18.52,410218.0,7598604.7,497070000.0,1969870000.0
sz300067,安诺其,2011-03-11,18.35,19.78,18.31,18.88,18.41,1217102.0,23115383.8,509760000.0,2020160000.0
sz300067,安诺其,2011-03-14,19.0,19.11,18.83,18.97,18.88,744796.0,14136811.8,512190000.0,2029790000.0
sz300067,安诺其,2011-03-15,18.92,18.92,18.26,18.55,18.97,478701.0,8899874.3,500850000.0,1984850000.0
sz300067,安诺其,2011-03-16,18.61,18.88,18.57,18.85,18.55,336955.0,6310027.6,508950000.0,2016950000.0
sz300067,安诺其,2011-03-17,18.69,18.8,18.41,18.47,18.85,415270.0,7718408.2,498690000.0,1976290000.0
sz300067,安诺其,2011-03-18,18.48,18.62,18.42,18.49,18.47,234929.0,4345653.1,499230000.0,1978430000.0
sz300067,安诺其,2011-03-21,18.3,18.59,18.3,18.57,18.49,343080.0,6324170.8,501390000.0,1986990000.0
sz300067,安诺其,2011-03-22,18.69,18.7,18.45,18.58,18.57,244240.0,4523735.1,501660000.0,1988060000.0
sz300067,安诺其,2011-03-23,18.46,18.72,18.46,18.69,18.58,270475.0,5048890.0,504630000.0,1999830000.0
sz300067,安诺其,2011-03-24,18.69,18.99,18.6,18.91,18.69,489664.0,9245660.4,510570000.0,2023370000.0
sz300067,安诺其,2011-03-25,18.93,19.07,18.7,18.9,18.91,347516.0,6552256.8,510300000.0,2022300000.0
sz300067,安诺其,2011-03-28,18.91,19.07,18.68,18.81,18.9,533896.0,10065626.3,507870000.0,2012670000.0
sz300067,安诺其,2011-03-29,18.88,18.98,18.51,18.54,18.81,445529.0,8299990.2,500580000.0,1983780000.0
sz300067,安诺其,2011-03-30,18.8,19.0,18.61,18.68,18.54,548944.0,10341052.5,504360000.0,1998760000.0
sz300067,安诺其,2011-03-31,18.85,19.01,18.68,19.01,18.68,680285.0,12850005.1,513270000.0,2034070000.0
sz300067,安诺其,2011-04-01,19.01,19.14,18.79,18.93,19.01,504199.0,9555446.5,511110000.0,2025510000.0
sz300067,安诺其,2011-04-06,18.93,18.94,18.35,18.45,18.93,575844.0,10682900.7,498150000.0,1974150000.0
sz300067,安诺其,2011-04-07,18.67,18.73,18.38,18.67,18.45,206327.0,3843204.5,504090000.0,1997690000.0
sz300067,安诺其,2011-04-08,18.67,18.74,18.58,18.73,18.67,321590.0,6010267.8,505710000.0,2004110000.0
sz300067,安诺其,2011-04-11,18.74,18.79,18.49,18.5,18.73,308922.0,5731503.0,499500000.0,1979500000.0
sz300067,安诺其,2011-04-12,18.4,18.6,18.4,18.52,18.5,284476.0,5263035.3,500040000.0,1981640000.0
sz300067,安诺其,2011-04-13,18.5,18.65,18.45,18.63,18.52,282130.0,5239757.6,503010000.0,1993410000.0
sz300067,安诺其,2011-04-14,18.67,18.68,18.53,18.63,18.63,206975.0,3857931.7,503010000.0,1993410000.0
sz300067,安诺其,2011-04-15,18.66,18.7,18.5,18.64,18.63,218410.0,4060845.7,503280000.0,1994480000.0
sz300067,安诺其,2011-04-18,18.55,18.68,18.47,18.51,18.64,284995.0,5280334.4,499770000.0,1980570000.0
sz300067,安诺其,2011-04-19,18.51,18.51,18.2,18.25,18.51,317031.0,5804654.4,492750000.0,1952750000.0
sz300067,安诺其,2011-04-20,18.39,18.47,18.24,18.38,18.25,237375.0,4360969.9,496260000.0,1966660000.0
sz300067,安诺其,2011-04-21,18.36,18.87,18.33,18.76,18.38,409988.0,7662024.3,961990700.72,2007320000.0
sz300067,安诺其,2011-04-22,18.84,18.84,18.52,18.67,18.76,300275.0,5591554.3,957375606.74,1997690000.0
sz300067,安诺其,2011-04-25,18.53,18.79,18.53,18.56,18.67,329022.0,6129780.1,951734936.32,1985920000.0
sz300067,安诺其,2011-04-26,18.67,18.67,18.05,18.4,18.56,251254.0,4605944.9,943530324.8,1968800000.0
sz300067,安诺其,2011-04-27,18.46,18.99,18.38,18.8,18.4,961263.0,18050367.9,964041853.6,2011600000.0
sz300067,安诺其,2011-04-28,18.85,19.36,18.76,19.18,18.8,1558130.0,29933776.2,983527805.96,2052260000.0
sz300067,安诺其,2011-04-29,19.18,20.57,19.18,20.25,19.18,2607655.0,52392299.8,1038396145.5,2166750000.0
sz300067,安诺其,2011-05-03,20.0,20.82,19.6,20.16,20.25,1528307.0,30765214.4,1033781051.52,2157120000.0
sz300067,安诺其,2011-05-04,20.0,20.1,19.51,19.56,20.16,964820.0,19043701.7,1003013758.32,2092920000.0
sz300067,安诺其,2011-05-05,19.56,19.56,19.1,19.38,19.56,832934.0,16046144.6,993783570.36,2073660000.0
sz300067,安诺其,2011-05-06,19.2,20.23,19.09,20.0,19.38,1230830.0,24429166.1,1025576440.0,2140000000.0
sz300067,安诺其,2011-05-09,20.04,20.29,19.57,19.63,20.0,961592.0,19021256.1,1006603275.86,2100410000.0
sz300067,安诺其,2011-05-11,19.68,19.86,19.27,19.7,19.63,699238.0,13647340.4,1010192793.4,2107900000.0
sz300067,安诺其,2011-05-12,19.63,19.65,19.36,19.36,19.7,419591.0,8171901.2,992757993.92,2071520000.0
sz300067,安诺其,2011-05-13,19.21,19.83,19.16,19.67,19.36,506937.0,9836900.3,1008654428.74,2104690000.0
sz300067,安诺其,2011-05-16,19.6,19.8,19.44,19.44,19.67,392915.0,7705015.8,996860299.68,2080080000.0
sz300067,安诺其,2011-05-17,19.36,19.84,19.25,19.78,19.44,575578.0,11261560.7,1014295099.16,2116460000.0
sz300067,安诺其,2011-05-18,19.76,20.12,19.46,19.51,19.78,648480.0,12853025.4,1000449817.22,2087570000.0
sz300067,安诺其,2011-05-19,19.51,19.56,19.12,19.21,19.51,652468.0,12579684.1,985066170.62,2055470000.0
sz300067,安诺其,2011-05-20,12.67,12.67,12.02,12.09,12.61,656538.0,8016187.9,929941436.97,1940445000.0
sz300067,安诺其,2011-05-23,11.98,11.98,10.88,10.9,12.09,1367348.0,15210578.3,838408739.7,1749450000.0
sz300067,安诺其,2011-05-24,10.83,11.3,10.5,11.04,10.9,734147.0,8010024.4,849177292.32,1771920000.0
sz300067,安诺其,2011-05-25,11.0,11.16,10.67,10.75,11.04,446493.0,4854348.7,826871004.75,1725375000.0
sz300067,安诺其,2011-05-26,10.83,10.93,10.4,10.44,10.75,487071.0,5162346.8,803026352.52,1675620000.0
sz300067,安诺其,2011-05-27,10.43,10.67,10.37,10.42,10.44,378219.0,3958608.5,801487987.86,1672410000.0
sz300067,安诺其,2011-05-30,10.33,10.56,10.26,10.47,10.42,414875.0,4343416.5,805333899.51,1680435000.0
sz300067,安诺其,2011-05-31,10.42,10.61,10.37,10.58,10.47,441441.0,4634606.2,813794905.14,1698090000.0
sz300067,安诺其,2011-06-01,10.59,10.64,10.5,10.58,10.58,299906.0,3174506.0,813794905.14,1698090000.0
sz300067,安诺其,2011-06-02,10.51,10.52,10.15,10.3,10.58,451664.0,4662987.1,792257799.9,1653150000.0
sz300067,安诺其,2011-06-03,10.33,10.48,10.2,10.37,10.3,653210.0,6762788.3,797642076.21,1664385000.0
sz300067,安诺其,2011-06-07,10.35,10.39,10.2,10.35,10.37,323679.0,3341775.7,796103711.55,1661175000.0
sz300067,安诺其,2011-06-08,10.3,10.38,10.11,10.28,10.35,543683.0,5538522.0,790719435.24,1649940000.0
sz300067,安诺其,2011-06-09,10.27,10.28,10.02,10.05,10.28,306963.0,3117881.9,773028241.65,1613025000.0
sz300067,安诺其,2011-06-10,10.05,10.23,10.02,10.2,10.05,371073.0,3752525.5,784565976.6,1637100000.0
sz300067,安诺其,2011-06-13,10.05,10.32,10.01,10.24,10.2,332898.0,3389753.4,787642705.92,1643520000.0
sz300067,安诺其,2011-06-14,10.24,10.31,10.14,10.28,10.24,269891.0,2768979.5,790719435.24,1649940000.0
sz300067,安诺其,2011-06-15,10.27,10.3,10.08,10.18,10.28,249538.0,2554952.0,783027611.94,1633890000.0
sz300067,安诺其,2011-06-16,10.1,10.23,10.03,10.08,10.18,220714.0,2231091.5,775335788.64,1617840000.0
sz300067,安诺其,2011-06-17,10.08,10.14,9.9,9.93,10.08,175867.0,1762363.0,763798053.69,1593765000.0
sz300067,安诺其,2011-06-20,9.88,9.93,9.0,9.43,9.93,462530.0,4361683.5,725338937.19,1513515000.0
sz300067,安诺其,2011-06-21,9.33,9.45,9.23,9.42,9.43,287850.0,2696561.3,724569754.86,1511910000.0
sz300067,安诺其,2011-06-22,9.41,9.5,9.4,9.43,9.42,176598.0,1671449.4,725338937.19,1513515000.0
sz300067,安诺其,2011-06-23,9.57,9.85,9.33,9.76,9.43,698833.0,6678583.4,750721954.08,1566480000.0
sz300067,安诺其,2011-06-24,9.66,9.98,9.61,9.9,9.76,743944.0,7315533.4,761490506.7,1588950000.0
sz300067,安诺其,2011-06-27,9.95,10.09,9.88,9.96,9.9,510686.0,5094457.6,766105600.68,1598580000.0
sz300067,安诺其,2011-06-28,10.0,10.02,9.88,9.95,9.96,343659.0,3419243.8,765336418.35,1596975000.0
sz300067,安诺其,2011-06-29,9.9,10.45,9.9,10.19,9.95,1193121.0,12194760.5,783796794.27,1635495000.0
sz300067,安诺其,2011-06-30,10.4,10.56,10.16,10.37,10.19,841503.0,8706627.7,797642076.21,1664385000.0
sz300067,安诺其,2011-07-01,10.83,10.83,10.33,10.48,10.37,719512.0,7505553.3,806103081.84,1682040000.0
sz300067,安诺其,2011-07-04,10.59,10.59,10.37,10.55,10.48,847979.0,8877110.5,811487358.15,1693275000.0
sz300067,安诺其,2011-07-05,10.78,10.78,10.44,10.5,10.55,1011463.0,10687264.8,807641446.5,1685250000.0
sz300067,安诺其,2011-07-06,10.4,10.65,10.35,10.55,10.5,759279.0,7913388.0,811487358.15,1693275000.0
sz300067,安诺其,2011-07-07,10.54,10.64,10.4,10.48,10.55,850440.0,8950615.8,806103081.84,1682040000.0
sz300067,安诺其,2011-07-08,10.55,10.55,10.32,10.36,10.48,519436.0,5392664.1,796872893.88,1662780000.0
sz300067,安诺其,2011-07-11,10.36,10.37,10.19,10.31,10.36,695539.0,7146149.1,793026982.23,1654755000.0
sz300067,安诺其,2011-07-12,10.38,10.38,10.01,10.06,10.31,733859.0,7472494.8,773797423.98,1614630000.0
sz300067,安诺其,2011-07-13,10.15,10.27,10.06,10.25,10.06,492388.0,5018773.7,788411888.25,1645125000.0
sz300067,安诺其,2011-07-14,10.28,10.59,10.25,10.59,10.25,1437573.0,15007696.2,814564087.47,1699695000.0
sz300067,安诺其,2011-07-15,10.55,10.98,10.51,10.97,10.59,2174335.0,23468464.7,843793016.01,1760685000.0
sz300067,安诺其,2011-07-18,10.96,10.99,10.7,10.75,10.97,1145295.0,12388132.9,826871004.75,1725375000.0
sz300067,安诺其,2011-07-19,10.72,10.72,10.36,10.47,10.75,773961.0,8126821.5,805333899.51,1680435000.0
sz300067,安诺其,2011-07-20,10.57,10.59,10.37,10.5,10.47,728209.0,7651871.0,807641446.5,1685250000.0
sz300067,安诺其,2011-07-21,10.54,10.54,10.24,10.24,10.5,635926.0,6589604.0,787642705.92,1643520000.0
sz300067,安诺其,2011-07-22,10.32,10.45,10.26,10.41,10.24,426169.0,4403407.5,800718805.53,1670805000.0
sz300067,安诺其,2011-07-25,10.38,10.38,9.88,9.88,10.41,803349.0,8116708.8,759952142.04,1585740000.0
sz300067,安诺其,2011-07-26,9.93,10.03,9.79,9.91,9.88,384012.0,3798678.2,762259689.03,1590555000.0
sz300067,安诺其,2011-07-27,9.91,10.1,9.79,10.08,9.91,453621.0,4543196.3,775335788.64,1617840000.0
sz300067,安诺其,2011-07-28,10.0,10.02,9.85,9.95,10.08,411509.0,4083450.7,765336418.35,1596975000.0
sz300067,安诺其,2011-07-29,9.96,10.1,9.95,9.99,9.95,480143.0,4802344.5,768413147.67,1603395000.0
sz300067,安诺其,2011-08-01,9.93,10.14,9.93,10.12,9.99,398245.0,4007254.9,778412517.96,1624260000.0
sz300067,安诺其,2011-08-02,10.12,10.15,9.8,10.14,10.12,683628.0,6809362.0,779950882.62,1627470000.0
sz300067,安诺其,2011-08-04,10.85,11.15,10.51,10.65,10.14,3613019.0,39165124.9,819179181.45,1709325000.0
sz300067,安诺其,2011-08-05,9.72,10.22,9.72,10.0,10.65,2038255.0,20468768.8,769182330.0,1605000000.0
sz300067,安诺其,2011-08-08,9.82,9.87,9.1,9.17,10.0,1222371.0,11563358.9,705340196.61,1471785000.0
sz300067,安诺其,2011-08-09,9.01,9.25,8.69,9.12,9.17,821311.0,7356156.9,701494284.96,1463760000.0
sz300067,安诺其,2011-08-10,9.31,9.45,9.2,9.22,9.12,642650.0,5978502.2,709186108.26,1479810000.0
sz300067,安诺其,2011-08-11,9.03,9.83,9.0,9.72,9.22,1530949.0,14643882.5,747645224.76,1560060000.0
sz300067,安诺其,2011-08-12,9.74,9.91,9.62,9.8,9.72,1122592.0,10971288.4,753798683.4,1572900000.0
sz300067,安诺其,2011-08-15,9.81,10.08,9.8,10.08,9.8,922206.0,9192728.2,775335788.64,1617840000.0
sz300067,安诺其,2011-08-16,10.17,10.26,10.02,10.16,10.08,1119138.0,11379288.6,781489247.28,1630680000.0
sz300067,安诺其,2011-08-17,10.06,10.2,9.9,10.15,10.16,774992.0,7803967.8,780720064.95,1629075000.0
sz300067,安诺其,2011-08-18,10.02,10.09,9.81,9.83,10.15,578870.0,5744401.4,756106230.39,1577715000.0
sz300067,安诺其,2011-08-19,9.72,9.85,9.51,9.83,9.83,617598.0,5963352.8,756106230.39,1577715000.0
sz300067,安诺其,2011-08-22,9.77,10.12,9.77,9.98,9.83,627217.0,6262184.8,767643965.34,1601790000.0
sz300067,安诺其,2011-08-23,10.0,10.34,9.99,10.32,9.98,1345085.0,13716318.4,793796164.56,1656360000.0
sz300067,安诺其,2011-08-24,10.45,10.45,10.16,10.18,10.32,1226787.0,12652434.9,783027611.94,1633890000.0
sz300067,安诺其,2011-08-25,10.3,10.31,10.04,10.24,10.18,1071082.0,10884480.7,787642705.92,1643520000.0
sz300067,安诺其,2011-08-26,10.14,10.5,10.14,10.46,10.24,1431020.0,14831373.0,804564717.18,1678830000.0
sz300067,安诺其,2011-08-29,10.4,10.66,10.33,10.38,10.46,1287393.0,13498639.4,798411258.54,1665990000.0
sz300067,安诺其,2011-08-30,10.39,10.49,10.1,10.12,10.38,1013410.0,10434745.5,778412517.96,1624260000.0
sz300067,安诺其,2011-08-31,10.07,10.2,9.88,10.09,10.12,662935.0,6652781.0,776104970.97,1619445000.0
sz300067,安诺其,2011-09-01,10.04,10.17,9.96,10.04,10.09,640556.0,6456400.2,772259059.32,1611420000.0
sz300067,安诺其,2011-09-02,9.93,10.13,9.78,9.88,10.04,591330.0,5843770.9,759952142.04,1585740000.0
sz300067,安诺其,2011-09-05,9.75,9.88,9.38,9.41,9.88,828637.0,7854728.3,723800572.53,1510305000.0
sz300067,安诺其,2011-09-06,9.33,9.44,9.28,9.31,9.41,457155.0,4274333.6,716108749.23,1494255000.0
sz300067,安诺其,2011-09-07,9.45,9.62,9.38,9.62,9.31,560241.0,5337932.4,739953401.46,1544010000.0
sz300067,安诺其,2011-09-08,9.67,9.75,9.54,9.54,9.62,534789.0,5166982.0,733799942.82,1531170000.0
sz300067,安诺其,2011-09-09,9.53,9.67,9.46,9.48,9.54,246718.0,2351672.4,729184848.84,1521540000.0
sz300067,安诺其,2011-09-13,9.34,9.34,9.17,9.27,9.48,310336.0,2869942.4,713032019.91,1487835000.0
sz300067,安诺其,2011-09-14,9.38,9.44,9.18,9.44,9.27,244415.0,2275774.4,726108119.52,1515120000.0
sz300067,安诺其,2011-09-15,9.44,9.53,9.38,9.42,9.44,379500.0,3590474.8,724569754.86,1511910000.0
sz300067,安诺其,2011-09-16,9.51,9.53,9.38,9.41,9.42,386165.0,3652250.2,723800572.53,1510305000.0
sz300067,安诺其,2011-09-19,9.44,9.45,9.13,9.13,9.41,350488.0,3218045.4,702263467.29,1465365000.0
sz300067,安诺其,2011-09-20,9.13,9.2,9.08,9.19,9.13,261066.0,2387380.2,706878561.27,1474995000.0
sz300067,安诺其,2011-09-21,9.16,9.49,9.13,9.44,9.19,572901.0,5366410.9,726108119.52,1515120000.0
sz300067,安诺其,2011-09-22,9.4,9.41,9.12,9.13,9.44,490550.0,4555123.0,702263467.29,1465365000.0
sz300067,安诺其,2011-09-23,9.02,9.11,8.88,9.09,9.13,349878.0,3157784.1,699186737.97,1458945000.0
sz300067,安诺其,2011-09-26,9.03,9.13,9.0,9.01,9.09,163963.0,1485608.6,693033279.33,1446105000.0
sz300067,安诺其,2011-09-27,9.11,9.15,8.98,9.12,9.01,260253.0,2361185.9,701494284.96,1463760000.0
sz300067,安诺其,2011-09-28,9.15,9.15,8.98,9.0,9.12,191480.0,1734055.5,692264097.0,1444500000.0
sz300067,安诺其,2011-09-29,8.87,8.92,8.6,8.61,9.0,416685.0,3643599.9,662265986.13,1381905000.0
sz300067,安诺其,2011-09-30,8.63,8.72,8.52,8.68,8.61,288488.0,2486637.9,667650262.44,1393140000.0
sz300067,安诺其,2011-10-10,8.67,8.75,8.58,8.71,8.68,197558.0,1717524.7,669957809.43,1397955000.0
sz300067,安诺其,2011-10-11,8.9,8.96,8.67,8.75,8.71,249576.0,2205868.9,673034538.75,1404375000.0
sz300067,安诺其,2011-10-12,8.68,9.05,8.63,9.03,8.75,351477.0,3138824.8,694571643.99,1449315000.0
sz300067,安诺其,2011-10-13,9.07,9.23,9.01,9.18,9.03,498569.0,4557119.4,706109378.94,1473390000.0
sz300067,安诺其,2011-10-14,9.1,9.18,9.02,9.09,9.18,297115.0,2701593.0,699186737.97,1458945000.0
sz300067,安诺其,2011-10-17,9.08,9.18,9.05,9.12,9.09,171796.0,1565688.3,701494284.96,1463760000.0
sz300067,安诺其,2011-10-18,9.02,9.09,8.85,8.86,9.12,252212.0,2261513.8,681495544.38,1422030000.0
sz300067,安诺其,2011-10-19,8.93,8.97,8.83,8.94,8.86,172194.0,1532241.4,687649003.02,1434870000.0
sz300067,安诺其,2011-10-20,8.88,8.88,8.58,8.64,8.94,307137.0,2664788.0,664573533.12,1386720000.0
sz300067,安诺其,2011-10-21,8.64,8.74,8.6,8.66,8.64,132200.0,1144173.9,666111897.78,1389930000.0
sz300067,安诺其,2011-10-24,8.75,8.78,8.41,8.78,8.66,267689.0,2317561.1,675342085.74,1409190000.0
sz300067,安诺其,2011-10-25,8.75,9.03,8.7,9.02,8.78,286754.0,2554408.3,693802461.66,1447710000.0
sz300067,安诺其,2011-10-26,8.98,9.23,8.88,9.15,9.02,646653.0,5906109.9,703801831.95,1468575000.0
sz300067,安诺其,2011-10-27,9.2,9.23,9.1,9.15,9.15,418828.0,3838049.7,703801831.95,1468575000.0
sz300067,安诺其,2011-10-28,9.19,9.44,9.15,9.44,9.15,594383.0,5496828.4,726108119.52,1515120000.0
sz300067,安诺其,2011-10-31,9.34,9.48,9.28,9.44,9.44,525680.0,4934377.0,726108119.52,1515120000.0
sz300067,安诺其,2011-11-01,9.32,9.43,9.27,9.36,9.44,473588.0,4430037.4,719954660.88,1502280000.0
sz300067,安诺其,2011-11-02,9.24,9.63,9.14,9.6,9.36,1046039.0,9906372.7,738415036.8,1540800000.0
sz300067,安诺其,2011-11-03,9.63,9.78,9.62,9.62,9.6,1079805.0,10467720.3,739953401.46,1544010000.0
sz300067,安诺其,2011-11-04,9.65,9.69,9.51,9.63,9.62,743720.0,7122397.5,740722583.79,1545615000.0
sz300067,安诺其,2011-11-07,9.61,9.7,9.56,9.68,9.63,620160.0,5976816.7,744568495.44,1553640000.0
sz300067,安诺其,2011-11-08,9.74,10.29,9.62,9.89,9.68,2316307.0,23261902.3,760721324.37,1587345000.0
sz300067,安诺其,2011-11-09,9.89,10.13,9.74,10.12,9.89,1505846.0,14927600.6,778412517.96,1624260000.0
sz300067,安诺其,2011-11-10,10.01,10.88,9.89,10.5,10.12,4019110.0,41995826.6,807641446.5,1685250000.0
sz300067,安诺其,2011-11-11,10.41,11.55,10.36,11.21,10.5,6608485.0,73903749.8,862253391.93,1799205000.0
sz300067,安诺其,2011-11-14,11.23,11.37,11.05,11.35,11.21,3759136.0,42044842.9,873021944.55,1821675000.0
sz300067,安诺其,2011-11-15,11.2,11.25,11.0,11.07,11.35,2493127.0,27634825.6,851484839.31,1776735000.0
sz300067,安诺其,2011-11-16,11.04,11.16,10.6,10.76,11.07,2387016.0,25824963.9,827640187.08,1726980000.0
sz300067,安诺其,2011-11-17,10.73,10.97,10.67,10.78,10.76,1680572.0,18124662.9,829178551.74,1730190000.0
sz300067,安诺其,2011-11-18,10.65,10.71,10.3,10.3,10.78,1658616.0,17300847.9,792257799.9,1653150000.0
sz300067,安诺其,2011-11-21,10.35,10.53,10.22,10.51,10.3,1021614.0,10596412.7,808410628.83,1686855000.0
sz300067,安诺其,2011-11-22,10.33,10.45,10.08,10.37,10.51,1377716.0,14135690.1,797642076.21,1664385000.0
sz300067,安诺其,2011-11-23,10.37,10.43,10.1,10.14,10.37,915810.0,9342277.3,779950882.62,1627470000.0
sz300067,安诺其,2011-11-24,10.06,10.17,9.88,10.05,10.14,870031.0,8706022.2,773028241.65,1613025000.0
sz300067,安诺其,2011-11-25,10.47,10.47,10.0,10.01,10.05,1333972.0,13648424.2,769951512.33,1606605000.0
sz300067,安诺其,2011-11-28,10.01,10.1,9.8,9.89,10.01,624358.0,6180625.6,760721324.37,1587345000.0
sz300067,安诺其,2011-11-29,9.95,10.09,9.8,10.07,9.89,850216.0,8463587.1,774566606.31,1616235000.0
sz300067,安诺其,2011-11-30,10.05,10.12,9.06,9.06,10.07,2065010.0,19304879.2,696879190.98,1454130000.0
sz300067,安诺其,2011-12-01,9.38,9.45,9.14,9.16,9.06,2012141.0,18650297.3,704571014.28,1470180000.0
sz300067,安诺其,2011-12-02,9.17,9.17,8.82,8.89,9.16,807750.0,7201344.2,683803091.37,1426845000.0
sz300067,安诺其,2011-12-05,8.89,8.89,8.6,8.68,8.89,590708.0,5144692.1,667650262.44,1393140000.0
sz300067,安诺其,2011-12-06,8.53,8.91,8.53,8.87,8.68,645723.0,5672589.0,682264726.71,1423635000.0
sz300067,安诺其,2011-12-07,8.88,8.93,8.8,8.9,8.87,327647.0,2908318.9,684572273.7,1428450000.0
sz300067,安诺其,2011-12-08,8.83,9.09,8.8,8.99,8.9,657329.0,5902777.7,691494914.67,1442895000.0
sz300067,安诺其,2011-12-09,8.9,9.03,8.8,8.82,8.99,448705.0,3983542.9,678418815.06,1415610000.0
sz300067,安诺其,2011-12-12,8.72,8.98,8.72,8.8,8.82,296399.0,2626036.2,676880450.4,1412400000.0
sz300067,安诺其,2011-12-13,8.67,8.78,8.38,8.43,8.8,614877.0,5229869.2,648420704.19,1353015000.0
sz300067,安诺其,2011-12-14,8.39,8.51,8.3,8.3,8.43,301200.0,2533882.5,638421333.9,1332150000.0
sz300067,安诺其,2011-12-15,8.27,8.4,8.15,8.23,8.3,593656.0,4908044.3,633037057.59,1320915000.0
sz300067,安诺其,2011-12-16,8.18,8.54,8.18,8.51,8.23,430339.0,3598517.8,654574162.83,1365855000.0
sz300067,安诺其,2011-12-19,8.42,8.66,8.36,8.66,8.51,693844.0,5917807.2,666111897.78,1389930000.0
sz300067,安诺其,2011-12-20,8.66,8.84,8.5,8.52,8.66,619952.0,5386804.7,655343345.16,1367460000.0
sz300067,安诺其,2011-12-21,8.58,8.69,8.21,8.21,8.52,563466.0,4780409.3,631498692.93,1317705000.0
sz300067,安诺其,2011-12-22,8.17,8.23,7.57,8.0,8.21,658868.0,5196569.0,615345864.0,1284000000.0
sz300067,安诺其,2011-12-23,7.9,8.19,7.9,8.07,8.0,359862.0,2900837.0,620730140.31,1295235000.0
sz300067,安诺其,2011-12-26,7.91,8.11,7.67,7.9,8.07,254783.0,2047941.4,607654040.7,1267950000.0
sz300067,安诺其,2011-12-27,7.98,7.99,7.7,7.72,7.9,400600.0,3133318.9,593808758.76,1239060000.0
sz300067,安诺其,2011-12-28,7.83,7.83,7.52,7.75,7.72,484107.0,3712963.8,596116305.75,1243875000.0
sz300067,安诺其,2011-12-29,7.73,7.83,7.67,7.76,7.75,282199.0,2195032.8,596885488.08,1245480000.0
sz300067,安诺其,2011-12-30,7.8,7.92,7.78,7.86,7.76,346699.0,2728283.3,604577311.38,1261530000.0
sz300067,安诺其,2012-01-04,7.87,7.99,7.68,7.68,7.86,353284.0,2774020.8,590732029.44,1232640000.0
sz300067,安诺其,2012-01-05,7.67,7.67,7.21,7.25,7.68,486899.0,3582569.8,557657189.25,1163625000.0
sz300067,安诺其,2012-01-06,7.2,7.35,7.01,7.35,7.25,211624.0,1518756.6,565349012.55,1179675000.0
sz300067,安诺其,2012-01-09,7.33,7.68,7.25,7.64,7.35,500199.0,3766759.5,587655300.12,1226220000.0
sz300067,安诺其,2012-01-10,7.68,7.97,7.58,7.94,7.64,649738.0,5070836.4,610730770.02,1274370000.0
sz300067,安诺其,2012-01-11,7.95,8.01,7.85,7.93,7.94,414280.0,3283635.3,609961587.69,1272765000.0
sz300067,安诺其,2012-01-12,7.83,8.0,7.83,7.87,7.93,398199.0,3151303.5,605346493.71,1263135000.0
sz300067,安诺其,2012-01-13,7.83,7.86,7.42,7.51,7.87,425172.0,3245755.5,577655929.83,1205355000.0
sz300067,安诺其,2012-01-16,7.45,7.45,7.21,7.21,7.51,305715.0,2237198.0,554580459.93,1157205000.0
sz300067,安诺其,2012-01-17,7.2,7.66,7.2,7.63,7.21,423417.0,3155429.3,586886117.79,1224615000.0
sz300067,安诺其,2012-01-18,7.6,7.76,7.55,7.63,7.63,764075.0,5843907.5,586886117.79,1224615000.0
sz300067,安诺其,2012-01-19,7.65,7.95,7.51,7.91,7.63,650884.0,5078432.5,608423223.03,1269555000.0
sz300067,安诺其,2012-01-20,7.91,8.45,7.91,8.28,7.91,1036335.0,8538476.5,636882969.24,1328940000.0
sz300067,安诺其,2012-01-30,8.23,8.4,8.06,8.25,8.28,465835.0,3839244.2,634575422.25,1324125000.0
sz300067,安诺其,2012-01-31,8.17,8.24,8.09,8.14,8.25,287701.0,2345834.1,626114416.62,1306470000.0
sz300067,安诺其,2012-03-02,8.95,8.95,8.95,8.95,8.14,84985.0,760615.8,688418185.35,1436475000.0
sz300067,安诺其,2012-03-05,9.85,9.85,9.85,9.85,8.95,164576.0,1621073.6,757644595.05,1580925000.0
sz300067,安诺其,2012-03-06,10.84,10.84,10.84,10.84,9.85,3638360.0,39439822.4,833793645.72,1739820000.0
sz300067,安诺其,2012-03-07,11.44,11.92,11.18,11.92,10.84,13678484.0,158034867.8,916865337.36,1913160000.0
sz300067,安诺其,2012-03-08,11.89,11.99,11.56,11.9,11.92,8732609.0,102744086.8,915326972.7,1909950000.0
sz300067,安诺其,2012-03-09,11.81,12.15,11.68,12.09,11.9,6823216.0,80991334.5,929941436.97,1940445000.0
sz300067,安诺其,2012-03-12,11.94,12.46,11.82,12.45,12.09,7780642.0,94598060.4,957632000.85,1998225000.0
sz300067,安诺其,2012-03-13,12.4,13.7,12.28,13.7,12.45,8709167.0,114102950.4,1053779792.1,2198850000.0
sz300067,安诺其,2012-03-14,14.35,15.0,13.6,13.73,13.7,16654194.0,240349439.1,1056087339.09,2203665000.0
sz300067,安诺其,2012-03-15,13.47,14.29,12.91,13.05,13.73,12567323.0,168713168.1,1003782940.65,2094525000.0
sz300067,安诺其,2012-03-16,12.85,13.18,12.61,13.08,13.05,8440670.0,109036723.6,1006090487.64,2099340000.0
sz300067,安诺其,2012-03-19,12.82,13.15,12.61,12.92,13.08,6280817.0,80731259.0,993783570.36,2073660000.0
sz300067,安诺其,2012-03-20,12.88,12.88,12.01,12.17,12.92,9383564.0,115500257.5,936094895.61,1953285000.0
sz300067,安诺其,2012-03-21,12.2,12.4,11.71,12.29,12.17,7135159.0,86138563.1,945325083.57,1972545000.0
sz300067,安诺其,2012-03-22,12.1,12.34,11.9,12.1,12.29,4006908.0,48539222.8,930710619.3,1942050000.0
sz300067,安诺其,2012-03-23,11.93,12.38,11.54,11.79,12.1,4689035.0,56098991.0,906865967.07,1892295000.0
sz300067,安诺其,2012-03-26,11.66,11.92,11.59,11.88,11.79,2732863.0,32085331.4,913788608.04,1906740000.0
sz300067,安诺其,2012-03-27,11.94,12.05,11.14,11.41,11.88,4816696.0,56444470.9,877637038.53,1831305000.0
sz300067,安诺其,2012-03-28,11.28,11.68,11.01,11.19,11.41,5472510.0,61877327.6,860715027.27,1795995000.0
sz300067,安诺其,2012-03-29,11.18,11.59,10.91,11.22,11.19,5001829.0,56419291.0,863022574.26,1800810000.0
sz300067,安诺其,2012-03-30,11.2,11.27,10.1,10.1,11.22,6102110.0,64818044.2,776874153.3,1621050000.0
sz300067,安诺其,2012-04-05,9.79,10.33,9.69,10.26,10.1,5876858.0,58899055.8,789181070.58,1646730000.0
sz300067,安诺其,2012-04-06,10.12,10.81,10.01,10.38,10.26,7492691.0,78478310.4,798411258.54,1665990000.0
sz300067,安诺其,2012-04-09,10.29,10.68,10.06,10.43,10.38,4452660.0,46208350.3,802257170.19,1674015000.0
sz300067,安诺其,2012-04-10,10.39,10.48,9.81,10.48,10.43,4603519.0,46694856.3,806103081.84,1682040000.0
sz300067,安诺其,2012-04-11,10.26,10.81,10.2,10.68,10.48,5106494.0,53962806.5,821486728.44,1714140000.0
sz300067,安诺其,2012-04-12,10.57,10.75,10.2,10.75,10.68,5387210.0,56527076.1,826871004.75,1725375000.0
sz300067,安诺其,2012-04-13,10.67,10.68,10.43,10.45,10.75,3796885.0,39986764.6,803795534.85,1677225000.0
sz300067,安诺其,2012-04-16,10.33,10.64,10.17,10.22,10.45,2772827.0,28777474.0,786104341.26,1640310000.0
sz300067,安诺其,2012-04-17,10.16,10.47,10.0,10.31,10.22,3007404.0,30799338.7,793026982.23,1654755000.0
sz300067,安诺其,2012-04-18,10.2,10.85,10.12,10.67,10.31,5051422.0,53416714.2,820717546.11,1712535000.0
sz300067,安诺其,2012-04-19,10.56,11.18,10.31,11.02,10.67,8080850.0,87398867.7,847638927.66,1768710000.0
sz300067,安诺其,2012-04-20,10.88,11.07,10.75,11.0,11.02,5622325.0,61496316.3,846100563.0,1765500000.0
sz300067,安诺其,2012-04-23,10.87,10.9,9.9,9.9,11.0,3968128.0,40190635.3,761490506.7,1588950000.0
sz300067,安诺其,2012-04-24,9.2,9.38,8.91,9.09,9.9,7894775.0,71107923.8,699186737.97,1458945000.0
sz300067,安诺其,2012-04-25,8.93,9.1,8.85,9.02,9.09,3929792.0,35421912.6,693802461.66,1447710000.0
sz300067,安诺其,2012-04-26,8.95,9.14,8.72,8.81,9.02,3440143.0,30587673.3,677649632.73,1414005000.0
sz300067,安诺其,2012-04-27,8.82,9.1,8.72,8.92,8.81,3057995.0,27445249.2,686110638.36,1431660000.0
sz300067,安诺其,2012-05-02,9.07,9.07,8.85,8.95,8.92,2205881.0,19759390.6,688418185.35,1436475000.0
sz300067,安诺其,2012-05-03,8.86,9.05,8.86,9.0,8.95,2374473.0,21299267.7,692264097.0,1444500000.0
sz300067,安诺其,2012-05-04,9.0,9.18,8.96,9.12,9.0,2919298.0,26526972.0,701494284.96,1463760000.0
sz300067,安诺其,2012-05-07,9.11,9.34,8.98,9.33,9.12,3077651.0,28179849.5,717647113.89,1497465000.0
sz300067,安诺其,2012-05-08,9.35,9.78,9.31,9.48,9.33,5278101.0,50150530.1,729184848.84,1521540000.0
sz300067,安诺其,2012-05-09,9.38,9.38,9.02,9.02,9.48,3151178.0,28806842.7,693802461.66,1447710000.0
sz300067,安诺其,2012-05-10,8.95,9.24,8.94,9.17,9.02,2232870.0,20380873.1,705340196.61,1471785000.0
sz300067,安诺其,2012-05-11,9.2,9.3,9.02,9.06,9.17,1876029.0,17122510.9,696879190.98,1454130000.0
sz300067,安诺其,2012-05-14,9.17,9.19,8.76,8.88,9.06,2725018.0,24410517.4,683033909.04,1425240000.0
sz300067,安诺其,2012-05-15,8.72,8.87,8.62,8.8,8.88,2264940.0,19784881.6,676880450.4,1412400000.0
sz300067,安诺其,2012-05-16,8.87,9.68,8.8,9.68,8.8,3291965.0,31313318.3,744568495.44,1553640000.0
sz300067,安诺其,2012-05-17,9.93,10.65,9.82,10.65,9.68,15067387.0,153908876.5,819179181.45,1709325000.0
sz300067,安诺其,2012-05-18,10.98,11.65,10.22,10.29,10.65,13983840.0,152935060.8,791488617.57,1651545000.0
sz300067,安诺其,2012-05-21,10.03,10.5,9.71,9.78,10.29,7022707.0,70159681.1,752260318.74,1569690000.0
sz300067,安诺其,2012-05-22,9.74,9.95,9.61,9.9,9.78,5516343.0,53932319.4,761490506.7,1588950000.0
sz300067,安诺其,2012-05-23,9.81,9.84,9.42,9.5,9.9,4042247.0,38801693.5,730723213.5,1524750000.0
sz300067,安诺其,2012-05-24,9.47,9.78,9.45,9.52,9.5,3942922.0,37883804.0,732261578.16,1527960000.0
sz300067,安诺其,2012-05-25,9.5,9.66,9.34,9.42,9.52,2769472.0,26283037.4,724569754.86,1511910000.0
sz300067,安诺其,2012-05-28,9.4,9.43,8.95,9.28,9.42,3206535.0,29227597.5,713801202.24,1489440000.0
sz300067,安诺其,2012-05-29,9.2,9.6,9.15,9.59,9.28,3837141.0,35970454.9,737645854.47,1539195000.0
sz300067,安诺其,2012-05-30,9.65,9.65,9.4,9.52,9.59,3064012.0,29033528.0,732261578.16,1527960000.0
sz300067,安诺其,2012-05-31,9.42,9.73,9.36,9.62,9.52,3328107.0,31900750.4,739953401.46,1544010000.0
sz300067,安诺其,2012-06-01,9.68,9.75,9.24,9.36,9.62,2923086.0,27820855.9,719954660.88,1502280000.0
sz300067,安诺其,2012-06-04,9.17,9.17,8.75,8.78,9.36,2950913.0,26509544.5,675342085.74,1409190000.0
sz300067,安诺其,2012-06-05,8.77,8.96,8.7,8.96,8.78,1899455.0,16794670.6,689187367.68,1438080000.0
sz300067,安诺其,2012-06-06,8.98,9.06,8.8,8.9,8.96,1428801.0,12737258.9,684572273.7,1428450000.0
sz300067,安诺其,2012-06-07,9.02,9.08,8.75,8.75,8.9,1479749.0,13160089.4,673034538.75,1404375000.0
sz300067,安诺其,2012-06-08,8.85,8.95,8.7,8.8,8.75,1650587.0,14557295.3,676880450.4,1412400000.0
sz300067,安诺其,2012-06-11,8.95,9.68,8.85,9.42,8.8,5193296.0,49281129.8,724569754.86,1511910000.0
sz300067,安诺其,2012-06-12,9.1,9.14,8.9,9.04,9.32,3252629.0,29366292.0,695340826.32,1450920000.0
sz300067,安诺其,2012-06-13,9.16,9.27,9.03,9.2,9.04,2214493.0,20267811.5,707647743.6,1476600000.0
sz300067,安诺其,2012-06-14,9.12,9.26,9.03,9.05,9.2,1574963.0,14392205.9,696110008.65,1452525000.0
sz300067,安诺其,2012-06-15,9.22,9.22,8.94,9.05,9.05,1265184.0,11489828.1,696110008.65,1452525000.0
sz300067,安诺其,2012-06-18,9.15,9.25,9.06,9.2,9.05,1812463.0,16610772.4,707647743.6,1476600000.0
sz300067,安诺其,2012-06-19,9.2,9.22,9.06,9.08,9.2,1336816.0,12211187.4,698417555.64,1457340000.0
sz300067,安诺其,2012-06-20,9.09,9.35,9.07,9.22,9.08,2688773.0,24856488.1,709186108.26,1479810000.0
sz300067,安诺其,2012-06-21,9.17,9.64,9.11,9.29,9.22,4214355.0,39635064.4,714570384.57,1491045000.0
sz300067,安诺其,2012-06-25,9.23,9.23,8.7,8.72,9.29,2886060.0,25494318.5,670726991.76,1399560000.0
sz300067,安诺其,2012-06-26,8.63,8.82,8.62,8.77,8.72,1138606.0,9917577.8,674572903.41,1407585000.0
sz300067,安诺其,2012-06-27,8.78,8.99,8.72,8.75,8.77,1387184.0,12286616.6,673034538.75,1404375000.0
sz300067,安诺其,2012-06-28,8.75,8.86,8.42,8.42,8.75,1230570.0,10649014.9,647651521.86,1351410000.0
sz300067,安诺其,2012-06-29,8.34,8.59,8.3,8.55,8.42,920095.0,7770955.7,657650892.15,1372275000.0
sz300067,安诺其,2012-07-02,8.56,8.69,8.53,8.54,8.55,1267995.0,10905697.1,656881709.82,1370670000.0
sz300067,安诺其,2012-07-03,8.63,8.7,8.47,8.54,8.54,1527994.0,13107931.0,656881709.82,1370670000.0
sz300067,安诺其,2012-07-04,8.62,8.78,8.51,8.74,8.54,1738985.0,15085086.0,672265356.42,1402770000.0
sz300067,安诺其,2012-07-05,8.69,8.75,8.33,8.44,8.74,1248702.0,10564965.6,649189886.52,1354620000.0
sz300067,安诺其,2012-07-06,8.58,8.62,8.2,8.53,8.44,1089202.0,9161745.5,656112527.49,1369065000.0
sz300067,安诺其,2012-07-09,8.5,8.5,8.03,8.03,8.53,1261328.0,10376675.7,617653410.99,1288815000.0
sz300067,安诺其,2012-07-10,8.0,8.08,7.97,7.99,8.03,576534.0,4628434.0,614576681.67,1282395000.0
sz300067,安诺其,2012-07-11,8.07,8.13,7.91,8.13,7.99,749800.0,6038680.5,625345234.29,1304865000.0
sz300067,安诺其,2012-07-12,8.12,8.12,7.9,8.11,8.13,1596640.0,12795536.2,623806869.63,1301655000.0
sz300067,安诺其,2012-07-13,8.01,8.06,7.91,7.93,8.11,1157098.0,9221857.3,609961587.69,1272765000.0
sz300067,安诺其,2012-07-16,7.88,7.91,7.14,7.14,7.93,1760247.0,13084708.5,549196183.62,1145970000.0
sz300067,安诺其,2012-07-17,7.02,7.32,7.02,7.26,7.14,1234637.0,8919338.8,558426371.58,1165230000.0
sz300067,安诺其,2012-07-18,7.19,7.4,7.15,7.4,7.26,927385.0,6759106.1,569194924.2,1187700000.0
sz300067,安诺其,2012-07-19,7.36,8.14,7.27,8.14,7.4,3141588.0,25108847.9,626114416.62,1306470000.0
sz300067,安诺其,2012-07-20,8.3,8.49,7.89,8.06,8.14,4970429.0,40984808.9,619960957.98,1293630000.0
sz300067,安诺其,2012-07-23,7.75,7.96,7.66,7.75,8.06,1948121.0,15120351.7,596116305.75,1243875000.0
sz300067,安诺其,2012-07-24,7.69,7.94,7.53,7.82,7.75,1457396.0,11342071.2,601500582.06,1255110000.0
sz300067,安诺其,2012-07-25,7.68,7.81,7.61,7.8,7.82,1355130.0,10437127.7,599962217.4,1251900000.0
sz300067,安诺其,2012-07-26,7.77,7.82,7.42,7.44,7.8,1368144.0,10407762.6,572271653.52,1194120000.0
sz300067,安诺其,2012-07-27,7.46,7.52,7.32,7.46,7.44,1050850.0,7803045.5,573810018.18,1197330000.0
sz300067,安诺其,2012-07-30,7.47,7.56,7.13,7.27,7.46,916771.0,6712891.5,559195553.91,1166835000.0
sz300067,安诺其,2012-07-31,7.1,7.43,7.1,7.32,7.27,709825.0,5168468.4,563041465.56,1174860000.0
sz300067,安诺其,2012-08-01,7.31,7.62,7.27,7.5,7.32,1440040.0,10728542.6,576886747.5,1203750000.0
sz300067,安诺其,2012-08-02,7.46,7.59,7.33,7.41,7.5,832560.0,6232931.7,569964106.53,1189305000.0
sz300067,安诺其,2012-08-03,7.49,7.65,7.4,7.63,7.41,1128040.0,8519156.2,586886117.79,1224615000.0
sz300067,安诺其,2012-08-06,7.59,8.05,7.53,7.83,7.63,2047695.0,16036782.7,602269764.39,1256715000.0
sz300067,安诺其,2012-08-07,7.74,8.03,7.73,7.92,7.83,1644271.0,12941753.8,609192405.36,1271160000.0
sz300067,安诺其,2012-08-08,7.87,7.98,7.64,7.86,7.92,1348930.0,10549080.3,604577311.38,1261530000.0
sz300067,安诺其,2012-08-09,7.82,8.1,7.7,8.06,7.86,1952986.0,15527748.6,619960957.98,1293630000.0
sz300067,安诺其,2012-08-10,8.09,8.45,7.85,8.34,8.06,3053048.0,24854216.3,641498063.22,1338570000.0
sz300067,安诺其,2012-08-13,8.27,9.07,8.11,8.58,8.34,5656991.0,48334509.4,659958439.14,1377090000.0
sz300067,安诺其,2012-08-14,8.5,8.99,8.46,8.72,8.58,4263653.0,37212862.7,670726991.76,1399560000.0
sz300067,安诺其,2012-08-15,8.5,8.63,8.05,8.09,8.72,3127279.0,25894185.3,622268504.97,1298445000.0
sz300067,安诺其,2012-08-16,8.06,8.22,7.9,8.19,8.09,1980336.0,15942587.2,629960328.27,1314495000.0
sz300067,安诺其,2012-08-17,8.09,8.28,7.93,8.04,8.19,1234081.0,9950515.3,618422593.32,1290420000.0
sz300067,安诺其,2012-08-20,7.92,8.1,7.8,8.03,8.04,1036224.0,8221506.4,617653410.99,1288815000.0
sz300067,安诺其,2012-08-21,8.02,8.26,7.98,8.17,8.03,1693529.0,13800417.3,628421963.61,1311285000.0
sz300067,安诺其,2012-08-22,8.18,8.28,8.1,8.15,8.17,1272022.0,10395335.1,626883598.95,1308075000.0
sz300067,安诺其,2012-08-23,8.21,8.46,8.07,8.36,8.15,2228826.0,18469334.9,643036427.88,1341780000.0
sz300067,安诺其,2012-08-24,8.35,8.35,7.97,8.02,8.36,1392608.0,11323209.9,616884228.66,1287210000.0
sz300067,安诺其,2012-08-27,7.99,7.99,7.6,7.62,8.02,1339499.0,10384449.9,586116935.46,1223010000.0
sz300067,安诺其,2012-08-28,7.57,7.81,7.56,7.73,7.62,752328.0,5781480.2,594577941.09,1240665000.0
sz300067,安诺其,2012-08-29,7.7,7.84,7.6,7.67,7.73,883320.0,6826395.6,589962847.11,1231035000.0
sz300067,安诺其,2012-08-30,7.35,7.35,6.92,7.07,7.67,3433580.0,24444075.3,543811907.31,1134735000.0
sz300067,安诺其,2012-08-31,7.01,7.14,7.0,7.08,7.07,1149799.0,8113276.3,544581089.64,1136340000.0
sz300067,安诺其,2012-09-03,7.01,7.26,6.96,7.26,7.08,997606.0,7159690.5,558426371.58,1165230000.0
sz300067,安诺其,2012-09-04,7.26,7.33,7.09,7.14,7.26,978601.0,7065334.4,549196183.62,1145970000.0
sz300067,安诺其,2012-09-05,7.08,7.52,7.04,7.36,7.14,1369892.0,10032183.9,566118194.88,1181280000.0
sz300067,安诺其,2012-09-06,7.43,7.5,7.3,7.48,7.36,1018084.0,7542045.3,575348382.84,1200540000.0
sz300067,安诺其,2012-09-07,7.56,7.79,7.5,7.62,7.48,2495157.0,19100908.8,586116935.46,1223010000.0
sz300067,安诺其,2012-09-10,7.6,7.83,7.5,7.69,7.62,2350207.0,18017492.5,591501211.77,1234245000.0
sz300067,安诺其,2012-09-11,7.66,7.66,7.52,7.6,7.69,1747507.0,13253990.5,584578570.8,1219800000.0
sz300067,安诺其,2012-09-12,7.6,7.82,7.6,7.81,7.6,3104635.0,23897778.6,600731399.73,1253505000.0
sz300067,安诺其,2012-09-13,7.82,7.82,7.51,7.51,7.81,2175319.0,16716938.0,577655929.83,1205355000.0
sz300067,安诺其,2012-09-14,7.6,7.69,7.4,7.58,7.51,1343390.0,10185747.3,583040206.14,1216590000.0
sz300067,安诺其,2012-09-17,7.58,7.63,7.24,7.3,7.58,1373196.0,10187788.8,561503100.9,1171650000.0
sz300067,安诺其,2012-09-18,7.25,7.46,7.22,7.35,7.3,966231.0,7126667.4,565349012.55,1179675000.0
sz300067,安诺其,2012-09-19,7.58,8.09,7.53,7.61,7.35,3097236.0,23820350.0,585347753.13,1221405000.0
sz300067,安诺其,2012-09-20,7.48,7.56,7.11,7.29,7.61,2004804.0,14673497.3,560733918.57,1170045000.0
sz300067,安诺其,2012-09-21,7.11,7.3,7.06,7.08,7.29,942291.0,6765972.6,544581089.64,1136340000.0
sz300067,安诺其,2012-09-24,7.06,7.2,7.01,7.17,7.08,584233.0,4168194.9,551503730.61,1150785000.0
sz300067,安诺其,2012-09-25,7.15,7.21,7.05,7.16,7.17,499113.0,3560519.8,550734548.28,1149180000.0
sz300067,安诺其,2012-09-26,7.1,7.18,6.9,6.92,7.16,650784.0,4572981.3,532274172.36,1110660000.0
sz300067,安诺其,2012-09-27,6.96,7.18,6.93,7.13,6.92,955532.0,6784534.1,548427001.29,1144365000.0
sz300067,安诺其,2012-09-28,7.1,7.24,7.08,7.21,7.13,797804.0,5719065.5,554580459.93,1157205000.0
sz300067,安诺其,2012-10-08,7.21,7.32,7.14,7.17,7.21,483828.0,3484446.2,551503730.61,1150785000.0
sz300067,安诺其,2012-10-09,7.18,7.38,7.18,7.38,7.17,1060846.0,7765271.3,567656559.54,1184490000.0
sz300067,安诺其,2012-10-10,7.38,7.79,7.32,7.65,7.38,2926042.0,22168067.5,588424482.45,1227825000.0
sz300067,安诺其,2012-10-11,7.6,7.65,7.45,7.51,7.65,1344336.0,10135506.5,577655929.83,1205355000.0
sz300067,安诺其,2012-10-12,7.55,7.7,7.49,7.62,7.51,1641054.0,12480862.5,586116935.46,1223010000.0
sz300067,安诺其,2012-10-15,7.52,7.57,7.04,7.15,7.62,1448097.0,10437494.5,549965365.95,1147575000.0
sz300067,安诺其,2012-10-16,7.15,7.25,7.13,7.18,7.15,550179.0,3965390.8,552272912.94,1152390000.0
sz300067,安诺其,2012-10-17,7.23,7.36,7.18,7.33,7.18,833943.0,6089789.6,563810647.89,1176465000.0
sz300067,安诺其,2012-10-18,7.37,7.54,7.3,7.43,7.33,1097230.0,8168003.7,571502471.19,1192515000.0
sz300067,安诺其,2012-10-19,7.41,7.47,7.33,7.34,7.43,616760.0,4551456.4,564579830.22,1178070000.0
sz300067,安诺其,2012-10-22,7.35,7.56,7.28,7.52,7.34,791911.0,5872227.6,578425112.16,1206960000.0
sz300067,安诺其,2012-10-23,7.51,7.64,7.42,7.5,7.52,1375648.0,10335928.1,576886747.5,1203750000.0
sz300067,安诺其,2012-10-24,7.48,7.59,7.4,7.54,7.5,750162.0,5634521.2,579963476.82,1210170000.0
sz300067,安诺其,2012-10-25,7.45,7.59,7.38,7.5,7.54,707986.0,5296337.3,576886747.5,1203750000.0
sz300067,安诺其,2012-10-26,7.5,7.5,7.25,7.28,7.5,701838.0,5141898.1,559964736.24,1168440000.0
sz300067,安诺其,2012-10-29,7.2,7.28,7.07,7.09,7.28,625935.0,4496364.0,545350271.97,1137945000.0
sz300067,安诺其,2012-10-30,7.29,7.67,7.16,7.18,7.09,1246251.0,9128908.1,552272912.94,1152390000.0
sz300067,安诺其,2012-10-31,7.03,7.28,6.98,7.18,7.18,1214099.0,8575476.5,552272912.94,1152390000.0
sz300067,安诺其,2012-11-01,7.17,7.34,7.16,7.25,7.18,701642.0,5091537.7,557657189.25,1163625000.0
sz300067,安诺其,2012-11-02,7.26,7.37,7.22,7.26,7.25,670342.0,4882806.8,558426371.58,1165230000.0
sz300067,安诺其,2012-11-05,7.28,7.3,7.19,7.22,7.26,533239.0,3857148.2,555349642.26,1158810000.0
sz300067,安诺其,2012-11-06,7.23,7.24,7.0,7.16,7.22,491894.0,3506382.9,550734548.28,1149180000.0
sz300067,安诺其,2012-11-07,7.1,7.23,7.1,7.18,7.16,319132.0,2283770.2,552272912.94,1152390000.0
sz300067,安诺其,2012-11-08,7.06,7.15,7.0,7.01,7.18,615445.0,4341168.3,539196813.33,1125105000.0
sz300067,安诺其,2012-11-09,7.01,7.05,6.94,7.02,7.01,419294.0,2941522.8,539965995.66,1126710000.0
sz300067,安诺其,2012-11-12,7.07,7.1,7.01,7.01,7.02,568517.0,4000839.0,539196813.33,1125105000.0
sz300067,安诺其,2012-11-13,7.02,7.08,6.92,6.98,7.01,882432.0,6177875.9,536889266.34,1120290000.0
sz300067,安诺其,2012-11-14,6.99,7.08,6.88,6.99,6.98,642525.0,4470333.5,537658448.67,1121895000.0
sz300067,安诺其,2012-11-15,6.98,6.98,6.69,6.69,6.99,805803.0,5488419.4,514582978.77,1073745000.0
sz300067,安诺其,2012-11-16,6.71,6.71,6.47,6.55,6.69,865027.0,5656911.4,503814426.15,1051275000.0
sz300067,安诺其,2012-11-19,6.55,6.69,6.49,6.63,6.55,373238.0,2459045.5,509967884.79,1064115000.0
sz300067,安诺其,2012-11-20,6.63,6.73,6.58,6.6,6.63,304206.0,2024544.9,507660337.8,1059300000.0
sz300067,安诺其,2012-11-21,6.72,6.98,6.53,6.94,6.6,1069916.0,7301160.5,533812537.02,1113870000.0
sz300067,安诺其,2012-11-22,7.05,7.45,6.95,6.96,6.94,2493916.0,17848156.0,535350901.68,1117080000.0
sz300067,安诺其,2012-11-23,6.72,6.86,6.66,6.71,6.96,1565321.0,10551699.6,516121343.43,1076955000.0
sz300067,安诺其,2012-11-26,6.7,6.71,6.56,6.57,6.71,608488.0,4037563.5,505352790.81,1054485000.0
sz300067,安诺其,2012-11-27,6.57,6.63,6.31,6.32,6.57,824800.0,5307584.2,486123232.56,1014360000.0
sz300067,安诺其,2012-11-28,6.33,6.33,6.09,6.15,6.32,466346.0,2861077.0,473047132.95,987075000.0
sz300067,安诺其,2012-11-29,6.1,6.23,6.0,6.06,6.15,358181.0,2197229.5,466124491.98,972630000.0
sz300067,安诺其,2012-11-30,6.08,6.18,6.07,6.15,6.06,196253.0,1203547.0,473047132.95,987075000.0
sz300067,安诺其,2012-12-03,6.18,6.18,5.91,5.91,6.15,374800.0,2256875.0,454586757.03,948555000.0
sz300067,安诺其,2012-12-04,5.88,6.13,5.85,6.11,5.91,508850.0,3039348.7,469970403.63,980655000.0
sz300067,安诺其,2012-12-05,6.05,6.33,6.05,6.29,6.11,750341.0,4694753.8,483815685.57,1009545000.0
sz300067,安诺其,2012-12-06,6.23,6.36,6.23,6.26,6.29,341575.0,2143082.4,481508138.58,1004730000.0
sz300067,安诺其,2012-12-07,6.25,6.4,6.22,6.38,6.26,681313.0,4323989.3,490738326.54,1023990000.0
sz300067,安诺其,2012-12-10,6.38,6.53,6.33,6.49,6.38,819117.0,5284194.3,499199332.17,1041645000.0
sz300067,安诺其,2012-12-11,6.45,6.52,6.41,6.43,6.49,649519.0,4193335.9,494584238.19,1032015000.0
sz300067,安诺其,2012-12-12,6.43,6.48,6.3,6.39,6.43,529659.0,3376088.2,491507508.87,1025595000.0
sz300067,安诺其,2012-12-13,6.32,6.55,6.3,6.38,6.39,787929.0,5070300.8,490738326.54,1023990000.0
sz300067,安诺其,2012-12-14,6.34,6.65,6.31,6.6,6.38,1100806.0,7205159.7,507660337.8,1059300000.0
sz300067,安诺其,2012-12-17,6.6,6.73,6.48,6.63,6.6,1449718.0,9533541.1,509967884.79,1064115000.0
sz300067,安诺其,2012-12-18,6.6,6.71,6.52,6.64,6.63,1350005.0,8967592.2,510737067.12,1065720000.0
sz300067,安诺其,2012-12-19,6.57,6.75,6.56,6.68,6.64,976599.0,6523198.2,513813796.44,1072140000.0
sz300067,安诺其,2012-12-20,6.63,6.68,6.52,6.67,6.68,968000.0,6402911.0,513044614.11,1070535000.0
sz300067,安诺其,2012-12-21,6.67,6.76,6.55,6.67,6.67,1374484.0,9150863.8,513044614.11,1070535000.0
sz300067,安诺其,2012-12-24,6.65,6.7,6.57,6.69,6.67,1773280.0,11752278.2,514582978.77,1073745000.0
sz300067,安诺其,2012-12-25,6.67,6.85,6.58,6.78,6.69,3503675.0,23625576.7,521505619.74,1088190000.0
sz300067,安诺其,2012-12-26,6.78,6.98,6.75,6.96,6.78,3033633.0,20818191.3,535350901.68,1117080000.0
sz300067,安诺其,2012-12-27,6.99,7.06,6.77,6.77,6.96,2231496.0,15344515.3,520736437.41,1086585000.0
sz300067,安诺其,2012-12-28,6.78,6.86,6.7,6.8,6.77,1325412.0,8980587.8,523043984.4,1091400000.0
sz300067,安诺其,2012-12-31,6.8,6.81,6.66,6.7,6.8,2679929.0,18043755.7,515352161.1,1075350000.0
sz300067,安诺其,2013-01-04,6.75,6.76,6.55,6.63,6.7,2337379.0,15571860.3,509967884.79,1064115000.0
sz300067,安诺其,2013-01-07,6.66,6.81,6.6,6.81,6.63,2236336.0,15021855.7,523813166.73,1093005000.0
sz300067,安诺其,2013-01-08,6.78,6.98,6.78,6.91,6.81,3310059.0,22767443.6,531504990.03,1109055000.0
sz300067,安诺其,2013-01-09,6.9,7.16,6.85,6.96,6.91,4017410.0,28157324.8,535350901.68,1117080000.0
sz300067,安诺其,2013-01-10,6.97,7.18,6.91,7.11,6.96,3856472.0,27249832.2,546888636.63,1141155000.0
sz300067,安诺其,2013-01-11,7.03,7.11,6.79,6.88,7.11,2989424.0,20842591.3,529197443.04,1104240000.0
sz300067,安诺其,2013-01-14,6.81,7.12,6.78,7.11,6.88,3127572.0,21969452.9,546888636.63,1141155000.0
sz300067,安诺其,2013-01-15,7.15,7.34,7.1,7.23,7.11,3633348.0,26213158.9,556118824.59,1160415000.0
sz300067,安诺其,2013-01-16,7.22,7.36,7.03,7.17,7.23,2767685.0,19886110.5,551503730.61,1150785000.0
sz300067,安诺其,2013-01-17,7.21,7.32,7.11,7.2,7.17,3417032.0,24654209.8,553811277.6,1155600000.0
sz300067,安诺其,2013-01-18,7.23,7.28,7.08,7.27,7.2,2739521.0,19731062.9,559195553.91,1166835000.0
sz300067,安诺其,2013-01-21,7.28,7.45,7.19,7.37,7.27,2769423.0,20250088.2,566887377.21,1182885000.0
sz300067,安诺其,2013-01-22,7.37,7.37,7.08,7.13,7.37,2412781.0,17373474.0,548427001.29,1144365000.0
sz300067,安诺其,2013-01-23,7.11,7.18,6.93,7.08,7.13,1604110.0,11317252.0,544581089.64,1136340000.0
sz300067,安诺其,2013-01-24,7.05,7.16,6.81,6.81,7.08,2086291.0,14597783.4,523813166.73,1093005000.0
sz300067,安诺其,2013-01-25,6.81,6.89,6.7,6.89,6.81,1269621.0,8660784.7,529966625.37,1105845000.0
sz300067,安诺其,2013-01-28,6.87,7.02,6.85,7.0,6.89,1217988.0,8455843.1,538427631.0,1123500000.0
sz300067,安诺其,2013-01-29,6.98,7.09,6.97,7.02,7.0,1218425.0,8556943.6,539965995.66,1126710000.0
sz300067,安诺其,2013-01-30,7.01,7.04,6.85,7.02,7.02,1301743.0,9057151.9,539965995.66,1126710000.0
sz300067,安诺其,2013-01-31,6.96,7.02,6.87,6.9,7.02,786430.0,5429661.4,530735807.7,1107450000.0
sz300067,安诺其,2013-02-01,6.89,7.18,6.79,7.18,6.9,2263981.0,15940328.0,552272912.94,1152390000.0
sz300067,安诺其,2013-02-04,7.28,7.58,7.08,7.08,7.18,4163771.0,30385495.1,544581089.64,1136340000.0
sz300067,安诺其,2013-02-05,6.98,7.14,6.89,7.1,7.08,1893037.0,13261321.4,546119454.3,1139550000.0
sz300067,安诺其,2013-02-06,7.07,7.15,7.03,7.1,7.1,1189925.0,8431807.7,546119454.3,1139550000.0
sz300067,安诺其,2013-02-07,7.08,7.12,7.0,7.1,7.1,1162582.0,8217807.4,546119454.3,1139550000.0
sz300067,安诺其,2013-02-08,7.1,7.23,7.1,7.18,7.1,1487641.0,10679955.6,552272912.94,1152390000.0
sz300067,安诺其,2013-02-18,7.19,7.27,7.13,7.23,7.18,1615850.0,11646652.9,556118824.59,1160415000.0
sz300067,安诺其,2013-02-19,7.22,7.31,7.12,7.21,7.23,1880735.0,13528605.5,554580459.93,1157205000.0
sz300067,安诺其,2013-02-20,7.23,7.56,7.2,7.49,7.21,4704619.0,34911762.4,576117565.17,1202145000.0
sz300067,安诺其,2013-02-21,7.51,7.61,7.28,7.42,7.49,3843187.0,28695425.2,570733288.86,1190910000.0
sz300067,安诺其,2013-02-22,7.45,7.54,7.32,7.35,7.42,2106961.0,15623373.8,565349012.55,1179675000.0
sz300067,安诺其,2013-02-25,7.26,7.51,7.26,7.5,7.35,1652777.0,12293290.5,576886747.5,1203750000.0
sz300067,安诺其,2013-02-26,7.73,7.73,7.21,7.22,7.5,2521046.0,18838240.1,555349642.26,1158810000.0
sz300067,安诺其,2013-02-27,7.3,7.31,7.08,7.12,7.22,1799749.0,12901400.1,547657818.96,1142760000.0
sz300067,安诺其,2013-02-28,7.13,7.38,7.12,7.3,7.12,1591089.0,11557524.3,561503100.9,1171650000.0
sz300067,安诺其,2013-03-01,7.3,7.47,7.28,7.41,7.3,1727939.0,12795592.5,569964106.53,1189305000.0
sz300067,安诺其,2013-03-04,7.41,7.41,7.07,7.12,7.41,1957946.0,14123427.8,547657818.96,1142760000.0
sz300067,安诺其,2013-03-05,7.11,7.31,7.08,7.27,7.12,1156661.0,8340926.7,559195553.91,1166835000.0
sz300067,安诺其,2013-03-06,7.29,7.54,7.24,7.48,7.27,2532842.0,18845164.4,575348382.84,1200540000.0
sz300067,安诺其,2013-03-07,7.46,7.58,7.34,7.44,7.48,1489637.0,11095804.4,572271653.52,1194120000.0
sz300067,安诺其,2013-03-08,7.41,7.49,7.38,7.43,7.44,807336.0,6008926.3,571502471.19,1192515000.0
sz300067,安诺其,2013-03-11,7.43,7.43,7.3,7.39,7.43,982953.0,7244922.6,568425741.87,1186095000.0
sz300067,安诺其,2013-03-12,7.38,7.49,6.99,7.11,7.39,2578180.0,18593879.7,546888636.63,1141155000.0
sz300067,安诺其,2013-03-13,7.1,7.1,6.88,7.0,7.11,915778.0,6386010.1,538427631.0,1123500000.0
sz300067,安诺其,2013-03-14,7.0,7.05,6.9,6.93,7.0,910122.0,6351938.4,533043354.69,1112265000.0
sz300067,安诺其,2013-03-15,6.93,7.09,6.83,7.03,6.93,837283.0,5854738.0,540735177.99,1128315000.0
sz300067,安诺其,2013-03-18,7.0,7.06,6.84,6.88,7.03,722223.0,5006645.5,529197443.04,1104240000.0
sz300067,安诺其,2013-03-19,6.93,6.93,6.72,6.85,6.88,580120.0,3960900.7,526889896.05,1099425000.0
sz300067,安诺其,2013-03-20,6.85,7.01,6.81,7.01,6.85,677906.0,4706013.0,539196813.33,1125105000.0
sz300067,安诺其,2013-03-21,7.04,7.14,7.01,7.08,7.01,1084337.0,7674550.1,544581089.64,1136340000.0
sz300067,安诺其,2013-03-22,7.04,7.13,7.03,7.1,7.08,720297.0,5100043.5,546119454.3,1139550000.0
sz300067,安诺其,2013-03-25,7.1,7.15,7.05,7.1,7.1,560864.0,3984988.4,546119454.3,1139550000.0
sz300067,安诺其,2013-03-26,7.11,7.11,6.86,7.0,7.1,946305.0,6580944.4,538427631.0,1123500000.0
sz300067,安诺其,2013-03-27,7.0,7.1,6.96,6.98,7.0,592401.0,4161110.1,536889266.34,1120290000.0
sz300067,安诺其,2013-03-28,6.96,6.96,6.83,6.84,6.98,750420.0,5154386.6,526120713.72,1097820000.0
sz300067,安诺其,2013-03-29,6.84,7.15,6.84,7.08,6.84,1401358.0,9851366.6,544581089.64,1136340000.0
sz300067,安诺其,2013-04-01,7.07,7.32,7.01,7.19,7.08,1578728.0,11344253.6,553042095.27,1153995000.0
sz300067,安诺其,2013-04-02,7.14,7.29,6.96,6.97,7.19,1056293.0,7501300.5,536120084.01,1118685000.0
sz300067,安诺其,2013-04-03,6.94,7.09,6.89,7.09,6.97,838060.0,5835833.7,545350271.97,1137945000.0
sz300067,安诺其,2013-04-08,7.4,7.4,7.0,7.27,7.09,3445581.0,24936699.0,559195553.91,1166835000.0
sz300067,安诺其,2013-04-09,7.23,7.9,7.15,7.8,7.27,7896407.0,59626827.5,599962217.4,1251900000.0
sz300067,安诺其,2013-04-10,7.74,7.74,7.28,7.46,7.8,6040395.0,45091841.1,573810018.18,1197330000.0
sz300067,安诺其,2013-04-11,7.43,7.44,7.25,7.38,7.46,2448053.0,17950552.8,567656559.54,1184490000.0
sz300067,安诺其,2013-04-12,7.34,7.36,7.12,7.17,7.38,2036953.0,14721441.8,551503730.61,1150785000.0
sz300067,安诺其,2013-04-15,7.04,7.12,6.93,6.93,7.17,1622352.0,11392068.5,533043354.69,1112265000.0
sz300067,安诺其,2013-04-16,6.87,6.99,6.82,6.97,6.93,1130387.0,7809902.6,536120084.01,1118685000.0
sz300067,安诺其,2013-04-17,6.96,7.18,6.87,7.11,6.97,1799313.0,12578779.9,546888636.63,1141155000.0
sz300067,安诺其,2013-04-18,7.11,7.11,6.97,7.03,7.11,1372629.0,9649043.4,540735177.99,1128315000.0
sz300067,安诺其,2013-04-19,6.98,7.15,6.96,7.07,7.03,1954991.0,13823663.2,543811907.31,1134735000.0
sz300067,安诺其,2013-04-22,7.03,7.23,7.02,7.18,7.07,1659379.0,11820354.1,1152390000.0,1152390000.0
sz300067,安诺其,2013-04-23,7.23,7.23,6.96,6.99,7.18,1603570.0,11326594.5,1121895000.0,1121895000.0
sz300067,安诺其,2013-04-24,7.01,7.13,6.97,7.09,6.99,1466083.0,10348321.0,1137945000.0,1137945000.0
sz300067,安诺其,2013-04-25,7.0,7.1,6.9,6.9,7.09,1285068.0,9006504.9,1107450000.0,1107450000.0
sz300067,安诺其,2013-04-26,6.94,6.95,6.74,6.74,6.9,901229.0,6175108.8,1081770000.0,1081770000.0
sz300067,安诺其,2013-05-02,6.75,6.86,6.75,6.8,6.74,924941.0,6283305.5,1091400000.0,1091400000.0
sz300067,安诺其,2013-05-03,6.8,7.0,6.79,6.93,6.8,999202.0,6929697.9,1112265000.0,1112265000.0
sz300067,安诺其,2013-05-06,6.95,7.11,6.95,7.11,6.93,1250852.0,8799349.9,1141155000.0,1141155000.0
sz300067,安诺其,2013-05-07,7.19,7.38,7.14,7.18,7.11,3196452.0,23135294.8,1152390000.0,1152390000.0
sz300067,安诺其,2013-05-08,7.14,7.2,7.06,7.19,7.18,1659660.0,11818273.2,1153995000.0,1153995000.0
sz300067,安诺其,2013-05-09,7.19,7.2,7.02,7.1,7.19,2098390.0,14911186.4,1139550000.0,1139550000.0
sz300067,安诺其,2013-05-10,7.1,7.2,7.06,7.19,7.1,1975211.0,14092444.6,1153995000.0,1153995000.0
sz300067,安诺其,2013-05-13,7.2,7.33,7.17,7.29,7.19,2377521.0,17248401.6,1170045000.0,1170045000.0
sz300067,安诺其,2013-05-14,7.29,7.29,7.08,7.22,7.29,1423588.0,10203902.4,1158810000.0,1158810000.0
sz300067,安诺其,2013-05-15,7.21,7.35,7.16,7.34,7.22,1571249.0,11449699.6,1178070000.0,1178070000.0
sz300067,安诺其,2013-05-16,7.35,7.42,7.28,7.28,7.34,2846660.0,20907692.2,1168440000.0,1168440000.0
sz300067,安诺其,2013-05-17,7.24,7.44,7.24,7.4,7.28,2084069.0,15329904.5,1187700000.0,1187700000.0
sz300067,安诺其,2013-05-20,7.36,7.56,7.36,7.53,7.4,2455336.0,18357123.2,1208565000.0,1208565000.0
sz300067,安诺其,2013-05-21,7.49,7.57,7.35,7.49,7.45,2577122.0,19236163.3,1202145000.0,1202145000.0
sz300067,安诺其,2013-05-22,7.49,7.69,7.4,7.48,7.49,2950069.0,22241467.8,1200540000.0,1200540000.0
sz300067,安诺其,2013-05-23,7.48,7.59,7.35,7.49,7.48,1956680.0,14643439.9,1202145000.0,1202145000.0
sz300067,安诺其,2013-05-24,7.49,7.68,7.46,7.65,7.49,2058748.0,15673231.3,1227825000.0,1227825000.0
sz300067,安诺其,2013-05-27,7.65,7.75,7.55,7.72,7.65,2356410.0,17968097.8,1239060000.0,1239060000.0
sz300067,安诺其,2013-05-28,7.7,7.72,7.49,7.55,7.72,2396725.0,18148827.7,1211775000.0,1211775000.0
sz300067,安诺其,2013-05-29,7.52,7.67,7.52,7.64,7.55,1889653.0,14381904.3,1226220000.0,1226220000.0
sz300067,安诺其,2013-05-30,7.65,7.65,7.43,7.5,7.64,2996939.0,22535675.7,1203750000.0,1203750000.0
sz300067,安诺其,2013-05-31,7.51,7.54,7.39,7.4,7.5,1874216.0,14025352.5,1187700000.0,1187700000.0
sz300067,安诺其,2013-06-03,7.45,7.65,7.38,7.62,7.4,3451712.0,26053790.5,1223010000.0,1223010000.0
sz300067,安诺其,2013-06-04,7.6,7.69,7.38,7.44,7.62,3051602.0,23002492.3,1194120000.0,1194120000.0
sz300067,安诺其,2013-06-05,7.39,7.62,7.3,7.59,7.44,2224385.0,16690242.6,1218195000.0,1218195000.0
sz300067,安诺其,2013-06-06,7.57,7.61,7.38,7.41,7.59,1386547.0,10372768.7,1189305000.0,1189305000.0
sz300067,安诺其,2013-06-07,7.4,7.48,7.22,7.23,7.41,1285419.0,9422395.9,1160415000.0,1160415000.0
sz300067,安诺其,2013-06-13,7.19,7.19,6.9,6.94,7.23,1249767.0,8710087.8,1113870000.0,1113870000.0
sz300067,安诺其,2013-06-14,6.91,7.05,6.91,7.05,6.94,830381.0,5819460.1,1131525000.0,1131525000.0
sz300067,安诺其,2013-06-17,7.05,7.11,6.89,6.91,7.05,1336708.0,9378253.3,1109055000.0,1109055000.0
sz300067,安诺其,2013-06-18,6.94,7.0,6.88,6.98,6.91,943226.0,6547589.6,1120290000.0,1120290000.0
sz300067,安诺其,2013-06-19,6.98,7.06,6.75,7.05,6.98,1067554.0,7355288.0,1131525000.0,1131525000.0
sz300067,安诺其,2013-06-20,7.02,7.1,6.85,6.85,7.05,831972.0,5827208.6,1099425000.0,1099425000.0
sz300067,安诺其,2013-06-21,6.81,7.08,6.6,6.98,6.85,1025835.0,7069590.3,1120290000.0,1120290000.0
sz300067,安诺其,2013-06-24,7.07,7.09,6.39,6.58,6.98,1525647.0,10378439.7,1056090000.0,1056090000.0
sz300067,安诺其,2013-06-25,6.58,6.73,6.07,6.49,6.58,1455169.0,9389839.8,1041645000.0,1041645000.0
sz300067,安诺其,2013-06-26,6.58,6.66,6.35,6.64,6.49,992869.0,6526405.3,1065720000.0,1065720000.0
sz300067,安诺其,2013-06-27,6.74,6.75,6.47,6.48,6.64,717627.0,4744167.7,1040040000.0,1040040000.0
sz300067,安诺其,2013-06-28,6.3,6.55,6.3,6.37,6.48,591481.0,3797605.4,1022385000.0,1022385000.0
sz300067,安诺其,2013-07-01,6.25,6.44,6.25,6.42,6.37,602484.0,3853044.6,1030410000.0,1030410000.0
sz300067,安诺其,2013-07-02,6.4,6.55,6.37,6.54,6.42,845409.0,5459663.7,1049670000.0,1049670000.0
sz300067,安诺其,2013-07-03,6.48,6.54,6.35,6.49,6.54,562990.0,3630947.8,1041645000.0,1041645000.0
sz300067,安诺其,2013-07-04,6.42,6.8,6.42,6.67,6.49,1243368.0,8300686.1,1070535000.0,1070535000.0
sz300067,安诺其,2013-07-05,6.62,6.82,6.6,6.68,6.67,942842.0,6375744.8,1072140000.0,1072140000.0
sz300067,安诺其,2013-07-08,6.58,6.66,6.39,6.43,6.68,964020.0,6296254.4,1032015000.0,1032015000.0
sz300067,安诺其,2013-07-09,6.5,6.52,6.35,6.49,6.43,454326.0,2928079.1,1041645000.0,1041645000.0
sz300067,安诺其,2013-07-10,6.39,6.69,6.39,6.69,6.49,782342.0,5150524.3,1073745000.0,1073745000.0
sz300067,安诺其,2013-07-11,6.69,6.89,6.63,6.89,6.69,1599412.0,10868278.8,1105845000.0,1105845000.0
sz300067,安诺其,2013-07-12,6.94,7.0,6.75,6.77,6.89,1684109.0,11562779.2,1086585000.0,1086585000.0
sz300067,安诺其,2013-07-15,6.9,6.97,6.7,6.93,6.77,1299595.0,8946152.0,1112265000.0,1112265000.0
sz300067,安诺其,2013-07-16,6.89,7.07,6.85,7.07,6.93,1383969.0,9644894.2,1134735000.0,1134735000.0
sz300067,安诺其,2013-07-17,7.04,7.13,6.9,6.94,7.07,1228243.0,8613953.8,1113870000.0,1113870000.0
sz300067,安诺其,2013-07-18,6.9,7.07,6.86,6.94,6.94,709176.0,4948961.1,1113870000.0,1113870000.0
sz300067,安诺其,2013-07-19,6.95,7.07,6.8,6.8,6.94,851080.0,5922164.4,1091400000.0,1091400000.0
sz300067,安诺其,2013-07-22,6.8,7.12,6.68,7.11,6.8,1185011.0,8205415.4,1141155000.0,1141155000.0
sz300067,安诺其,2013-07-23,7.1,7.29,7.06,7.22,7.11,2284209.0,16433232.1,1158810000.0,1158810000.0
sz300067,安诺其,2013-07-24,7.22,7.31,7.12,7.28,7.22,1519668.0,10978057.6,1168440000.0,1168440000.0
sz300067,安诺其,2013-07-25,7.28,7.28,7.0,7.02,7.28,1796240.0,12692033.5,1126710000.0,1126710000.0
sz300067,安诺其,2013-07-26,7.09,7.37,6.91,7.34,7.02,2624057.0,18798933.7,1178070000.0,1178070000.0
sz300067,安诺其,2013-07-29,7.31,7.43,7.2,7.22,7.34,2259443.0,16510965.0,1158810000.0,1158810000.0
sz300067,安诺其,2013-07-30,7.3,7.36,7.11,7.29,7.22,1588805.0,11566139.3,1170045000.0,1170045000.0
sz300067,安诺其,2013-07-31,7.43,7.47,7.16,7.18,7.29,3030988.0,22004200.8,1152390000.0,1152390000.0
sz300067,安诺其,2013-08-01,7.16,7.84,7.16,7.57,7.18,4442979.0,33553881.2,1214985000.0,1214985000.0
sz300067,安诺其,2013-08-02,7.52,7.67,7.42,7.44,7.57,2897621.0,21882966.5,1194120000.0,1194120000.0
sz300067,安诺其,2013-08-05,7.61,8.18,7.61,8.18,7.44,4172025.0,33463331.5,1312890000.0,1312890000.0
sz300067,安诺其,2013-08-06,8.45,9.0,8.42,8.98,8.18,15111865.0,131771515.7,1441290000.0,1441290000.0
sz300067,安诺其,2013-08-07,8.78,9.18,8.64,8.89,8.98,10847293.0,96230032.4,1426845000.0,1426845000.0
sz300067,安诺其,2013-08-08,8.8,9.38,8.65,9.35,8.89,10803659.0,99127020.2,1500675000.0,1500675000.0
sz300067,安诺其,2013-08-09,9.36,10.29,9.35,10.29,9.35,11002433.0,111865211.4,1651545000.0,1651545000.0
sz300067,安诺其,2013-08-12,10.99,11.32,10.78,11.32,10.29,21368784.0,237977628.1,1816860000.0,1816860000.0
sz300067,安诺其,2013-08-13,11.31,12.45,11.13,12.45,11.32,18166942.0,214482357.7,1998225000.0,1998225000.0
sz300067,安诺其,2013-08-14,12.52,13.16,12.0,12.69,12.45,18696065.0,233968727.5,2036745000.0,2036745000.0
sz300067,安诺其,2013-08-15,12.38,12.95,12.24,12.53,12.69,13334074.0,166734366.4,2011065000.0,2011065000.0
sz300067,安诺其,2013-08-16,12.31,12.94,11.89,12.03,12.53,13528277.0,167459864.4,1930815000.0,1930815000.0
sz300067,安诺其,2013-08-19,12.38,13.12,12.1,12.8,12.03,15407839.0,192686038.6,2054400000.0,2054400000.0
sz300067,安诺其,2013-08-20,12.68,12.96,12.17,12.59,12.8,12932884.0,162081545.2,2020695000.0,2020695000.0
sz300067,安诺其,2013-08-21,12.43,13.6,12.32,12.54,12.59,17249821.0,221980643.3,2012670000.0,2012670000.0
sz300067,安诺其,2013-08-22,12.36,13.79,12.31,13.79,12.54,14833146.0,191663157.3,2213295000.0,2213295000.0
sz300067,安诺其,2013-08-23,14.05,14.35,12.85,13.09,13.79,17448416.0,234840747.5,2100945000.0,2100945000.0
sz300067,安诺其,2013-08-26,12.8,13.3,12.7,13.02,13.09,8682216.0,112782801.5,2089710000.0,2089710000.0
sz300067,安诺其,2013-08-27,12.98,13.7,12.93,13.48,13.02,11434768.0,152785423.6,2163540000.0,2163540000.0
sz300067,安诺其,2013-08-28,13.28,13.58,12.72,12.86,13.48,10180341.0,134768314.5,2064030000.0,2064030000.0
sz300067,安诺其,2013-08-29,12.71,12.73,12.25,12.38,12.86,8946755.0,111399451.2,1986990000.0,1986990000.0
sz300067,安诺其,2013-08-30,12.47,12.66,11.76,11.93,12.38,9031195.0,110237898.5,1914765000.0,1914765000.0
sz300067,安诺其,2013-09-02,11.85,12.49,11.84,12.28,11.93,6735153.0,81946079.3,1970940000.0,1970940000.0
sz300067,安诺其,2013-09-03,12.14,12.5,11.81,12.34,12.28,7144313.0,87061833.0,1980570000.0,1980570000.0
sz300067,安诺其,2013-09-04,12.27,12.48,11.95,12.19,12.34,6588072.0,80455237.4,1956495000.0,1956495000.0
sz300067,安诺其,2013-09-05,12.17,12.4,11.63,12.4,12.19,8294209.0,99350806.1,1990200000.0,1990200000.0
sz300067,安诺其,2013-09-06,12.4,12.43,11.79,11.9,12.4,8554622.0,102844214.2,1909950000.0,1909950000.0
sz300067,安诺其,2013-09-09,11.68,12.5,11.5,12.07,11.9,10426144.0,124203501.0,1937235000.0,1937235000.0
sz300067,安诺其,2013-09-10,12.02,12.68,11.8,12.36,12.07,11636776.0,142791213.5,1983780000.0,1983780000.0
sz300067,安诺其,2013-09-11,12.13,12.13,11.12,11.64,12.36,15187199.0,172643178.0,1868220000.0,1868220000.0
sz300067,安诺其,2013-09-12,11.3,11.4,11.0,11.05,11.64,6480495.0,72673499.5,1773525000.0,1773525000.0
sz300067,安诺其,2013-09-13,10.91,11.38,10.91,11.19,11.05,4752520.0,53182276.1,1795995000.0,1795995000.0
sz300067,安诺其,2013-09-16,11.2,11.78,11.13,11.37,11.19,7542945.0,86397475.6,1824885000.0,1824885000.0
sz300067,安诺其,2013-09-18,11.31,11.77,11.0,11.17,11.37,6532125.0,74365158.8,1792785000.0,1792785000.0
sz300067,安诺其,2013-09-23,11.0,11.47,10.83,11.4,11.17,5638545.0,63131269.2,1829700000.0,1829700000.0
sz300067,安诺其,2013-09-24,11.34,11.48,11.05,11.31,11.4,5176821.0,58285353.2,1815255000.0,1815255000.0
sz300067,安诺其,2013-09-25,11.2,11.61,11.09,11.5,11.31,6853760.0,77877893.3,1845750000.0,1845750000.0
sz300067,安诺其,2013-09-26,11.45,11.47,10.7,10.73,11.5,5823827.0,64052791.1,1722165000.0,1722165000.0
sz300067,安诺其,2013-09-27,10.68,10.83,10.46,10.52,10.73,2945250.0,31127586.6,1688460000.0,1688460000.0
sz300067,安诺其,2013-09-30,10.5,10.8,10.5,10.7,10.52,2083570.0,22212491.1,1717350000.0,1717350000.0
sz300067,安诺其,2013-10-08,10.66,11.15,10.61,11.0,10.7,4098831.0,44924877.8,1765500000.0,1765500000.0
sz300067,安诺其,2013-10-09,11.0,11.55,10.91,11.21,11.0,5554708.0,62554546.4,1799205000.0,1799205000.0
sz300067,安诺其,2013-10-10,11.15,11.39,10.89,10.93,11.21,4184303.0,46451081.5,1754265000.0,1754265000.0
sz300067,安诺其,2013-10-11,10.91,11.98,10.91,11.88,10.93,12495182.0,145327545.6,1906740000.0,1906740000.0
sz300067,安诺其,2013-10-14,11.88,12.12,11.64,12.0,11.88,10444260.0,123777415.2,1926000000.0,1926000000.0
sz300067,安诺其,2013-10-15,11.95,12.34,11.7,11.92,12.0,7175040.0,86315490.4,1913160000.0,1913160000.0
sz300067,安诺其,2013-10-16,11.86,11.9,10.73,10.78,11.92,6973196.0,76585094.1,1730190000.0,1730190000.0
sz300067,安诺其,2013-10-17,10.76,10.78,10.08,10.12,10.78,5697269.0,59334722.6,1624260000.0,1624260000.0
sz300067,安诺其,2013-10-18,10.11,10.4,10.05,10.37,10.12,2881153.0,29358576.9,1664385000.0,1664385000.0
sz300067,安诺其,2013-10-21,10.43,10.59,10.28,10.55,10.37,3721207.0,38967700.9,1693275000.0,1693275000.0
sz300067,安诺其,2013-10-22,10.56,10.56,10.0,10.02,10.55,4687395.0,47779329.3,1608210000.0,1608210000.0
sz300067,安诺其,2013-10-23,10.0,10.07,9.54,9.6,10.02,3786154.0,37041113.6,1540800000.0,1540800000.0
sz300067,安诺其,2013-10-24,9.65,9.93,9.65,9.7,9.6,2752444.0,26984781.5,1556850000.0,1556850000.0
sz300067,安诺其,2013-10-25,9.67,9.84,9.5,9.71,9.7,2238858.0,21695547.7,1558455000.0,1558455000.0
sz300067,安诺其,2013-10-28,9.65,9.91,9.61,9.91,9.71,1956446.0,19204914.4,1590555000.0,1590555000.0
sz300067,安诺其,2013-10-29,9.95,10.04,9.18,9.54,9.91,2772901.0,26512488.7,1531170000.0,1531170000.0
sz300067,安诺其,2013-10-30,9.5,9.72,9.41,9.72,9.54,1777579.0,16980811.9,1560060000.0,1560060000.0
sz300067,安诺其,2013-10-31,9.7,9.7,9.45,9.6,9.72,1362264.0,13045373.2,1540800000.0,1540800000.0
sz300067,安诺其,2013-11-01,9.58,10.45,9.46,10.11,9.6,4597586.0,46052850.4,1622655000.0,1622655000.0
sz300067,安诺其,2013-11-04,9.93,10.25,9.93,10.08,10.11,3016466.0,30468385.5,1617840000.0,1617840000.0
sz300067,安诺其,2013-11-05,10.0,10.24,9.97,10.24,10.08,2638828.0,26741714.1,1643520000.0,1643520000.0
sz300067,安诺其,2013-11-06,10.15,10.3,10.0,10.01,10.24,2260907.0,22983948.3,1606605000.0,1606605000.0
sz300067,安诺其,2013-11-07,10.01,10.05,9.62,9.69,10.01,1452116.0,14350776.7,1555245000.0,1555245000.0
sz300067,安诺其,2013-11-08,9.69,9.97,9.52,9.76,9.69,1271134.0,12406919.4,1566480000.0,1566480000.0
sz300067,安诺其,2013-11-11,9.88,10.04,9.6,9.99,9.76,1360848.0,13430283.7,1603395000.0,1603395000.0
sz300067,安诺其,2013-11-12,10.0,10.24,9.96,10.19,9.99,1933497.0,19637288.8,1635495000.0,1635495000.0
sz300067,安诺其,2013-11-13,10.12,10.29,9.97,10.01,10.19,2308120.0,23397131.5,1606605000.0,1606605000.0
sz300067,安诺其,2013-11-14,10.0,10.26,9.79,10.25,10.01,2546840.0,25679124.6,1645125000.0,1645125000.0
sz300067,安诺其,2013-11-15,10.15,10.56,10.15,10.35,10.25,4150374.0,43253285.8,1661175000.0,1661175000.0
sz300067,安诺其,2013-11-18,10.36,10.75,10.26,10.61,10.35,2855675.0,30164698.7,1702905000.0,1702905000.0
sz300067,安诺其,2013-11-19,10.69,10.79,10.45,10.54,10.61,2456378.0,25962829.7,1691670000.0,1691670000.0
sz300067,安诺其,2013-11-20,10.5,10.66,10.4,10.54,10.54,1691796.0,17727057.1,1691670000.0,1691670000.0
sz300067,安诺其,2013-11-21,10.49,10.49,10.25,10.37,10.54,1849412.0,19094708.9,1664385000.0,1664385000.0
sz300067,安诺其,2013-11-22,10.37,10.75,10.31,10.75,10.37,3464516.0,36718202.8,1725375000.0,1725375000.0
sz300067,安诺其,2013-11-25,10.65,10.97,10.5,10.54,10.75,3185868.0,34292537.3,1691670000.0,1691670000.0
sz300067,安诺其,2013-11-26,10.5,10.63,10.41,10.48,10.54,1669999.0,17527388.0,1682040000.0,1682040000.0
sz300067,安诺其,2013-11-27,10.4,10.85,10.4,10.79,10.48,2765279.0,29632770.4,1731795000.0,1731795000.0
sz300067,安诺其,2013-11-28,10.77,11.87,10.75,11.87,10.79,4782509.0,55373994.6,1905135000.0,1905135000.0
sz300067,安诺其,2013-11-29,12.42,13.06,12.38,12.85,11.87,15685814.0,199967986.4,2062425000.0,2062425000.0
sz300067,安诺其,2013-12-02,11.65,12.77,11.65,12.0,12.85,11799201.0,144034804.7,1926000000.0,1926000000.0
sz300067,安诺其,2013-12-03,11.77,12.65,11.5,12.52,12.0,9427698.0,115558048.2,2009460000.0,2009460000.0
sz300067,安诺其,2013-12-04,12.52,12.98,12.18,12.18,12.52,10042748.0,126639144.7,1954890000.0,1954890000.0
sz300067,安诺其,2013-12-05,11.8,11.98,10.96,11.0,12.18,9865558.0,113207230.5,1765500000.0,1765500000.0
sz300067,安诺其,2013-12-06,10.9,11.2,10.89,10.99,11.0,4530009.0,50039379.8,1763895000.0,1763895000.0
sz300067,安诺其,2013-12-09,10.93,11.2,10.85,11.1,10.99,4054956.0,44820623.3,1781550000.0,1781550000.0
sz300067,安诺其,2013-12-10,11.11,11.16,10.76,11.05,11.1,3396524.0,37079505.4,1773525000.0,1773525000.0
sz300067,安诺其,2013-12-11,10.95,11.06,10.6,10.76,11.05,2684029.0,29145973.9,1726980000.0,1726980000.0
sz300067,安诺其,2013-12-12,10.78,11.04,10.77,10.86,10.76,2140753.0,23329233.5,1743030000.0,1743030000.0
sz300067,安诺其,2013-12-13,10.79,11.5,10.74,11.36,10.86,5365450.0,59638098.1,1823280000.0,1823280000.0
sz300067,安诺其,2013-12-16,11.21,11.29,10.74,10.74,11.36,4497200.0,49293479.7,1723770000.0,1723770000.0
sz300067,安诺其,2013-12-17,10.84,10.84,10.35,10.5,10.74,3028998.0,31900079.1,1685250000.0,1685250000.0
sz300067,安诺其,2013-12-18,10.43,10.55,10.32,10.52,10.5,1364191.0,14283965.2,1688460000.0,1688460000.0
sz300067,安诺其,2013-12-19,10.53,10.62,10.26,10.26,10.52,2132639.0,22204139.0,1646730000.0,1646730000.0
sz300067,安诺其,2013-12-20,10.25,10.32,10.04,10.09,10.26,1941581.0,19745107.3,1619445000.0,1619445000.0
sz300067,安诺其,2013-12-23,10.11,10.14,9.72,9.88,10.09,1579251.0,15582719.3,1585740000.0,1585740000.0
sz300067,安诺其,2013-12-24,9.88,10.1,9.73,9.97,9.88,1499595.0,14912236.8,1600185000.0,1600185000.0
sz300067,安诺其,2013-12-25,10.01,10.56,10.01,10.51,9.97,3526495.0,36444890.5,1686855000.0,1686855000.0
sz300067,安诺其,2013-12-26,10.51,10.51,10.1,10.11,10.51,2649619.0,27175158.1,1622655000.0,1622655000.0
sz300067,安诺其,2013-12-27,10.06,10.51,10.0,10.44,10.11,2574568.0,26564997.5,1675620000.0,1675620000.0
sz300067,安诺其,2013-12-30,10.51,10.66,10.42,10.55,10.44,2470749.0,26034238.7,1693275000.0,1693275000.0
sz300067,安诺其,2013-12-31,10.6,10.6,10.23,10.36,10.55,1719232.0,17884636.0,1662780000.0,1694543760.0
sz300067,安诺其,2014-01-02,10.3,10.82,10.3,10.74,10.36,3226943.0,34448012.0,1723770000.0,1756698840.0
sz300067,安诺其,2014-01-03,10.7,11.09,10.57,11.08,10.74,4665411.0,50489418.9,1778340000.0,1812311280.0
sz300067,安诺其,2014-01-06,11.11,11.15,10.63,10.8,11.08,3110382.0,33710353.3,1733400000.0,1766512800.0
sz300067,安诺其,2014-01-07,10.9,11.88,10.65,11.88,10.8,7138590.0,82069917.5,1906740000.0,1943164080.0
sz300067,安诺其,2014-01-08,12.32,12.65,11.95,12.26,11.88,15159975.0,185691071.0,1967730000.0,2005319160.0
sz300067,安诺其,2014-01-09,12.13,12.6,11.03,11.1,12.26,13460293.0,160232555.8,1781550000.0,1815582600.0
sz300067,安诺其,2014-01-10,10.89,10.97,10.28,10.36,11.1,7381039.0,78398879.2,1662780000.0,1694543760.0
sz300067,安诺其,2014-01-13,10.41,10.66,10.32,10.33,10.36,4025982.0,41934976.0,1657965000.0,1689636780.0
sz300067,安诺其,2014-01-14,10.34,10.8,10.34,10.76,10.33,4516722.0,47803942.2,1726980000.0,1759970160.0
sz300067,安诺其,2014-01-15,10.64,11.16,10.6,11.16,10.76,5336047.0,58420114.2,1791180000.0,1825396560.0
sz300067,安诺其,2014-01-16,11.18,11.45,10.9,11.24,11.16,4756401.0,53016776.8,1804020000.0,1838481840.0
sz300067,安诺其,2014-01-17,11.15,11.45,11.06,11.25,11.24,4039485.0,45683767.0,1805625000.0,1840117500.0
sz300067,安诺其,2014-01-20,11.14,11.29,10.68,10.79,11.25,2769558.0,30332083.2,1731795000.0,1764877140.0
sz300067,安诺其,2014-01-21,10.7,11.37,10.7,11.35,10.79,3556481.0,39617924.7,1821675000.0,1856474100.0
sz300067,安诺其,2014-01-22,11.3,11.89,11.22,11.54,11.35,5958585.0,68899578.1,1852170000.0,1887551640.0
sz300067,安诺其,2014-01-23,11.54,11.86,11.38,11.79,11.54,5473980.0,63916288.8,1892295000.0,1928443140.0
sz300067,安诺其,2014-01-24,11.7,11.88,11.55,11.71,11.79,4310081.0,50533103.9,1879455000.0,1915357860.0
sz300067,安诺其,2014-01-27,11.55,11.8,11.36,11.45,11.71,3348532.0,38888999.0,1837725000.0,1872830700.0
sz300067,安诺其,2014-01-28,11.47,11.65,11.12,11.25,11.45,2941729.0,33179980.2,1805625000.0,1840117500.0
sz300067,安诺其,2014-01-29,11.25,11.92,11.22,11.86,11.25,4534902.0,52657635.9,1903530000.0,1939892760.0
sz300067,安诺其,2014-01-30,11.95,11.95,11.42,11.49,11.86,2812383.0,32718208.1,1844145000.0,1879373340.0
sz300067,安诺其,2014-02-07,11.38,12.09,11.32,12.01,11.49,5194909.0,61683884.9,1927605000.0,1964427660.0
sz300067,安诺其,2014-02-10,12.01,12.51,12.01,12.26,12.01,6655646.0,81734299.4,1967730000.0,2005319160.0
sz300067,安诺其,2014-02-11,12.27,12.37,11.88,11.98,12.26,5627830.0,68014830.7,1922790000.0,1959520680.0
sz300067,安诺其,2014-02-12,12.02,12.49,11.97,12.4,11.98,5118194.0,62719178.8,1990200000.0,2028218400.0
sz300067,安诺其,2014-02-13,12.43,13.08,12.1,12.22,12.4,8711435.0,110311791.6,1961310000.0,1998776520.0
sz300067,安诺其,2014-02-14,12.16,12.6,12.06,12.6,12.22,6981754.0,85930168.2,2022300000.0,2060931600.0
sz300067,安诺其,2014-02-17,12.8,12.99,12.52,12.79,12.6,6516571.0,83078292.4,2052795000.0,2092009140.0
sz300067,安诺其,2014-02-18,12.69,12.75,12.41,12.52,12.79,5575201.0,70189721.7,2009460000.0,2047846320.0
sz300067,安诺其,2014-02-19,12.85,13.17,12.61,12.93,12.52,9012557.0,115781239.6,2075265000.0,2114908380.0
sz300067,安诺其,2014-02-20,13.08,13.28,12.59,12.91,12.93,9398028.0,121457610.6,2072055000.0,2111637060.0
sz300067,安诺其,2014-02-21,12.78,12.87,12.16,12.42,12.91,5519160.0,69243504.7,1993410000.0,2031489720.0
sz300067,安诺其,2014-02-24,12.32,12.48,11.91,12.44,12.42,3435279.0,41651589.3,1996620000.0,2034761040.0
sz300067,安诺其,2014-02-25,13.68,13.68,13.2,13.68,12.44,15731877.0,214258875.4,2195640000.0,2237582880.0
sz300067,安诺其,2014-02-26,13.77,14.27,13.31,14.27,13.68,18805580.0,261100223.1,2290335000.0,2334086820.0
sz300067,安诺其,2014-02-27,14.15,14.15,12.84,13.0,14.27,12010709.0,163660199.6,2086500000.0,2126358000.0
sz300067,安诺其,2014-02-28,12.56,12.93,12.45,12.78,13.0,6479324.0,81941059.3,2051190000.0,2090373480.0
sz300067,安诺其,2014-03-03,12.65,13.28,12.56,13.28,12.78,4658467.0,60890557.8,2131440000.0,2172156480.0
sz300067,安诺其,2014-03-04,13.19,13.19,12.89,13.06,13.28,3672832.0,47841873.5,2096130000.0,2136171960.0
sz300067,安诺其,2014-03-05,13.19,13.26,12.87,12.91,13.06,3499464.0,45526010.9,2072055000.0,2111637060.0
sz300067,安诺其,2014-03-06,12.8,13.7,12.75,13.69,12.91,7034958.0,93832682.0,2197245000.0,2239218540.0
sz300067,安诺其,2014-03-07,13.45,14.15,13.43,13.65,13.69,6452234.0,89030013.4,2190825000.0,2232675900.0
sz300067,安诺其,2014-03-10,13.6,14.1,13.18,13.36,13.65,5998263.0,82466264.2,2144280000.0,2185241760.0
sz300067,安诺其,2014-03-11,13.19,14.06,13.16,14.06,13.36,6466202.0,88399408.2,2256630000.0,2299737960.0
sz300067,安诺其,2014-03-12,14.1,15.4,13.81,14.75,14.06,12688953.0,187083012.1,2367375000.0,2412598500.0
sz300067,安诺其,2014-03-13,14.62,15.05,14.48,15.0,14.75,6918157.0,102345847.0,2407500000.0,2453490000.0
sz300067,安诺其,2014-03-14,14.9,16.0,14.7,15.61,15.0,9325664.0,145428147.7,2505405000.0,2553265260.0
sz300067,安诺其,2014-03-17,15.66,17.17,15.66,17.17,15.61,9091560.0,152806052.5,2755785000.0,2808428220.0
sz300067,安诺其,2014-03-18,18.0,18.7,17.23,17.86,17.17,21876536.0,389792578.0,2866530000.0,2921288760.0
sz300067,安诺其,2014-03-19,17.48,17.72,16.9,17.25,17.86,14583127.0,251362668.4,2768625000.0,2821513500.0
sz300067,安诺其,2014-03-20,17.0,17.45,15.66,15.87,17.25,16104477.0,268610662.5,2547135000.0,2595792420.0
sz300067,安诺其,2014-03-21,15.87,16.0,15.13,15.8,15.87,10375217.0,161628654.0,2535900000.0,2584342800.0
sz300067,安诺其,2014-03-24,15.55,16.34,15.55,16.0,15.8,8236369.0,131350119.6,2568000000.0,2617056000.0
sz300067,安诺其,2014-03-25,15.85,16.22,15.15,16.22,16.0,8539654.0,134310820.6,2603310000.0,2653040520.0
sz300067,安诺其,2014-03-26,16.4,17.25,15.92,17.0,16.22,13487967.0,223421946.0,2728500000.0,2780622000.0
sz300067,安诺其,2014-03-27,16.82,16.83,15.3,15.3,17.0,8980340.0,144197981.9,2455650000.0,2502559800.0
sz300067,安诺其,2014-03-28,14.99,15.66,14.55,14.85,15.3,5967057.0,89789592.6,2383425000.0,2428955100.0
sz300067,安诺其,2014-03-31,15.2,15.87,14.85,15.61,14.85,6423495.0,99852641.8,2505405000.0,2553265260.0
sz300067,安诺其,2014-04-01,15.69,16.23,15.38,15.74,15.61,5976795.0,94835714.6,2526270000.0,2574528840.0
sz300067,安诺其,2014-04-02,15.62,16.23,15.56,15.92,15.74,5498221.0,87682462.6,2555160000.0,2603970720.0
sz300067,安诺其,2014-04-03,15.84,16.45,15.72,16.21,15.92,6247146.0,101197175.5,2601705000.0,2651404860.0
sz300067,安诺其,2014-04-04,16.28,16.63,16.04,16.5,16.21,5225590.0,85482055.0,2648250000.0,2698839000.0
sz300067,安诺其,2014-04-08,16.4,16.83,16.16,16.71,16.5,5746761.0,94874887.2,2681955000.0,2733187860.0
sz300067,安诺其,2014-04-09,16.63,18.38,16.55,18.09,16.71,12696395.0,222819540.2,2903445000.0,2958908940.0
sz300067,安诺其,2014-04-10,17.84,18.33,17.38,17.49,18.09,9736815.0,174899454.3,2807145000.0,2860769340.0
sz300067,安诺其,2014-04-11,17.3,18.19,17.3,17.82,17.49,6457862.0,115176582.3,2860110000.0,2914746120.0
sz300067,安诺其,2014-04-14,17.79,18.33,17.42,18.09,17.82,5184711.0,92849882.3,2903445000.0,2958908940.0
sz300067,安诺其,2014-04-15,18.12,18.19,17.56,17.63,18.09,4592693.0,81689086.0,2829615000.0,2883668580.0
sz300067,安诺其,2014-04-16,17.45,17.65,16.75,16.89,17.63,5725437.0,97756172.9,2710845000.0,2762629740.0
sz300067,安诺其,2014-04-17,16.95,17.3,16.9,17.06,16.89,3626588.0,62152416.7,2738130000.0,2790435960.0
sz300067,安诺其,2014-04-18,16.98,18.15,16.85,18.14,17.06,7718261.0,137681710.2,2911470000.0,2967087240.0
sz300067,安诺其,2014-04-21,18.01,18.85,17.75,17.97,18.14,7449689.0,136121780.4,2884185000.0,2939281020.0
sz300067,安诺其,2014-04-22,18.05,18.1,16.69,17.65,17.97,5925732.0,102892188.7,2832825000.0,2886939900.0
sz300067,安诺其,2014-04-23,17.63,17.63,17.0,17.15,17.65,2701454.0,46601334.8,2752575000.0,2805156900.0
sz300067,安诺其,2014-04-24,17.2,17.58,16.72,17.28,17.15,4337283.0,74655675.0,2773440000.0,2826420480.0
sz300067,安诺其,2014-04-25,17.3,17.97,17.11,17.22,17.28,4497646.0,79056436.2,2763810000.0,2816606520.0
sz300067,安诺其,2014-04-28,16.88,16.88,15.7,15.83,17.22,5319814.0,85443523.4,2540715000.0,2589249780.0
sz300067,安诺其,2014-04-29,15.62,16.29,15.62,16.29,15.83,2418120.0,38724544.2,2614545000.0,2664490140.0
sz300067,安诺其,2014-04-30,16.26,16.43,15.89,16.08,16.29,2614915.0,42101308.3,2580840000.0,2630141280.0
sz300067,安诺其,2014-05-05,16.14,17.1,16.03,17.1,16.08,4361771.0,72623032.2,2744550000.0,2796978600.0
sz300067,安诺其,2014-05-06,17.19,17.44,16.95,17.3,17.1,4066781.0,69996051.0,2776650000.0,2829691800.0
sz300067,安诺其,2014-05-07,17.4,17.97,17.01,17.02,17.3,5171145.0,90600545.1,2731710000.0,2783893320.0
sz300067,安诺其,2014-05-08,16.79,17.27,16.48,16.75,17.02,3205701.0,54258813.7,2688375000.0,2739730500.0
sz300067,安诺其,2014-05-09,16.7,16.89,15.96,16.58,16.75,3768857.0,61794302.8,2661090000.0,2711924280.0
sz300067,安诺其,2014-05-12,16.71,18.23,16.3,17.7,16.58,8219642.0,143895804.9,2840850000.0,2895118200.0
sz300067,安诺其,2014-05-13,8.73,8.84,8.26,8.28,8.8,12754886.0,108657175.2,2657880000.0,2708652960.0
sz300067,安诺其,2014-05-14,8.31,9.11,8.18,9.11,8.28,15410545.0,137897640.1,2924310000.0,2980172520.0
sz300067,安诺其,2014-05-15,9.17,9.6,8.85,8.97,9.11,37546652.0,349049234.1,2879370000.0,2934374040.0
sz300067,安诺其,2014-05-16,8.7,8.83,8.32,8.61,8.97,20051775.0,172298228.6,2763810000.0,2816606520.0
sz300067,安诺其,2014-05-19,8.54,8.94,8.45,8.73,8.61,13969413.0,121930042.6,2802330000.0,2855862360.0
sz300067,安诺其,2014-05-20,8.82,9.1,8.6,8.8,8.73,12379095.0,109472534.9,2824800000.0,2878761600.0
sz300067,安诺其,2014-05-21,8.7,8.88,8.36,8.82,8.8,9036726.0,78179934.0,2831220000.0,2885304240.0
sz300067,安诺其,2014-05-22,8.72,9.11,8.65,8.69,8.82,13727733.0,122048976.9,2789490000.0,2842777080.0
sz300067,安诺其,2014-05-23,8.6,8.78,8.41,8.75,8.69,11394451.0,97860220.2,2808750000.0,2862405000.0
sz300067,安诺其,2014-05-26,8.74,8.85,8.65,8.75,8.75,8425110.0,73456344.0,2808750000.0,2862405000.0
sz300067,安诺其,2014-05-27,8.76,9.14,8.7,9.08,8.75,17074190.0,152744876.2,2914680000.0,2970358560.0
sz300067,安诺其,2014-05-28,9.03,9.1,8.82,9.08,9.08,12531028.0,112300519.9,2914680000.0,2970358560.0
sz300067,安诺其,2014-05-29,8.99,9.06,8.66,8.67,9.08,10835895.0,95558181.9,2783070000.0,2836234440.0
sz300067,安诺其,2014-05-30,8.68,8.83,8.55,8.56,8.67,8259152.0,71754481.9,2747760000.0,2800249920.0
sz300067,安诺其,2014-06-03,8.6,8.7,8.48,8.55,8.56,6022693.0,51740696.1,2744550000.0,2796978600.0
sz300067,安诺其,2014-06-04,8.51,8.51,8.24,8.39,8.55,7112979.0,59386507.0,2693190000.0,2744637480.0
sz300067,安诺其,2014-06-05,8.39,8.59,8.32,8.58,8.39,5702869.0,48330617.0,2754180000.0,2806792560.0
sz300067,安诺其,2014-06-06,8.6,8.84,8.52,8.74,8.58,8835430.0,76806481.8,2805540000.0,2859133680.0
sz300067,安诺其,2014-06-09,8.7,8.77,8.5,8.52,8.74,5476496.0,47071559.0,2734920000.0,2787164640.0
sz300067,安诺其,2014-06-10,8.52,8.67,8.36,8.67,8.52,5856841.0,50068540.0,2783070000.0,2836234440.0
sz300067,安诺其,2014-06-11,8.65,8.65,8.39,8.46,8.67,8180117.0,69359142.5,2715660000.0,2767536720.0
sz300067,安诺其,2014-06-12,8.41,8.46,8.32,8.35,8.46,5527652.0,46293342.4,2680350000.0,2731552200.0
sz300067,安诺其,2014-06-13,8.33,8.49,8.33,8.45,8.35,5493171.0,46428295.7,2712450000.0,2764265400.0
sz300067,安诺其,2014-06-16,8.44,8.69,8.38,8.63,8.45,8643206.0,73700991.9,2770230000.0,2823149160.0
sz300067,安诺其,2014-06-17,8.58,8.58,8.42,8.44,8.63,5304210.0,45019174.0,2709240000.0,2760994080.0
sz300067,安诺其,2014-06-18,8.44,8.48,8.13,8.15,8.44,5969644.0,49509603.1,2616150000.0,2666125800.0
sz300067,安诺其,2014-06-19,8.2,8.21,7.68,7.89,8.15,6536367.0,51844890.9,2532690000.0,2581071480.0
sz300067,安诺其,2014-06-20,7.91,8.04,7.84,8.0,7.89,3928351.0,31297533.1,2568000000.0,2617056000.0
sz300067,安诺其,2014-06-23,8.07,8.14,7.97,8.01,8.0,3598025.0,28937904.6,2571210000.0,2620327320.0
sz300067,安诺其,2014-06-24,8.01,8.03,7.95,8.02,8.01,2636426.0,21095682.0,2574420000.0,2623598640.0
sz300067,安诺其,2014-06-25,8.02,8.17,8.01,8.08,8.02,3264939.0,26335388.7,2593680000.0,2643226560.0
sz300067,安诺其,2014-06-26,8.16,8.34,8.06,8.31,8.08,10529713.0,86660857.0,2667510000.0,2718466920.0
sz300067,安诺其,2014-06-27,8.21,8.33,8.12,8.19,8.31,6784936.0,55698317.4,2628990000.0,2679211080.0
sz300067,安诺其,2014-06-30,8.2,8.25,8.12,8.24,8.19,4435738.0,36317036.7,2645040000.0,2695567680.0
sz300067,安诺其,2014-07-01,8.22,8.24,8.14,8.21,8.24,4271302.0,34927317.1,2635410000.0,2685753720.0
sz300067,安诺其,2014-07-02,8.21,8.26,8.13,8.22,8.21,4760720.0,39013011.0,2638620000.0,2689025040.0
sz300067,安诺其,2014-07-03,8.2,8.27,8.16,8.2,8.22,4526780.0,37155740.1,2632200000.0,2682482400.0
sz300067,安诺其,2014-07-04,8.2,8.22,8.07,8.1,8.2,5098041.0,41459780.4,2600100000.0,2649769200.0
sz300067,安诺其,2014-07-07,8.6,8.91,8.38,8.91,8.1,26325531.0,230139470.4,2860110000.0,2914746120.0
sz300067,安诺其,2014-07-08,9.01,9.8,8.9,9.64,8.91,48339238.0,452732798.5,3094440000.0,3153552480.0
sz300067,安诺其,2014-07-09,9.41,9.59,9.16,9.22,9.64,24166012.0,225919714.6,2959620000.0,3016157040.0
sz300067,安诺其,2014-07-10,9.2,9.54,9.1,9.25,9.22,14905499.0,139107950.4,2969250000.0,3025971000.0
sz300067,安诺其,2014-07-11,9.25,9.34,9.05,9.19,9.25,9685438.0,89209178.7,2949990000.0,3006343080.0
sz300067,安诺其,2014-07-14,9.21,9.24,8.91,9.16,9.19,9744328.0,88166731.8,2940360000.0,2996529120.0
sz300067,安诺其,2014-07-15,9.12,9.12,8.95,9.11,9.16,7994775.0,72178582.4,2924310000.0,2980172520.0
sz300067,安诺其,2014-07-16,9.09,9.2,8.98,9.2,9.11,7812660.0,71137098.0,2953200000.0,3009614400.0
sz300067,安诺其,2014-07-17,9.22,9.34,8.94,8.99,9.2,5911639.0,53744381.2,2885790000.0,2940916680.0
sz300067,安诺其,2014-07-18,8.92,9.03,8.91,8.92,8.99,3900625.0,34881596.9,2863320000.0,2918017440.0
sz300067,安诺其,2014-07-21,8.92,8.96,8.62,8.83,8.92,4624856.0,40762282.7,2834430000.0,2888575560.0
sz300067,安诺其,2014-07-22,8.83,8.92,8.75,8.86,8.83,3972399.0,35185828.2,2844060000.0,2898389520.0
sz300067,安诺其,2014-07-23,8.81,8.88,8.37,8.46,8.86,7917578.0,68059294.5,2715660000.0,2767536720.0
sz300067,安诺其,2014-07-24,8.43,8.48,8.19,8.24,8.46,6326227.0,52314526.3,2645040000.0,2695567680.0
sz300067,安诺其,2014-07-25,8.26,8.4,8.23,8.3,8.24,3434941.0,28500917.7,2664300000.0,2715195600.0
sz300067,安诺其,2014-07-28,8.3,9.01,8.3,9.0,8.3,9239203.0,80246563.7,2889000000.0,2944188000.0
sz300067,安诺其,2014-07-29,9.0,9.07,8.86,8.96,9.0,7224246.0,64783881.9,2876160000.0,2931102720.0
sz300067,安诺其,2014-07-30,8.86,9.2,8.86,8.98,8.96,7669494.0,69560870.5,2882580000.0,2937645360.0
sz300067,安诺其,2014-07-31,9.08,9.19,8.93,9.16,8.98,7698058.0,70169578.0,2940360000.0,2996529120.0
sz300067,安诺其,2014-08-01,9.14,9.25,8.97,9.08,9.16,8078030.0,73688026.2,2914680000.0,2970358560.0
sz300067,安诺其,2014-08-04,9.3,9.54,9.14,9.19,9.08,12978497.0,120610651.1,2949990000.0,3006343080.0
sz300067,安诺其,2014-08-05,9.25,9.28,8.95,9.18,9.19,8935539.0,81407315.5,2946780000.0,3003071760.0
sz300067,安诺其,2014-08-06,9.11,9.29,9.11,9.2,9.18,7660434.0,70521082.7,2953200000.0,3009614400.0
sz300067,安诺其,2014-08-07,9.2,9.2,9.01,9.01,9.2,7045408.0,64114184.1,2892210000.0,2947459320.0
sz300067,安诺其,2014-08-08,9.0,9.07,8.99,9.05,9.01,4376517.0,39502796.5,2905050000.0,2960544600.0
sz300067,安诺其,2014-08-11,9.08,9.12,9.03,9.08,9.05,5202774.0,47244567.0,2914680000.0,2970358560.0
sz300067,安诺其,2014-08-12,9.08,9.17,9.04,9.12,9.08,5690410.0,51834542.6,2927520000.0,2983443840.0
sz300067,安诺其,2014-08-13,9.12,9.17,9.02,9.14,9.12,5553405.0,50567381.0,2933940000.0,2989986480.0
sz300067,安诺其,2014-08-14,9.14,9.17,9.06,9.08,9.14,5523088.0,50350416.2,2914680000.0,2970358560.0
sz300067,安诺其,2014-08-15,9.08,9.24,9.06,9.21,9.08,7191780.0,65935929.4,2956410000.0,3012885720.0
sz300067,安诺其,2014-08-18,9.22,9.52,9.22,9.47,9.21,11910338.0,112015180.6,3039870000.0,3097940040.0
sz300067,安诺其,2014-08-19,9.41,9.5,9.31,9.44,9.47,9133400.0,85840910.1,3030240000.0,3088126080.0
sz300067,安诺其,2014-08-20,9.42,9.8,9.35,9.58,9.44,14352840.0,137866040.0,3075180000.0,3133924560.0
sz300067,安诺其,2014-08-21,9.55,9.55,9.35,9.5,9.58,7186749.0,67828196.0,3049500000.0,3107754000.0
sz300067,安诺其,2014-08-22,9.5,9.68,9.46,9.65,9.5,8344492.0,79972575.1,3097650000.0,3156823800.0
sz300067,安诺其,2014-08-25,9.65,9.84,9.6,9.79,9.65,10532242.0,102689303.8,3142590000.0,3202622280.0
sz300067,安诺其,2014-08-26,9.75,9.75,9.16,9.27,9.79,10125345.0,95577686.0,2975670000.0,3032513640.0
sz300067,安诺其,2014-08-27,9.27,9.39,9.18,9.31,9.27,5427093.0,50303351.4,2988510000.0,3045598920.0
sz300067,安诺其,2014-08-28,9.31,9.31,9.03,9.05,9.31,5560479.0,50861486.4,2905050000.0,2960544600.0
sz300067,安诺其,2014-08-29,9.05,9.2,9.05,9.15,9.05,2710590.0,24790277.5,2937150000.0,2993257800.0
sz300067,安诺其,2014-09-01,9.17,9.37,9.16,9.37,9.15,4110050.0,38269616.9,3007770000.0,3065226840.0
sz300067,安诺其,2014-09-02,9.48,9.5,9.38,9.49,9.37,6123429.0,57801561.2,3046290000.0,3104482680.0
sz300067,安诺其,2014-09-03,9.51,9.53,9.36,9.49,9.49,7328533.0,69230406.5,3046290000.0,3104482680.0
sz300067,安诺其,2014-09-04,9.48,9.64,9.41,9.63,9.49,8501367.0,81283292.8,3091230000.0,3150281160.0
sz300067,安诺其,2014-09-05,9.7,9.74,9.48,9.62,9.63,8188649.0,78592372.1,3088020000.0,3147009840.0
sz300067,安诺其,2014-09-09,9.63,9.66,9.43,9.62,9.62,8001770.0,76388863.5,3088020000.0,3147009840.0
sz300067,安诺其,2014-09-10,9.58,10.0,9.5,10.0,9.62,15129858.0,147962429.7,3210000000.0,3271320000.0
sz300067,安诺其,2014-09-11,10.0,10.49,9.96,10.18,10.0,20357659.0,209201386.2,3267780000.0,3330203760.0
sz300067,安诺其,2014-09-12,10.05,10.35,10.01,10.33,10.18,9685246.0,98866027.4,3315930000.0,3379273560.0
sz300067,安诺其,2014-09-15,10.33,10.51,10.15,10.4,10.33,9924045.0,102440285.7,3338400000.0,3402172800.0
sz300067,安诺其,2014-09-16,10.4,10.4,9.78,9.79,10.4,12140206.0,122612190.1,3142590000.0,3202622280.0
sz300067,安诺其,2014-09-17,9.8,9.95,9.63,9.87,9.79,6234853.0,61114809.5,3168270000.0,3228792840.0
sz300067,安诺其,2014-09-18,9.86,9.94,9.76,9.78,9.87,5001045.0,49181172.2,3139380000.0,3199350960.0
sz300067,安诺其,2014-09-19,9.8,10.25,9.73,10.21,9.78,8424356.0,84433643.0,3277410000.0,3340017720.0
sz300067,安诺其,2014-09-22,10.2,10.47,10.1,10.16,10.21,10577918.0,108984946.3,3261360000.0,3323661120.0
sz300067,安诺其,2014-09-23,10.2,10.41,10.11,10.4,10.16,7301405.0,74940518.0,3338400000.0,3402172800.0
sz300067,安诺其,2014-09-24,10.33,10.45,10.28,10.4,10.4,8449386.0,87723324.6,3338400000.0,3402172800.0
sz300067,安诺其,2014-09-25,10.46,10.58,10.15,10.2,10.4,8326452.0,86111120.2,3274200000.0,3336746400.0
sz300067,安诺其,2014-09-26,10.21,10.5,10.21,10.29,10.2,5986562.0,61988445.5,3303090000.0,3366188280.0
sz300067,安诺其,2014-09-29,10.3,10.46,10.22,10.34,10.29,7161993.0,73901695.1,3319140000.0,3382544880.0
sz300067,安诺其,2014-09-30,10.38,10.4,10.23,10.35,10.34,5919542.0,61013689.8,3322350000.0,3385816200.0
sz300067,安诺其,2014-10-08,10.37,11.08,10.33,10.95,10.35,14828631.0,158776076.3,3514950000.0,3582095400.0
sz300067,安诺其,2014-10-09,10.93,10.97,10.62,10.93,10.95,11096726.0,120059780.9,3508530000.0,3575552760.0
sz300067,安诺其,2014-10-10,10.8,11.25,10.73,11.06,10.93,11662826.0,128896411.3,3550260000.0,3618079920.0
sz300067,安诺其,2014-10-13,11.3,12.03,11.02,11.67,11.06,18991152.0,219376239.1,3746070000.0,3817630440.0
sz300067,安诺其,2014-10-14,11.67,11.68,11.28,11.38,11.67,12163516.0,139572013.9,3652980000.0,3722762160.0
sz300067,安诺其,2014-10-15,11.35,11.55,11.2,11.43,11.38,7590729.0,86260513.7,3669030000.0,3739118760.0
sz300067,安诺其,2014-10-16,11.26,11.3,10.89,10.93,11.43,9276549.0,103425286.5,3508530000.0,3575552760.0
sz300067,安诺其,2014-10-17,10.89,10.89,10.26,10.66,10.93,8209595.0,86864199.5,3421860000.0,3487227120.0
sz300067,安诺其,2014-10-20,10.63,10.97,10.58,10.89,10.66,4562064.0,49487341.6,3495690000.0,3562467480.0
sz300067,安诺其,2014-10-21,10.89,11.09,10.8,10.91,10.89,5038792.0,55046839.9,3502110000.0,3569010120.0
sz300067,安诺其,2014-10-22,10.88,10.88,10.37,10.44,10.91,6013839.0,63880988.7,3351240000.0,3415258080.0
sz300067,安诺其,2014-10-23,10.38,10.4,10.05,10.15,10.44,5268383.0,53795398.4,3258150000.0,3320389800.0
sz300067,安诺其,2014-10-24,10.11,10.43,10.1,10.21,10.15,3264109.0,33568757.7,3277410000.0,3340017720.0
sz300067,安诺其,2014-10-27,10.16,10.43,10.12,10.31,10.21,3612308.0,37239509.3,3309510000.0,3372730920.0
sz300067,安诺其,2014-10-28,10.34,10.64,10.34,10.61,10.31,4675563.0,49154227.3,3405810000.0,3470870520.0
sz300067,安诺其,2014-10-29,10.63,10.88,10.63,10.74,10.61,5707127.0,61286054.8,3447540000.0,3513397680.0
sz300067,安诺其,2014-10-30,10.74,10.78,10.53,10.58,10.74,5662804.0,60325327.8,3396180000.0,3461056560.0
sz300067,安诺其,2014-10-31,10.62,10.77,10.5,10.67,10.58,5496793.0,58451125.4,3425070000.0,3490498440.0
sz300067,安诺其,2014-11-03,10.68,10.8,10.62,10.7,10.67,4686797.0,50189904.2,3434700000.0,3500312400.0
sz300067,安诺其,2014-11-04,10.6,10.68,10.39,10.39,10.7,5366044.0,56254504.4,3335190000.0,3398901480.0
sz300067,安诺其,2014-11-05,10.39,10.42,10.23,10.31,10.39,3430603.0,35437512.5,3309510000.0,3372730920.0
sz300067,安诺其,2014-11-06,10.31,10.44,10.24,10.44,10.31,3529230.0,36497077.3,3351240000.0,3415258080.0
sz300067,安诺其,2014-11-07,10.41,10.59,10.18,10.26,10.44,5136635.0,53590659.8,3293460000.0,3356374320.0
sz300067,安诺其,2014-11-10,10.24,10.33,10.2,10.28,10.26,3237165.0,33218762.7,3299880000.0,3362916960.0
sz300067,安诺其,2014-11-11,10.3,10.32,9.65,9.73,10.28,6935159.0,68864432.5,3123330000.0,3182994360.0
sz300067,安诺其,2014-11-12,9.71,9.86,9.61,9.86,9.73,3510827.0,34193599.7,3165060000.0,3225521520.0
sz300067,安诺其,2014-11-13,9.83,9.83,9.45,9.51,9.86,4729737.0,45144565.0,3052710000.0,3111025320.0
sz300067,安诺其,2014-11-14,9.5,9.68,9.3,9.61,9.51,3734544.0,35492310.0,3084810000.0,3143738520.0
sz300067,安诺其,2014-11-17,9.6,9.83,9.44,9.8,9.61,3243618.0,31631991.9,3145800000.0,3205893600.0
sz300067,安诺其,2014-11-18,9.8,9.88,9.67,9.74,9.8,2402770.0,23455859.2,3126540000.0,3186265680.0
sz300067,安诺其,2014-11-19,9.73,9.88,9.69,9.78,9.74,2933340.0,28765010.5,3139380000.0,3199350960.0
sz300067,安诺其,2014-11-20,9.79,9.85,9.65,9.74,9.78,2364712.0,22953655.8,3126540000.0,3186265680.0
sz300067,安诺其,2014-11-21,9.69,9.85,9.69,9.82,9.74,2176647.0,21327700.4,3152220000.0,3212436240.0
sz300067,安诺其,2014-11-24,9.88,9.95,9.8,9.83,9.82,4178234.0,41107710.5,3155430000.0,3215707560.0
sz300067,安诺其,2014-11-25,9.83,10.05,9.81,10.04,9.83,4625793.0,46126067.5,3222840000.0,3284405280.0
sz300067,安诺其,2014-11-26,10.07,10.39,10.07,10.35,10.04,7587467.0,77964096.4,3322350000.0,3385816200.0
sz300067,安诺其,2014-11-27,10.41,10.64,10.12,10.3,10.35,7707203.0,79981339.2,3306300000.0,3369459600.0
sz300067,安诺其,2014-11-28,10.33,10.34,10.11,10.16,10.3,5395028.0,55039467.8,3261360000.0,3323661120.0
sz300067,安诺其,2014-12-01,10.16,10.2,9.96,10.0,10.16,4178682.0,41971924.1,3210000000.0,3271320000.0
sz300067,安诺其,2014-12-02,10.1,10.27,10.05,10.22,10.0,4249602.0,43322517.2,3280620000.0,3343289040.0
sz300067,安诺其,2014-12-03,10.26,10.6,10.26,10.59,10.22,12086380.0,126320056.2,3399390000.0,3464327880.0
sz300067,安诺其,2014-12-04,10.68,10.81,10.48,10.65,10.59,9625785.0,102612894.9,3418650000.0,3483955800.0
sz300067,安诺其,2014-12-05,10.6,10.64,9.9,10.12,10.65,9161399.0,93763812.7,3248520000.0,3310575840.0
sz300067,安诺其,2014-12-08,10.18,10.55,10.12,10.25,10.12,6836183.0,70819726.6,3290250000.0,3353103000.0
sz300067,安诺其,2014-12-09,10.19,10.19,9.63,9.64,10.25,10241085.0,102313175.7,3094440000.0,3153552480.0
sz300067,安诺其,2014-12-10,9.6,10.0,9.57,9.95,9.64,3813863.0,37603166.6,3193950000.0,3254963400.0
sz300067,安诺其,2014-12-11,9.96,10.11,9.86,10.01,9.95,3795070.0,37930353.6,3213210000.0,3274591320.0
sz300067,安诺其,2014-12-12,10.03,10.48,10.03,10.41,10.01,7294354.0,74757307.2,3341610000.0,3405444120.0
sz300067,安诺其,2014-12-15,10.46,10.64,10.34,10.59,10.41,8298186.0,87701491.0,3399390000.0,3464327880.0
sz300067,安诺其,2014-12-16,10.6,10.65,10.39,10.47,10.59,4305610.0,45071742.0,3360870000.0,3425072040.0
sz300067,安诺其,2014-12-17,10.4,10.47,10.1,10.17,10.47,4385327.0,44711565.2,3264570000.0,3326932440.0
sz300067,安诺其,2014-12-18,10.13,10.38,10.12,10.16,10.17,3148327.0,32221688.3,3261360000.0,3323661120.0
sz300067,安诺其,2014-12-19,10.16,10.19,9.7,9.83,10.16,5406923.0,53178902.5,3155430000.0,3215707560.0
sz300067,安诺其,2014-12-22,9.83,9.83,9.12,9.15,9.83,5525696.0,51550543.3,2937150000.0,2993257800.0
sz300067,安诺其,2014-12-23,9.16,9.55,9.16,9.38,9.15,3671853.0,34486597.3,3010980000.0,3068498160.0
sz300067,安诺其,2014-12-24,9.39,9.85,9.37,9.74,9.38,4274933.0,41438711.7,3126540000.0,3186265680.0
sz300067,安诺其,2014-12-25,9.7,9.78,9.53,9.63,9.74,3246918.0,31233247.6,3091230000.0,3150281160.0
sz300067,安诺其,2014-12-26,9.64,9.7,9.55,9.58,9.63,2661275.0,25529379.9,3075180000.0,3133924560.0
sz300067,安诺其,2014-12-29,9.6,9.83,9.3,9.58,9.58,3866384.0,37118087.8,3075180000.0,3133924560.0
sz300067,安诺其,2014-12-30,9.58,9.65,9.35,9.37,9.58,2584896.0,24443749.0,3007770000.0,3073847240.0
sz300067,安诺其,2014-12-31,9.27,9.48,9.27,9.46,9.37,2430249.0,22816862.5,3036660000.0,3103371920.0
sz300067,安诺其,2015-01-05,9.46,9.78,9.36,9.64,9.46,3876197.0,37123592.3,3094440000.0,3162421280.0
sz300067,安诺其,2015-01-06,9.58,9.87,9.51,9.84,9.64,5281539.0,51526944.3,3158640000.0,3228031680.0
sz300067,安诺其,2015-01-07,9.92,9.92,9.72,9.74,9.84,3707546.0,36321758.6,3126540000.0,3195226480.0
sz300067,安诺其,2015-01-08,9.8,10.68,9.71,10.46,9.74,11770759.0,120548681.1,3357660000.0,3431423920.0
sz300067,安诺其,2015-01-09,10.25,10.76,10.2,10.29,10.46,14820322.0,155997343.8,3303090000.0,3375655080.0
sz300067,安诺其,2015-01-12,10.51,11.19,10.5,11.17,10.29,21678272.0,234993667.4,3585570000.0,3664340840.0
sz300067,安诺其,2015-01-13,11.1,11.2,10.8,10.86,11.17,13918825.0,152675864.1,3486060000.0,3562644720.0
sz300067,安诺其,2015-01-14,10.89,10.97,10.37,10.43,10.86,9575872.0,101694823.3,3348030000.0,3421582360.0
sz300067,安诺其,2015-01-15,10.28,10.66,10.1,10.19,10.43,9035281.0,93578279.8,3289735524.0,3342849880.0
sz300067,安诺其,2015-01-16,10.21,10.96,10.21,10.71,10.19,13767587.0,145538722.4,3457612116.0,3513436920.0
sz300067,安诺其,2015-01-19,10.44,10.99,10.25,10.57,10.71,13802504.0,147568726.5,3412414572.0,3467509640.0
sz300067,安诺其,2015-01-20,10.79,11.63,10.77,11.63,10.57,11745096.0,135134432.1,3754624548.0,3815244760.0
sz300067,安诺其,2015-01-21,12.37,12.79,12.11,12.79,11.63,33554194.0,421438899.4,4143315384.0,4209981980.0
sz300067,安诺其,2015-01-22,13.38,13.6,12.59,13.1,12.79,32841714.0,428495720.5,4243739760.0,4312022200.0
sz300067,安诺其,2015-01-23,13.05,14.19,12.91,13.41,13.1,27319525.0,369641064.4,4344164136.0,4414062420.0
sz300067,安诺其,2015-01-26,13.44,14.25,13.24,13.71,13.41,21959556.0,304531074.0,4441349016.0,4512811020.0
sz300067,安诺其,2015-01-27,13.58,14.65,13.42,14.37,13.71,22956510.0,318399020.5,4655155752.0,4730057940.0
sz300067,安诺其,2015-01-28,14.19,14.33,13.79,13.79,14.37,13295920.0,186093114.2,4467264984.0,4539143980.0
sz300067,安诺其,2015-01-29,13.55,13.96,13.42,13.87,13.79,8706218.0,119513803.7,4493180952.0,4565476940.0
sz300067,安诺其,2015-01-30,14.05,14.42,13.45,13.49,13.87,10755170.0,151065581.0,4370080104.0,4440395380.0
sz300067,安诺其,2015-02-02,13.17,13.85,12.91,13.24,13.49,13453213.0,178604051.3,4289092704.0,4358104880.0
sz300067,安诺其,2015-02-03,13.3,13.77,13.15,13.69,13.24,11433137.0,153533989.6,4434870024.0,4506227780.0
sz300067,安诺其,2015-02-04,13.76,14.37,13.45,13.47,13.69,12260037.0,170844635.6,4363601112.0,4433812140.0
sz300067,安诺其,2015-02-05,13.55,14.82,13.48,14.73,13.47,22829880.0,325080260.6,4771777608.0,4848556260.0
sz300067,安诺其,2015-02-06,14.5,15.36,14.08,14.71,14.73,16837814.0,247898127.2,4765298616.0,4841973020.0
sz300067,安诺其,2015-02-09,14.72,15.15,14.3,14.43,14.71,8090171.0,119292612.8,4674592728.0,4749807660.0
sz300067,安诺其,2015-02-10,14.21,14.55,13.83,14.55,14.43,6408279.0,91566044.8,4713466680.0,4789307100.0
sz300067,安诺其,2015-02-11,15.18,15.18,14.61,14.64,14.55,13936631.0,207725428.8,4742622144.0,4818931680.0
sz300067,安诺其,2015-02-12,14.57,16.1,14.17,16.1,14.64,20120572.0,310988062.2,5215588560.0,5299508200.0
sz300067,安诺其,2015-02-13,16.2,16.68,15.8,16.4,16.1,16964783.0,276324677.1,5312773440.0,5398256800.0
sz300067,安诺其,2015-02-16,16.42,17.8,16.1,16.9,16.4,12679565.0,214058810.6,5474748240.0,5562837800.0
sz300067,安诺其,2015-02-17,16.79,16.99,16.4,16.6,16.9,6730318.0,112126844.5,5377563360.0,5464089200.0
sz300067,安诺其,2015-02-25,16.66,16.93,15.87,15.94,16.6,6800799.0,110775718.4,5163756624.0,5246842280.0
sz300067,安诺其,2015-02-26,16.1,16.56,15.85,16.2,15.94,6025896.0,98124022.1,5247983520.0,5332424400.0
sz300067,安诺其,2015-02-27,16.19,16.34,15.66,15.98,16.2,6962842.0,111197022.9,5176714608.0,5260008760.0
sz300067,安诺其,2015-03-02,15.96,16.61,15.95,16.61,15.98,8641690.0,140972751.4,5380802856.0,5467380820.0
sz300067,安诺其,2015-03-03,16.49,17.11,16.19,16.23,16.61,9849184.0,164541953.1,5257702008.0,5342299260.0
sz300067,安诺其,2015-03-04,16.5,17.14,16.32,16.54,16.23,7951865.0,132833613.2,5358126384.0,5444339480.0
sz300067,安诺其,2015-03-05,16.49,16.49,15.92,16.23,16.54,8269063.0,133188201.1,5257702008.0,5342299260.0
sz300067,安诺其,2015-03-06,16.6,16.9,15.88,15.95,16.23,8383808.0,136907334.9,5166996120.0,5250133900.0
sz300067,安诺其,2015-03-09,15.6,15.75,14.9,15.49,15.95,8995734.0,137883769.5,5017979304.0,5098719380.0
sz300067,安诺其,2015-03-10,15.48,16.26,15.31,16.23,15.49,7939948.0,124676648.4,5257702008.0,5342299260.0
sz300067,安诺其,2015-03-11,15.99,16.21,15.57,15.6,16.23,5116265.0,80857453.5,5053613760.0,5134927200.0
sz300067,安诺其,2015-03-12,15.42,15.68,15.17,15.32,15.6,6664910.0,102094679.7,4962907872.0,5042761840.0
sz300067,安诺其,2015-03-13,15.32,15.85,15.13,15.75,15.32,7073322.0,109598063.6,5102206200.0,5184301500.0
sz300067,安诺其,2015-03-16,16.45,16.49,15.88,16.28,15.75,12263866.0,199005089.5,5273899488.0,5358757360.0
sz300067,安诺其,2015-03-17,16.5,17.9,16.25,17.58,16.28,19193921.0,325853177.6,5695033968.0,5786667960.0
sz300067,安诺其,2015-03-18,17.7,17.71,17.21,17.62,17.58,11572421.0,202350850.3,5707991952.0,5799834440.0
sz300067,安诺其,2015-03-19,17.5,19.03,17.34,18.55,17.62,16744077.0,300468655.5,6009265080.0,6105955100.0
sz300067,安诺其,2015-03-20,18.25,18.53,18.08,18.18,18.55,9281880.0,169081091.0,5889403728.0,5984165160.0
sz300067,安诺其,2015-03-23,18.29,18.45,18.08,18.23,18.18,9846565.0,179383424.2,5905601208.0,6000623260.0
sz300067,安诺其,2015-03-24,18.25,18.95,17.3,17.89,18.23,16397458.0,296169866.5,5795458344.0,5888708180.0
sz300067,安诺其,2015-03-25,17.64,17.99,17.33,17.78,17.89,12655646.0,222001315.0,5759823888.0,5852500360.0
sz300067,安诺其,2015-03-26,17.49,17.9,16.77,16.97,17.78,14023284.0,241790728.5,5497424712.0,5585879140.0
sz300067,安诺其,2015-03-27,16.89,17.24,16.68,16.98,16.97,8781874.0,149234437.6,5500664208.0,5589170760.0
sz300067,安诺其,2015-03-30,17.08,17.39,16.91,17.19,16.98,9205042.0,157735968.8,5568693624.0,5658294780.0
sz300067,安诺其,2015-03-31,17.3,17.49,17.01,17.3,17.19,11408610.0,196993016.1,5604328080.0,5694502600.0
sz300067,安诺其,2015-04-01,17.3,17.77,17.3,17.67,17.3,10190503.0,179113647.4,5724189432.0,5816292540.0
sz300067,安诺其,2015-04-02,17.8,18.11,17.42,17.76,17.67,13446065.0,239280563.2,5753344896.0,5845917120.0
sz300067,安诺其,2015-04-03,17.71,18.46,17.52,18.41,17.76,16950024.0,306862588.1,5963912136.0,6059872420.0
sz300067,安诺其,2015-04-07,18.58,19.0,18.48,18.88,18.41,14274706.0,266737604.3,6116168448.0,6214578560.0
sz300067,安诺其,2015-04-08,19.03,19.2,18.19,19.18,18.88,18002178.0,338412785.4,6213353328.0,6313327160.0
sz300067,安诺其,2015-04-09,19.49,20.08,18.1,19.9,19.18,24793305.0,480846922.1,6446597040.0,6550323800.0
sz300067,安诺其,2015-04-10,19.61,20.86,19.33,20.14,19.9,16090122.0,327701008.2,6524344944.0,6629322680.0
sz300067,安诺其,2015-04-13,19.99,20.5,19.64,19.8,20.14,13516785.0,268609369.0,6414202080.0,6517407600.0
sz300067,安诺其,2015-04-14,19.85,19.95,18.81,19.06,19.8,13300804.0,255870275.8,6174479376.0,6273827720.0
sz300067,安诺其,2015-04-15,19.07,19.24,17.58,17.6,19.06,12175896.0,222061869.2,5701512960.0,5793251200.0
sz300067,安诺其,2015-04-16,17.59,17.95,17.03,17.57,17.6,9442095.0,166985310.2,5691794472.0,5783376340.0
sz300067,安诺其,2015-04-17,17.67,18.1,17.6,17.75,17.57,8199701.0,145743192.1,5750105400.0,5842625500.0
sz300067,安诺其,2015-04-20,17.99,18.25,17.4,17.45,17.75,12580462.0,224655270.7,5652920520.0,5743876900.0
sz300067,安诺其,2015-04-21,17.5,18.27,17.48,18.26,17.45,9183803.0,164787494.8,5915319696.0,6010498120.0
sz300067,安诺其,2015-04-22,18.48,18.77,18.28,18.54,18.26,10373079.0,192108643.7,6006025584.0,6102663480.0
sz300067,安诺其,2015-04-23,18.56,18.69,18.0,18.2,18.54,11283814.0,206195547.8,5895882720.0,5990748400.0
sz300067,安诺其,2015-04-24,18.05,18.05,17.45,17.89,18.2,9073884.0,161005311.4,5795458344.0,5888708180.0
sz300067,安诺其,2015-04-27,18.0,18.6,17.84,18.56,17.89,15347701.0,280453225.9,6012504576.0,6109246720.0
sz300067,安诺其,2015-04-28,18.66,18.82,17.75,17.99,18.56,9998659.0,182417921.5,5827853304.0,5921624380.0
sz300067,安诺其,2015-04-29,18.05,19.2,18.05,19.09,17.99,17177487.0,321821693.5,6184197864.0,6283702580.0
sz300067,安诺其,2015-04-30,19.49,20.31,19.2,19.4,19.09,20168825.0,398672152.0,6284622240.0,6385742800.0
sz300067,安诺其,2015-05-04,19.4,20.28,18.8,19.93,19.4,14762345.0,290614185.6,6456315528.0,6560198660.0
sz300067,安诺其,2015-05-05,19.61,19.85,18.5,18.7,19.93,11696064.0,223437832.9,6057857520.0,6155329400.0
sz300067,安诺其,2015-05-06,18.98,19.32,18.24,18.33,18.7,8288143.0,156568910.9,5937996168.0,6033539460.0
sz300067,安诺其,2015-05-07,18.25,18.28,17.25,17.53,18.33,6734352.0,119452937.0,5678836488.0,5770209860.0
sz300067,安诺其,2015-05-08,18.17,18.45,17.83,18.43,17.53,7685334.0,139183418.2,5970391128.0,6066455660.0
sz300067,安诺其,2015-05-11,18.66,19.44,18.66,19.38,18.43,8686990.0,166014318.8,6278143248.0,6379159560.0
sz300067,安诺其,2015-05-12,19.65,19.98,19.25,19.56,19.38,11276447.0,220772743.5,6336454176.0,6438408720.0
sz300067,安诺其,2015-05-13,19.2,20.17,18.71,20.05,19.56,12900331.0,252392065.9,6495189480.0,6599698100.0
sz300067,安诺其,2015-05-14,20.3,20.6,19.8,20.06,20.05,11993061.0,242173258.3,6498428976.0,6602989720.0
sz300067,安诺其,2015-05-15,12.51,12.8,11.9,12.18,12.51,15278716.0,187121914.1,6313129804.8,6414709056.0
sz300067,安诺其,2015-05-18,12.13,13.4,12.06,13.4,12.18,32498268.0,421272062.4,6945479424.0,7057233280.0
sz300067,安诺其,2015-05-19,13.78,14.69,13.41,14.29,13.4,37901982.0,530497708.5,7406783654.4,7525959968.0
sz300067,安诺其,2015-05-20,14.2,15.17,13.85,14.49,14.29,29135411.0,429143322.8,7510447526.4,7631291808.0
sz300067,安诺其,2015-05-21,14.48,15.89,14.25,15.56,14.49,27916716.0,420863746.5,8065049241.6,8194817152.0
sz300067,安诺其,2015-05-22,15.88,16.0,14.57,14.92,15.56,34893641.0,528071032.7,7733324851.2,7857755264.0
sz300067,安诺其,2015-05-25,14.51,15.3,14.21,15.0,14.92,26398164.0,388707481.7,7774790400.0,7899888000.0
sz300067,安诺其,2015-05-26,14.99,15.8,14.9,15.57,15.0,26333596.0,406402466.4,8070232435.2,8200083744.0
sz300067,安诺其,2015-05-27,15.5,15.79,14.9,15.65,15.57,23233035.0,355984091.9,8111697984.0,8242216480.0
sz300067,安诺其,2015-05-28,15.61,16.65,14.9,14.9,15.65,30486423.0,483609443.5,7722958464.0,7847222080.0
sz300067,安诺其,2015-05-29,14.59,15.27,13.7,14.8,14.9,22043487.0,324057213.1,7671126528.0,7794556160.0
sz300067,安诺其,2015-06-01,14.91,16.28,14.91,16.28,14.8,20864667.0,326718521.3,8438239180.8,8574011776.0
sz300067,安诺其,2015-06-02,17.0,17.91,16.7,17.91,16.28,45949503.0,809500088.5,9283099737.6,9432466272.0
sz300067,安诺其,2015-06-03,18.08,18.26,17.2,17.72,17.91,29058058.0,512930867.6,9184619059.2,9332401024.0
sz300067,安诺其,2015-06-04,17.65,17.65,15.99,17.34,17.72,23769765.0,402227434.5,8987657702.4,9132270528.0
sz300067,安诺其,2015-06-05,17.56,17.85,16.7,17.3,17.34,24224791.0,420112995.7,8966924928.0,9111204160.0
sz300067,安诺其,2015-06-08,17.05,17.05,16.3,16.6,17.3,19993499.0,331289752.7,8604101376.0,8742542720.0
sz300067,安诺其,2015-06-09,16.4,16.9,16.23,16.73,16.6,17881687.0,297401684.6,8671482892.8,8811008416.0
sz300067,安诺其,2015-06-10,16.79,17.88,16.6,17.39,16.73,18517677.0,323064124.7,9013573670.4,9158603488.0
sz300067,安诺其,2015-06-11,17.5,17.69,17.09,17.43,17.39,13986234.0,243464270.5,9034306444.8,9179669856.0
sz300067,安诺其,2015-06-12,17.45,18.28,17.31,17.93,17.43,19446430.0,348517344.9,9293466124.8,9442999456.0
sz300067,安诺其,2015-06-15,17.8,18.18,17.0,17.0,17.93,16239869.0,284574604.0,8811429120.0,8953206400.0
sz300067,安诺其,2015-06-16,16.6,16.72,15.78,15.98,17.0,14382620.0,233204099.0,8282743372.8,8416014016.0
sz300067,安诺其,2015-06-17,15.64,16.44,15.33,16.38,15.98,11802708.0,188036297.7,8490071116.8,8626677696.0
sz300067,安诺其,2015-06-18,16.45,16.49,15.35,15.46,16.38,10460316.0,167084208.6,8013217305.6,8142151232.0
sz300067,安诺其,2015-06-19,14.96,15.3,13.91,13.91,15.46,10567357.0,152382957.4,7209822297.6,7325829472.0
sz300067,安诺其,2015-06-23,13.91,14.27,12.59,13.98,13.91,11393133.0,153826436.0,7246104652.8,7362695616.0
sz300067,安诺其,2015-06-24,14.27,14.6,13.59,14.13,13.98,10906421.0,154215315.3,7323852556.8,7441694496.0
sz300067,安诺其,2015-06-25,14.04,14.15,12.88,13.14,14.13,10833146.0,147484755.8,6810716390.4,6920301888.0
sz300067,安诺其,2015-06-26,12.65,12.65,11.83,11.83,13.14,12143416.0,146417844.4,6131718028.8,6230378336.0
sz300067,安诺其,2015-06-29,12.02,12.3,10.65,10.65,11.83,13787802.0,153238576.1,5520101184.0,5608920480.0
sz300067,安诺其,2015-06-30,10.17,11.37,9.59,11.32,10.65,19034884.0,197671245.5,5867375155.2,5961782144.0
sz300067,安诺其,2015-07-01,11.07,11.96,10.21,10.47,11.32,16852365.0,191645828.6,5426803699.2,5514121824.0
sz300067,安诺其,2015-07-02,10.6,10.88,9.5,9.82,10.47,15117960.0,154017136.8,5089896115.2,5171793344.0
sz300067,安诺其,2015-07-03,9.8,10.37,8.88,9.29,9.82,15026564.0,144146503.5,4815186854.4,4892663968.0
sz300067,安诺其,2015-07-06,10.22,10.22,8.36,8.88,9.29,19462408.0,182742099.5,4602675916.8,4676733696.0
sz300067,安诺其,2015-07-07,8.54,8.54,7.99,7.99,8.88,7715715.0,62959859.8,4141371686.4,4208007008.0
sz300067,安诺其,2015-07-08,7.19,8.35,7.19,7.91,7.99,27471129.0,207704619.1,4099906137.6,4165874272.0
sz300067,安诺其,2015-07-09,7.5,8.7,7.48,8.7,7.91,18312445.0,155037029.6,4509378432.0,4581935040.0
sz300067,安诺其,2015-07-10,9.4,9.57,9.05,9.57,8.7,7919715.0,74760824.7,4960316275.2,5040128544.0
sz300067,安诺其,2015-07-13,10.52,10.53,10.02,10.53,9.57,20196097.0,211051216.9,5457902860.8,5545721376.0
sz300067,安诺其,2015-07-14,10.95,11.58,10.5,11.22,10.53,28604279.0,320099204.7,5815543219.2,5909116224.0
sz300067,安诺其,2015-07-15,10.9,11.1,10.1,10.1,11.22,19337413.0,202442778.9,5235025536.0,5319257920.0
sz300067,安诺其,2015-07-16,10.1,10.98,9.45,10.81,10.1,17561885.0,183941444.9,5603032281.6,5693185952.0
sz300067,安诺其,2015-07-17,10.94,11.79,10.94,11.65,10.81,15617555.0,178972676.1,6038420544.0,6135579680.0
sz300067,安诺其,2015-07-20,11.7,12.26,11.35,11.88,11.65,18637426.0,221855792.1,6157633996.8,6256711296.0
sz300067,安诺其,2015-07-21,11.63,12.06,11.46,11.73,11.88,12365308.0,145938962.5,6079886092.8,6177712416.0
sz300067,安诺其,2015-07-22,11.74,12.2,11.57,12.14,11.73,17614313.0,209229232.8,6292397030.4,6393642688.0
sz300067,安诺其,2015-07-23,12.09,12.46,11.88,12.3,12.14,16927401.0,206543832.7,6375328128.0,6477908160.0
sz300067,安诺其,2015-07-24,12.27,12.74,11.7,11.9,12.3,16029075.0,197633735.9,6168000384.0,6267244480.0
sz300067,安诺其,2015-07-27,11.51,12.47,10.71,10.74,11.9,19506972.0,229752523.3,5566749926.4,5656319808.0
sz300067,安诺其,2015-07-28,10.19,11.42,9.86,10.91,10.74,16821098.0,179687023.0,5654864217.6,5745851872.0
sz300067,安诺其,2015-07-29,11.3,11.65,10.6,11.62,10.91,12978043.0,143567824.5,6022870963.2,6119779904.0
sz300067,安诺其,2015-07-30,11.58,11.85,11.0,11.07,11.62,13643153.0,157882003.1,5737795315.2,5830117344.0
sz300067,安诺其,2015-07-31,10.74,11.11,10.38,10.58,11.07,10053783.0,108510036.3,5483818828.8,5572054336.0
sz300067,安诺其,2015-08-03,10.33,10.6,9.52,9.54,10.58,11634535.0,114555025.5,4944766694.4,5024328768.0
sz300067,安诺其,2015-08-04,9.68,10.49,9.61,10.48,9.54,11174347.0,112418477.4,5431986892.8,5519388416.0
sz300067,安诺其,2015-08-05,10.27,10.82,10.1,10.22,10.48,12688502.0,132364297.2,5297223859.2,5382457024.0
sz300067,安诺其,2015-08-06,9.89,10.35,9.7,10.07,10.22,6809399.0,68609883.9,5219475955.2,5303458144.0
sz300067,安诺其,2015-08-07,10.18,10.67,10.18,10.49,10.07,9201814.0,96144705.0,5437170086.4,5524655008.0
sz300067,安诺其,2015-08-10,10.65,11.45,10.49,11.35,10.49,12649364.0,138711336.1,5882924736.0,5977581920.0
sz300067,安诺其,2015-08-11,11.37,11.79,11.04,11.58,11.35,18132490.0,205520990.2,6002138188.8,6098713536.0
sz300067,安诺其,2015-08-12,11.31,11.5,11.07,11.08,11.58,11748721.0,132813986.3,5742978508.8,5835383936.0
sz300067,安诺其,2015-08-13,11.0,12.19,10.92,12.19,11.08,26312742.0,311343556.2,6318312998.4,6419975648.0
sz300067,安诺其,2015-08-14,12.3,12.66,11.97,12.25,12.19,29075320.0,360422540.1,6349412160.0,6451575200.0
sz300067,安诺其,2015-08-17,12.05,12.31,11.85,12.27,12.25,14662783.0,177144180.0,6359778547.2,6462108384.0
sz300067,安诺其,2015-08-18,12.36,12.46,11.04,11.04,12.27,17197488.0,202621621.8,5722245734.4,5814317568.0
sz300067,安诺其,2015-08-19,10.63,12.14,10.2,12.14,11.04,18549108.0,213236135.3,6292397030.4,6393642688.0
sz300067,安诺其,2015-08-20,13.35,13.35,13.05,13.35,12.14,49181030.0,655881410.7,6919563456.0,7030900320.0
sz300067,安诺其,2015-08-21,12.66,13.15,12.02,12.02,13.35,46003166.0,569994357.3,6230198707.2,6330443584.0
sz300067,安诺其,2015-08-24,10.95,11.3,10.82,10.82,12.02,8319928.0,90403318.5,5608215475.2,5698452544.0
sz300067,安诺其,2015-08-25,9.74,9.74,9.74,9.74,10.82,3526500.0,34348110.0,5048430566.4,5129660608.0
sz300067,安诺其,2015-08-26,9.3,9.89,8.77,8.77,9.74,29145626.0,266233079.4,4545660787.2,4618801184.0
sz300067,安诺其,2015-08-27,8.9,9.16,7.93,8.86,8.77,18084593.0,157095468.8,4592309529.6,4666200512.0
sz300067,安诺其,2015-08-28,9.1,9.7,8.83,9.67,8.86,18646565.0,172582150.7,5012148211.2,5092794464.0
sz300067,安诺其,2015-08-31,9.6,9.6,8.92,8.95,9.67,14113955.0,129915377.3,4638958272.0,4713599840.0
sz300067,安诺其,2015-09-01,8.84,8.84,8.06,8.06,8.95,10021752.0,82989361.3,4177654041.6,4244873152.0
sz300067,安诺其,2015-09-02,7.5,8.54,7.28,7.6,8.06,11778728.0,93461566.0,3939227136.0,4002609920.0
sz300067,安诺其,2015-09-07,7.96,8.31,7.89,8.02,7.6,10814318.0,87838847.5,4156921267.2,4223806784.0
sz300067,安诺其,2015-09-08,8.03,8.8,7.8,8.64,8.02,10636383.0,88287595.6,4478279270.4,4550335488.0
sz300067,安诺其,2015-09-09,8.74,9.15,8.64,9.0,8.64,13812776.0,123738683.4,4664874240.0,4739932800.0
sz300067,安诺其,2015-09-10,8.78,9.01,8.72,8.75,9.0,7417238.0,65724010.9,4535294400.0,4608268000.0
sz300067,安诺其,2015-09-11,8.97,9.04,8.76,8.96,8.75,7710548.0,68844846.8,4644141465.6,4718866432.0
sz300067,安诺其,2015-09-14,8.98,9.05,8.06,8.06,8.96,10033113.0,84456643.7,4177654041.6,4244873152.0
sz300067,安诺其,2015-09-15,7.62,8.09,7.3,7.39,8.06,8055764.0,61991651.4,3830380070.4,3892011488.0
sz300067,安诺其,2015-09-16,7.4,8.13,7.4,8.13,7.39,8766313.0,67849137.9,4213936396.8,4281739296.0
sz300067,安诺其,2015-09-17,8.15,8.43,7.91,7.96,8.13,11270152.0,92054827.5,4125822105.6,4192207232.0
sz300067,安诺其,2015-09-18,8.04,8.2,7.95,8.13,7.96,6684215.0,53898005.3,4213936396.8,4281739296.0
sz300067,安诺其,2015-09-21,8.1,8.48,7.89,8.48,8.13,9222699.0,76156392.0,4395348172.8,4466070016.0
sz300067,安诺其,2015-09-22,8.52,8.63,8.34,8.47,8.48,11190175.0,95011574.0,4390164979.2,4460803424.0
sz300067,安诺其,2015-09-23,8.3,8.5,8.2,8.34,8.47,7442150.0,61963949.7,4322783462.4,4392337728.0
sz300067,安诺其,2015-09-24,8.36,8.67,8.36,8.52,8.34,7532699.0,64211076.4,4416080947.2,4487136384.0
sz300067,安诺其,2015-09-25,8.46,8.63,8.02,8.11,8.52,6463126.0,53681427.5,4203570009.6,4271206112.0
sz300067,安诺其,2015-09-28,8.17,8.43,8.05,8.43,8.11,4541950.0,37577178.7,4369432204.8,4439737056.0
sz300067,安诺其,2015-09-29,8.26,8.44,8.15,8.2,8.43,4417308.0,36565457.8,4250218752.0,4318605440.0
sz300067,安诺其,2015-09-30,8.31,8.33,8.1,8.21,8.2,3407097.0,28011155.0,4255401945.6,4323872032.0
sz300067,安诺其,2015-10-08,8.54,9.03,8.38,9.03,8.21,15477848.0,136075377.1,4680423820.8,4755732576.0
sz300067,安诺其,2015-10-09,9.14,9.3,8.88,9.15,9.03,17095856.0,154935377.0,4742622144.0,4818931680.0
sz300067,安诺其,2015-10-12,9.16,9.69,9.06,9.59,9.15,16412919.0,154376730.3,4970682662.4,5050661728.0
sz300067,安诺其,2015-10-13,9.42,9.64,9.34,9.53,9.59,12395595.0,117576170.3,4939583500.8,5019062176.0
sz300067,安诺其,2015-10-14,9.41,9.54,9.22,9.27,9.53,9229044.0,86541345.7,4804820467.2,4882130784.0
sz300067,安诺其,2015-10-15,9.12,9.58,9.09,9.55,9.27,11667140.0,109612108.0,4949949888.0,5029595360.0
sz300067,安诺其,2015-10-16,9.55,9.84,9.39,9.73,9.55,16413621.0,158276158.6,5043247372.8,5124394016.0
sz300067,安诺其,2015-10-19,9.77,9.77,9.48,9.57,9.73,12133848.0,116677174.7,4960316275.2,5040128544.0
sz300067,安诺其,2015-10-20,9.6,10.22,9.54,10.04,9.57,15800534.0,156076304.7,5203926374.4,5287658368.0
sz300067,安诺其,2015-10-21,10.04,10.08,9.04,9.05,10.04,15919482.0,152695567.6,4690790208.0,4766265760.0
sz300067,安诺其,2015-10-22,9.03,9.55,9.03,9.5,9.05,10486139.0,97460990.6,4924033920.0,5003262400.0
sz300067,安诺其,2015-10-23,9.53,9.91,9.43,9.78,9.5,16192302.0,156563368.9,5069163340.8,5150726976.0
sz300067,安诺其,2015-10-26,9.95,10.33,9.83,10.15,9.78,19788871.0,198954232.9,5260941504.0,5345590880.0
sz300067,安诺其,2015-10-27,10.13,10.22,9.4,10.04,10.15,14387147.0,142286450.8,5203926374.4,5287658368.0
sz300067,安诺其,2015-10-28,9.94,10.13,9.54,9.59,10.04,11115168.0,109614137.2,4970682662.4,5050661728.0
sz300067,安诺其,2015-10-29,9.7,9.96,9.6,9.77,9.59,8186967.0,80245179.7,5063980147.2,5145460384.0
sz300067,安诺其,2015-10-30,9.7,10.75,9.51,10.15,9.77,29505925.0,307874292.8,5260941504.0,5345590880.0
sz300067,安诺其,2015-11-02,9.79,10.09,9.55,9.57,10.15,18381271.0,178916560.1,4960316275.2,5040128544.0
sz300067,安诺其,2015-11-03,9.67,9.77,9.4,9.46,9.57,8895683.0,84981374.9,4903301145.6,4982196032.0
sz300067,安诺其,2015-11-04,9.62,10.02,9.55,10.01,9.46,14327057.0,140567439.5,5188376793.6,5271858592.0
sz300067,安诺其,2015-11-05,10.04,10.15,9.8,9.97,10.01,14770790.0,147298901.5,5167644019.2,5250792224.0
sz300067,安诺其,2015-11-06,10.0,10.33,9.96,10.21,9.97,14829836.0,151340448.1,5292040665.6,5377190432.0
sz300067,安诺其,2015-11-09,10.13,10.53,10.04,10.46,10.21,17177088.0,177270975.9,5421620505.6,5508855232.0
sz300067,安诺其,2015-11-10,10.42,10.53,10.2,10.39,10.46,15874062.0,164989983.8,5385338150.4,5471989088.0
sz300067,安诺其,2015-11-11,10.37,10.88,10.33,10.71,10.39,18217218.0,192833592.6,5551200345.6,5640520032.0
sz300067,安诺其,2015-11-12,10.7,10.78,10.3,10.44,10.71,15838131.0,166106768.2,5411254118.4,5498322048.0
sz300067,安诺其,2015-11-13,10.37,10.37,9.98,10.03,10.44,13630586.0,138141050.5,5198743180.8,5282391776.0
sz300067,安诺其,2015-11-16,9.79,10.29,9.7,10.28,10.03,8577799.0,86448088.4,5328323020.8,5414056576.0
sz300067,安诺其,2015-11-17,10.35,10.54,10.18,10.19,10.28,16635259.0,172641202.5,5281674278.4,5366657248.0
sz300067,安诺其,2015-11-18,10.14,10.25,9.89,9.91,10.19,9120525.0,91856149.4,5136544857.6,5219192672.0
sz300067,安诺其,2015-11-19,10.01,10.37,9.92,10.34,9.91,8859286.0,90027244.0,5359422182.4,5445656128.0
sz300067,安诺其,2015-11-20,10.4,10.53,10.18,10.44,10.34,13583948.0,140746054.5,5411254118.4,5498322048.0
sz300067,安诺其,2015-11-23,10.44,10.79,10.3,10.42,10.44,16630745.0,175255947.3,5400887731.2,5487788864.0
sz300067,安诺其,2015-11-24,10.35,10.7,10.3,10.7,10.42,12990130.0,136908164.9,5546017152.0,5635253440.0
sz300067,安诺其,2015-11-25,10.69,11.52,10.6,11.13,10.7,30026183.0,335367408.7,5768894476.8,5861716896.0
sz300067,安诺其,2015-11-26,11.15,11.89,10.88,11.49,11.13,32815309.0,374447121.1,5955489446.4,6051314208.0
sz300067,安诺其,2015-11-27,11.27,11.35,10.35,10.49,11.49,22333503.0,246132691.9,5437170086.4,5524655008.0
sz300067,安诺其,2015-11-30,10.5,11.0,9.82,11.0,10.49,17843535.0,188552734.3,5701512960.0,5793251200.0
sz300067,安诺其,2015-12-01,11.0,11.35,10.86,11.09,11.0,17820443.0,198230293.0,5748161702.4,5840650528.0
sz300067,安诺其,2015-12-02,11.1,11.22,10.28,10.67,11.09,13594529.0,145680016.9,5530467571.2,5619453664.0
sz300067,安诺其,2015-12-03,10.75,11.34,10.58,11.29,10.67,16573700.0,181803399.4,5851825574.4,5945982368.0
sz300067,安诺其,2015-12-04,11.2,11.38,10.9,11.11,11.29,14760173.0,164321842.0,5758528089.6,5851183712.0
sz300067,安诺其,2015-12-07,11.16,11.32,10.96,11.2,11.11,13101535.0,146695167.7,5805176832.0,5898583040.0
sz300067,安诺其,2015-12-08,11.07,11.12,10.7,10.7,11.2,11652074.0,126398666.0,5546017152.0,5635253440.0
sz300067,安诺其,2015-12-09,10.6,10.82,10.52,10.76,10.7,6854449.0,73175647.7,5577116313.6,5666852992.0
sz300067,安诺其,2015-12-10,10.79,10.9,10.56,10.57,10.76,7159566.0,76806835.5,5486415155.2,5566787744.0
sz300067,安诺其,2015-12-11,10.58,10.61,10.03,10.06,10.57,9282089.0,95173271.3,5221696921.6,5298191552.0
sz300067,安诺其,2015-12-14,10.03,10.44,9.88,10.44,10.06,6738893.0,68197086.0,5418937958.4,5498322048.0
sz300067,安诺其,2015-12-15,10.44,10.63,10.35,10.44,10.44,6008477.0,63123988.9,5418937958.4,5498322048.0
sz300067,安诺其,2015-12-16,10.5,10.57,10.4,10.49,10.44,5846452.0,61328289.0,5444890726.4,5524655008.0
sz300067,安诺其,2015-12-17,10.56,10.85,10.53,10.85,10.49,11079154.0,118733615.6,5631750656.0,5714252320.0
sz300067,安诺其,2015-12-18,10.86,10.94,10.55,10.63,10.85,8160281.0,87391597.9,5517558476.8,5598387296.0
sz300067,安诺其,2015-12-21,10.55,10.74,10.53,10.68,10.63,8401155.0,89446704.5,5543511244.8,5624720256.0
sz300067,安诺其,2015-12-22,10.7,10.84,10.67,10.84,10.68,8829928.0,95127149.1,5626560102.4,5708985728.0
sz300067,安诺其,2015-12-23,10.8,10.87,10.5,10.58,10.84,8491851.0,90891746.3,5491605708.8,5572054336.0
sz300067,安诺其,2015-12-24,10.58,10.58,10.1,10.45,10.58,7370655.0,76092641.7,5424128512.0,5503588640.0
sz300067,安诺其,2015-12-25,10.44,10.52,10.35,10.47,10.45,5858028.0,61184484.0,5434509619.2,5514121824.0
sz300067,安诺其,2015-12-28,10.47,10.68,10.2,10.21,10.47,9030899.0,94464739.0,5300754900.6,5378390107.0
sz300067,安诺其,2015-12-29,10.16,10.46,10.09,10.46,10.21,5197818.0,53401761.6,5471330400.4,5510084282.0
sz300067,安诺其,2015-12-30,10.5,10.68,10.43,10.67,10.46,7193793.0,76165620.7,5581175465.8,5620707389.0
sz300067,安诺其,2015-12-31,10.63,10.71,10.34,10.37,10.67,5394672.0,56678944.4,5424253943.8,5462674379.0
sz300067,安诺其,2016-01-04,10.38,10.47,9.33,9.34,10.37,7245760.0,71713460.4,4885490051.6,4920094378.0
sz300067,安诺其,2016-01-05,8.9,9.58,8.65,9.25,9.34,8801429.0,80790556.6,4838413595.0,4872684475.0
sz300067,安诺其,2016-01-06,9.26,9.55,9.2,9.51,9.25,5878042.0,55141662.7,4974412247.4,5009646417.0
sz300067,安诺其,2016-01-07,9.4,9.4,8.56,8.57,9.51,1805600.0,16061536.4,4482724811.8,4514476319.0
sz300067,安诺其,2016-01-08,8.64,9.0,8.05,8.74,8.57,6827133.0,59472669.8,4571647007.6,4604028358.0
sz300067,安诺其,2016-01-11,8.67,8.67,7.87,7.87,8.74,6394140.0,52622940.6,4116574593.8,4145732629.0
sz300067,安诺其,2016-01-12,8.0,8.08,7.63,7.96,7.87,4869369.0,38522347.9,4163651050.4,4193142532.0
sz300067,安诺其,2016-01-13,8.08,8.09,7.53,7.53,7.96,3923506.0,30860612.8,3938730202.2,3966628551.0
sz300067,安诺其,2016-01-14,7.3,8.0,7.3,7.95,7.53,5791386.0,44708973.2,4158420333.0,4187874765.0
sz300067,安诺其,2016-01-15,7.86,8.02,7.62,7.67,7.95,4807332.0,37738781.9,4011960245.8,4040377289.0
sz300067,安诺其,2016-01-18,7.49,7.99,7.41,7.87,7.67,5122895.0,39869770.9,4116574593.8,4145732629.0
sz300067,安诺其,2016-01-19,7.86,8.14,7.76,8.1,7.87,6132632.0,48803575.6,4236881094.0,4266891270.0
sz300067,安诺其,2016-01-20,8.02,8.26,7.81,7.93,8.1,5298570.0,42601761.3,4147958898.2,4177339231.0
sz300067,安诺其,2016-01-21,7.76,8.16,7.68,7.7,7.93,4932202.0,38967559.6,4027652398.0,4056180590.0
sz300067,安诺其,2016-01-22,7.75,7.89,7.51,7.78,7.7,3970742.0,30613686.3,4069498137.2,4098322726.0
sz300067,安诺其,2016-01-25,7.83,7.98,7.78,7.86,7.78,3507584.0,27574851.3,4111343876.4,4140464862.0
sz300067,安诺其,2016-01-26,7.74,7.78,7.07,7.07,7.86,5304239.0,39387756.1,3698117201.8,3724311269.0
sz300067,安诺其,2016-01-27,7.09,7.16,6.42,6.86,7.07,5266955.0,35821369.6,3588272136.4,3613688162.0
sz300067,安诺其,2016-01-28,6.78,6.88,6.46,6.52,6.86,3580190.0,23943323.5,3410427744.8,3434584084.0
sz300067,安诺其,2016-01-29,6.61,6.9,6.47,6.78,6.52,3896089.0,26169455.8,3546426397.2,3571546026.0
sz300067,安诺其,2016-02-01,6.75,6.81,6.6,6.67,6.78,2782374.0,18636230.0,3488888505.8,3513600589.0
sz300067,安诺其,2016-02-02,6.67,7.09,6.62,6.95,6.67,4486120.0,31025949.9,3635348593.0,3661098065.0
sz300067,安诺其,2016-02-03,6.82,6.97,6.7,6.94,6.95,4144410.0,28328608.5,3630117875.6,3655830298.0
sz300067,安诺其,2016-02-04,7.19,7.49,7.13,7.27,6.94,6481943.0,47495775.5,3802731549.8,3829666609.0
sz300067,安诺其,2016-02-05,7.18,7.29,7.06,7.06,7.27,3564399.0,25577387.6,3692886484.4,3719043502.0
sz300067,安诺其,2016-02-15,6.86,7.09,6.71,7.05,7.06,3412731.0,23585257.0,3687655767.0,3713775735.0
sz300067,安诺其,2016-02-16,7.09,7.39,7.07,7.38,7.05,5236319.0,38283765.2,3860269441.2,3887612046.0
sz300067,安诺其,2016-02-17,7.53,7.63,7.3,7.45,7.38,7529500.0,56009868.5,3896884463.0,3924486415.0
sz300067,安诺其,2016-02-18,7.45,7.6,7.37,7.4,7.45,6262015.0,46804561.2,3870730876.0,3898147580.0
sz300067,安诺其,2016-02-19,7.33,7.5,7.33,7.4,7.4,4638315.0,34372660.3,3870730876.0,3898147580.0
sz300067,安诺其,2016-02-22,7.5,7.57,7.45,7.54,7.4,5514780.0,41513419.1,3943960919.6,3971896318.0
sz300067,安诺其,2016-02-23,7.6,7.62,7.32,7.42,7.54,4966931.0,37092907.7,3881192310.8,3908683114.0
sz300067,安诺其,2016-02-24,7.43,8.16,7.32,8.16,7.42,15702628.0,123742396.8,4268265398.4,4298497872.0
sz300067,安诺其,2016-02-25,8.16,8.19,7.34,7.44,8.16,17441370.0,134509770.6,3891653745.6,3919218648.0
sz300067,安诺其,2016-02-26,7.52,7.95,7.34,7.8,7.44,17203477.0,132560150.4,4079959572.0,4108858260.0
sz300067,安诺其,2016-02-29,7.5,7.65,7.02,7.02,7.8,12183053.0,86510632.2,3671963614.8,3697972434.0
sz300067,安诺其,2016-03-01,7.02,7.25,6.66,7.1,7.02,7774463.0,54654804.5,3713809354.0,3740114570.0
sz300067,安诺其,2016-03-02,7.1,7.81,7.0,7.68,7.1,15712872.0,117040850.9,4017190963.2,4045645056.0
sz300067,安诺其,2016-03-03,7.58,7.85,7.51,7.69,7.68,13750203.0,105387284.8,4022421680.6,4050912823.0
sz300067,安诺其,2016-03-04,7.66,8.46,7.5,8.33,7.69,50417764.0,420989503.3,4357187594.2,4388049911.0
sz300067,安诺其,2016-03-07,8.5,9.16,8.35,9.16,8.33,51162832.0,454851952.2,4791337138.4,4825274572.0
sz300067,安诺其,2016-03-08,9.16,9.29,8.78,9.2,9.16,31274166.0,283166683.6,4812260008.0,4846345640.0
sz300067,安诺其,2016-03-09,8.68,8.73,8.28,8.3,9.2,23056617.0,195968690.9,4341495442.0,4372246610.0
sz300067,安诺其,2016-03-10,8.26,9.1,8.01,8.64,8.3,24013368.0,203600165.9,4519339833.6,4551350688.0
sz300067,安诺其,2016-03-11,8.35,9.46,8.35,9.18,8.64,29389638.0,263695289.8,4801798573.2,4835810106.0
sz300067,安诺其,2016-03-14,9.7,10.1,9.5,9.59,9.18,30895207.0,302870161.3,5016257986.6,5051788553.0
sz300067,安诺其,2016-03-15,9.5,10.55,9.5,10.55,9.59,48184521.0,494518073.2,5518406857.0,5557494185.0
sz300067,安诺其,2016-03-16,10.3,10.54,9.96,10.12,10.55,37376584.0,380355008.0,5293486008.8,5330980204.0
sz300067,安诺其,2016-03-17,10.12,10.67,9.95,10.37,10.12,32711185.0,336150490.3,5424253943.8,5462674379.0
sz300067,安诺其,2016-03-18,10.57,10.9,10.17,10.54,10.37,29016945.0,305553651.4,5513176139.6,5552226418.0
sz300067,安诺其,2016-03-21,10.88,10.99,10.26,10.44,10.54,32271590.0,339387612.3,5460868965.6,5499548748.0
sz300067,安诺其,2016-03-22,10.27,10.59,9.95,10.34,10.44,24998876.0,255222091.1,5408561791.6,5446871078.0
sz300067,安诺其,2016-03-23,10.22,10.38,10.07,10.32,10.34,15858716.0,162022023.8,5398100356.8,5436335544.0
sz300067,安诺其,2016-03-24,10.13,10.69,10.0,10.02,10.32,18944672.0,194752916.7,5241178834.8,5278302534.0
sz300067,安诺其,2016-03-25,9.8,9.99,9.49,9.69,10.02,17932401.0,174047199.7,5069152374.6,5105053437.0
sz300067,安诺其,2016-03-28,9.73,10.01,9.68,9.75,9.69,16924692.0,166617014.0,5100540315.0,5136663675.0
sz300067,安诺其,2016-03-29,9.67,10.18,9.5,10.0,9.75,19772720.0,195871831.5,5231323400.0,5268373000.0
sz300067,安诺其,2016-03-30,10.08,10.44,10.03,10.27,10.0,17852206.0,183552844.4,5372569131.8,5410619071.0
sz300067,安诺其,2016-03-31,10.27,10.77,10.02,10.45,10.27,24422024.0,253208373.5,5466732953.0,5505449785.0
sz300067,安诺其,2016-04-01,10.29,10.3,9.9,10.1,10.45,14035313.0,141530539.9,5283636634.0,5321056730.0
sz300067,安诺其,2016-04-05,10.3,10.4,10.06,10.37,10.1,18702421.0,191940106.0,5424882365.8,5463302801.0
sz300067,安诺其,2016-04-06,10.21,10.54,10.1,10.2,10.37,13359889.0,137439784.5,5335949868.0,5373740460.0
sz300067,安诺其,2016-04-07,10.22,10.33,9.81,9.81,10.2,15237457.0,152759182.2,5131928255.4,5168273913.0
sz300067,安诺其,2016-04-08,9.65,10.14,9.5,9.76,9.81,12529085.0,122364381.6,5105771638.4,5141932048.0
sz300067,安诺其,2016-04-11,9.89,10.14,9.78,10.01,9.76,15725158.0,157808824.2,5236554723.4,5273641373.0
sz300067,安诺其,2016-04-12,10.16,10.19,9.62,9.8,10.01,12472691.0,122094531.9,5126696932.0,5163005540.0
sz300067,安诺其,2016-04-13,9.92,10.67,9.91,10.31,9.8,30661634.0,316731061.6,5393494425.4,5431692563.0
sz300067,安诺其,2016-04-14,10.46,10.53,10.18,10.44,10.31,16642780.0,172564843.4,5461501629.6,5500181412.0
sz300067,安诺其,2016-04-15,10.32,10.5,10.1,10.19,10.44,12330613.0,126217442.1,5330718544.6,5368472087.0
sz300067,安诺其,2016-04-18,10.13,10.13,9.49,9.69,10.19,17864338.0,173819404.1,5069152374.6,5105053437.0
sz300067,安诺其,2016-04-19,9.79,9.88,9.44,9.6,9.69,12335207.0,118297784.0,5022070464.0,5057638080.0
sz300067,安诺其,2016-04-20,9.64,9.68,8.64,8.74,9.6,17612670.0,159235848.5,4572176651.6,4604558002.0
sz300067,安诺其,2016-04-21,8.75,8.89,8.6,8.68,8.74,9550199.0,83745643.5,4540788711.2,4572947764.0
sz300067,安诺其,2016-04-22,8.47,8.83,8.26,8.8,8.68,7575339.0,65478253.4,4603564592.0,4636168240.0
sz300067,安诺其,2016-04-25,8.75,8.83,8.59,8.82,8.8,5856608.0,51199507.3,4616721748.8,4649399496.0
sz300067,安诺其,2016-04-26,8.82,8.94,8.76,8.94,8.82,6432293.0,56940280.7,4679534289.6,4712656632.0
sz300067,安诺其,2016-04-27,8.96,8.97,8.77,8.79,8.94,6121627.0,54230726.2,4601018613.6,4633585212.0
sz300067,安诺其,2016-04-28,8.8,8.85,8.2,8.61,8.79,8689150.0,74168179.1,4506799802.4,4538699508.0
sz300067,安诺其,2016-04-29,8.53,8.64,8.4,8.43,8.61,7298309.0,62021522.7,4412580991.2,4443813804.0
sz300067,安诺其,2016-05-03,8.4,8.79,8.38,8.77,8.43,8786565.0,76068263.1,4590549856.8,4623042356.0
sz300067,安诺其,2016-05-04,8.75,8.82,8.66,8.76,8.77,8807496.0,77055466.3,4585315478.4,4617770928.0
sz300067,安诺其,2016-05-05,8.75,8.85,8.7,8.83,8.76,6141117.0,53931433.3,4621956127.2,4654670924.0
sz300067,安诺其,2016-05-06,8.89,8.97,8.28,8.28,8.83,14565627.0,124238932.9,4334065315.2,4364742384.0
sz300067,安诺其,2016-05-09,8.14,8.14,7.7,7.79,8.28,14230219.0,111430796.9,4077580773.6,4106442412.0
sz300067,安诺其,2016-05-10,7.72,7.9,7.71,7.86,7.79,4756142.0,37316715.0,4114221422.4,4143342408.0
sz300067,安诺其,2016-05-25,8.08,8.36,7.81,7.86,7.86,12248498.0,98986237.0,4114221422.4,4143342408.0
sz300067,安诺其,2016-05-26,7.71,7.84,7.31,7.73,7.86,11007412.0,83069689.3,4046174503.2,4074813844.0
sz300067,安诺其,2016-05-27,7.63,7.94,7.58,7.84,7.73,8891854.0,69100770.5,4103752665.6,4132799552.0
sz300067,安诺其,2016-05-30,7.78,7.84,7.62,7.68,7.84,5444578.0,42004443.1,4020002611.2,4048456704.0
sz300067,安诺其,2016-05-31,7.71,8.04,7.69,8.01,7.68,10883299.0,86173268.1,4192737098.4,4222413828.0
sz300067,安诺其,2016-06-01,8.04,8.23,7.97,8.18,8.01,12227499.0,99653834.4,4281721531.2,4312028104.0
sz300067,安诺其,2016-06-02,8.22,8.77,8.11,8.7,8.18,22732419.0,194617780.7,4553909208.0,4586142360.0
sz300067,安诺其,2016-06-03,8.78,8.78,8.44,8.59,8.7,15200883.0,130454732.1,4496331045.6,4528156652.0
sz300067,安诺其,2016-06-06,8.59,8.69,8.47,8.57,8.59,9201754.0,78689726.0,4485862288.8,4517613796.0
sz300067,安诺其,2016-06-07,8.58,8.68,8.5,8.59,8.57,7666443.0,65824989.6,4496331045.6,4528156652.0
sz300067,安诺其,2016-06-08,8.54,8.61,8.41,8.52,8.59,7083015.0,60186713.7,4459690396.8,4491256656.0
sz300067,安诺其,2016-06-13,8.38,8.39,7.88,7.88,8.52,10328207.0,84263321.6,4124690179.2,4153885264.0
sz300067,安诺其,2016-06-14,7.91,7.94,7.82,7.88,7.88,4282245.0,33750529.9,4124690179.2,4153885264.0
sz300067,安诺其,2016-06-15,7.84,8.22,7.75,8.15,7.88,6636289.0,53580927.8,4266018396.0,4296213820.0
sz300067,安诺其,2016-06-16,8.14,8.24,8.08,8.19,8.15,6723195.0,54916690.8,4286955909.6,4317299532.0
sz300067,安诺其,2016-06-17,8.21,8.42,8.16,8.21,8.19,6276072.0,51995725.5,4297424666.4,4327842388.0
sz300067,安诺其,2016-06-20,8.25,8.33,8.02,8.29,8.21,9216870.0,75626168.9,4339299693.6,4370013812.0
sz300067,安诺其,2016-06-21,8.31,8.37,8.03,8.15,8.29,8452184.0,69506102.3,4266018396.0,4296213820.0
sz300067,安诺其,2016-06-22,8.17,8.28,8.08,8.26,8.15,5962790.0,48801521.0,4323596558.4,4354199528.0
sz300067,安诺其,2016-06-23,8.29,8.29,8.06,8.12,8.26,6113648.0,49774023.0,4250315260.8,4280399536.0
sz300067,安诺其,2016-06-24,8.09,8.2,7.6,7.98,8.12,7347594.0,58591633.9,4177033963.2,4206599544.0
sz300067,安诺其,2016-06-27,7.9,8.24,7.86,8.22,7.98,6975838.0,56756841.0,4302659044.8,4333113816.0
sz300067,安诺其,2016-06-28,8.16,8.4,8.15,8.37,8.22,10920970.0,90962268.4,4381174720.8,4412185236.0
sz300067,安诺其,2016-06-29,8.4,8.42,8.31,8.36,8.37,8580553.0,71695995.5,4375940342.4,4406913808.0
sz300067,安诺其,2016-06-30,8.38,8.42,8.29,8.39,8.36,6364615.0,53052843.2,4391643477.6,4422728092.0
sz300067,安诺其,2016-07-01,8.42,8.44,8.21,8.26,8.39,7018759.0,58526938.1,4323596558.4,4354199528.0
sz300067,安诺其,2016-07-04,8.39,9.09,8.31,9.09,8.26,26134369.0,229392206.2,4758049965.6,4791728052.0
sz300067,安诺其,2016-07-05,9.3,9.36,9.0,9.09,9.09,34788603.0,319196087.5,4758049965.6,4791728052.0
sz300067,安诺其,2016-07-06,9.1,9.48,8.97,9.18,9.09,24644242.0,227310357.3,4805159371.2,4839170904.0
sz300067,安诺其,2016-07-07,9.02,9.18,8.9,9.03,9.18,16239403.0,146623856.5,4726643695.2,4760099484.0
sz300067,安诺其,2016-07-08,9.03,9.25,8.95,9.1,9.03,14855970.0,135738913.3,4763284344.0,4796999480.0
sz300067,安诺其,2016-07-11,9.12,9.83,9.08,9.38,9.1,29616066.0,282744010.9,4909846939.2,4944599464.0
sz300067,安诺其,2016-07-12,9.38,9.8,9.15,9.75,9.38,32039048.0,303405274.1,5103518940.0,5139642300.0
sz300067,安诺其,2016-07-13,9.72,9.87,9.44,9.5,9.75,33250376.0,320193168.7,4972659480.0,5007856600.0
sz300067,安诺其,2016-07-14,9.45,9.66,9.44,9.59,9.5,15753507.0,150630512.3,5019768885.6,5055299452.0
sz300067,安诺其,2016-07-15,9.75,10.1,9.65,9.7,9.59,26842317.0,264135715.1,5077347048.0,5113285160.0
sz300067,安诺其,2016-07-18,9.58,9.62,9.35,9.44,9.7,18336325.0,173509439.2,4941253209.6,4976228032.0
sz300067,安诺其,2016-07-19,9.4,9.55,9.25,9.43,9.44,10881396.0,102237172.8,4936018831.2,4970956604.0
sz300067,安诺其,2016-07-20,9.46,9.61,9.3,9.31,9.43,13407780.0,126497961.6,4873206290.4,4907699468.0
sz300067,安诺其,2016-07-21,9.3,9.42,9.26,9.32,9.31,10700292.0,99814325.8,4878440668.8,4912970896.0
sz300067,安诺其,2016-07-22,9.32,9.38,9.15,9.18,9.32,9039047.0,83418534.8,4805159371.2,4839170904.0
sz300067,安诺其,2016-07-25,9.15,9.55,9.14,9.51,9.18,15071400.0,141654662.4,4977893858.4,5013128028.0
sz300067,安诺其,2016-07-26,9.5,9.59,9.43,9.57,9.51,11225677.0,106873370.8,5009300128.8,5044756596.0
sz300067,安诺其,2016-07-27,9.49,9.99,9.27,9.85,9.57,43290371.0,422354216.5,5155862724.0,5192356580.0
sz300067,安诺其,2016-07-28,9.94,10.65,9.66,10.5,9.85,47843591.0,483552009.9,5496097320.0,5534999400.0
sz300067,安诺其,2016-07-29,10.6,10.88,10.13,10.19,10.5,52683169.0,554838881.2,5333831589.6,5371585132.0
sz300067,安诺其,2016-08-01,10.33,10.45,9.67,9.96,10.19,34476154.0,345190082.3,5213440886.4,5250342288.0
sz300067,安诺其,2016-08-02,9.9,9.99,9.59,9.95,9.96,21724258.0,213187772.1,5208206508.0,5245070860.0
sz300067,安诺其,2016-08-03,9.88,9.91,9.63,9.85,9.95,19862112.0,193828043.6,5155862724.0,5192356580.0
sz300067,安诺其,2016-08-04,9.8,10.03,9.69,9.85,9.85,21585150.0,212835007.8,5168716974.0,5202405550.0
sz300067,安诺其,2016-08-05,9.82,9.86,9.6,9.6,9.85,17087326.0,165955723.3,5037531264.0,5070364800.0
sz300067,安诺其,2016-08-08,9.61,9.79,9.45,9.73,9.6,10213129.0,98842887.2,5105747833.2,5139025990.0
sz300067,安诺其,2016-08-09,9.74,9.92,9.66,9.9,9.73,17312476.0,169726338.2,5194954116.0,5228813700.0
sz300067,安诺其,2016-08-10,9.85,9.97,9.53,9.55,9.9,26323495.0,256499407.4,5011294122.0,5043956650.0
sz300067,安诺其,2016-08-11,9.5,9.5,9.15,9.27,9.55,18855906.0,174823091.9,4864366126.8,4896071010.0
sz300067,安诺其,2016-08-12,9.27,9.5,9.18,9.39,9.27,13585084.0,126790152.6,4927335267.6,4959450570.0
sz300067,安诺其,2016-08-15,9.41,9.65,9.24,9.54,9.39,16212070.0,153593987.8,5006046693.6,5038675020.0
sz300067,安诺其,2016-08-16,9.53,9.62,9.41,9.45,9.54,12334230.0,117019265.3,4958819838.0,4991140350.0
sz300067,安诺其,2016-08-17,9.47,9.7,9.4,9.58,9.45,14373655.0,137389279.6,5027036407.2,5059801540.0
sz300067,安诺其,2016-08-18,9.55,9.79,9.49,9.57,9.58,13508479.0,129808921.1,5021788978.8,5054519910.0
sz300067,安诺其,2016-08-19,9.5,9.52,9.28,9.38,9.57,10789917.0,101016471.7,4922087839.2,4954168940.0
sz300067,安诺其,2016-08-22,9.35,9.35,8.98,9.0,9.38,13196218.0,120912204.5,4722685560.0,4753467000.0
sz300067,安诺其,2016-08-23,8.96,9.15,8.9,9.02,9.0,8698891.0,78675643.8,4733180416.8,4764030260.0
sz300067,安诺其,2016-08-24,9.06,9.18,9.03,9.1,9.02,6933347.0,63179656.8,4775159844.0,4806283300.0
sz300067,安诺其,2016-08-25,9.06,9.07,8.82,9.0,9.1,7168954.0,63867734.2,4722685560.0,4753467000.0
sz300067,安诺其,2016-08-26,9.0,9.13,9.0,9.06,9.0,6778406.0,61444003.1,4754170130.4,4785156780.0
sz300067,安诺其,2016-08-29,9.08,9.17,9.05,9.13,9.06,6799175.0,62063740.4,4790902129.2,4822128190.0
sz300067,安诺其,2016-08-30,9.13,9.25,9.13,9.17,9.13,7399549.0,67991492.3,4811891842.8,4843254710.0
sz300067,安诺其,2016-08-31,9.15,9.19,8.96,9.07,9.17,6128102.0,55444569.3,4759417558.8,4790438410.0
sz300067,安诺其,2016-09-01,9.05,9.14,8.99,9.0,9.07,4964547.0,45045071.6,4722685560.0,4753467000.0
sz300067,安诺其,2016-09-02,9.0,9.05,8.62,8.7,9.0,14883101.0,130431310.8,4565262708.0,4595018100.0
sz300067,安诺其,2016-09-05,8.8,8.84,8.69,8.74,8.7,6021006.0,52781833.1,4586252421.6,4616144620.0
sz300067,安诺其,2016-09-06,8.78,9.05,8.68,9.02,8.74,10186770.0,90568094.2,4733180416.8,4764030260.0
sz300067,安诺其,2016-09-07,9.02,9.3,9.0,9.09,9.02,14573792.0,133792224.9,4769912415.6,4801001670.0
sz300067,安诺其,2016-09-08,9.1,9.19,8.98,9.09,9.09,7963776.0,72251263.8,4769912415.6,4801001670.0
sz300067,安诺其,2016-09-09,9.12,9.15,9.01,9.01,9.09,6138924.0,55582435.2,4727932988.4,4758748630.0
sz300067,安诺其,2016-09-12,8.8,8.89,8.63,8.63,9.01,8802858.0,77102214.0,4528530709.2,4558046690.0
sz300067,安诺其,2016-09-13,8.75,8.79,8.63,8.76,8.63,5009403.0,43593689.0,4598257502.4,4628218104.0
sz300067,安诺其,2016-09-14,8.7,8.79,8.66,8.68,8.76,3929185.0,34257987.8,4556264283.2,4709762792.0
sz300067,安诺其,2016-09-19,8.74,8.87,8.71,8.83,8.68,4006776.0,35261527.8,4635001569.2,4791152702.0
sz300067,安诺其,2016-09-20,8.83,8.86,8.68,8.72,8.83,5176629.0,45282236.9,4577260892.8,4731466768.0
sz300067,安诺其,2016-09-21,8.75,8.94,8.7,8.92,8.72,7528078.0,66638090.6,4682243940.8,4839986648.0
sz300067,安诺其,2016-09-22,8.97,9.02,8.87,8.88,8.92,6949962.0,62161035.0,4661247331.2,4818282672.0
sz300067,安诺其,2016-09-23,8.88,9.01,8.88,8.93,8.88,6013577.0,53893247.1,4687493093.2,4845412642.0
sz300067,安诺其,2016-09-26,8.91,8.99,8.69,8.69,8.93,5695400.0,50470968.7,4561513435.6,4715188786.0
sz300067,安诺其,2016-09-27,8.67,8.84,8.63,8.82,8.69,5256548.0,45780919.6,4629752416.8,4785726708.0
sz300067,安诺其,2016-09-28,8.89,8.89,8.76,8.79,8.82,3657301.0,32171680.5,4614004959.6,4769448726.0
sz300067,安诺其,2016-09-29,8.78,8.87,8.77,8.81,8.79,3362922.0,29659203.8,4624503264.4,4780300714.0
sz300067,安诺其,2016-09-30,8.83,9.0,8.8,8.99,8.81,6734967.0,60256315.1,4718988007.6,4877968606.0
sz300067,安诺其,2016-10-10,9.08,9.15,8.95,9.11,8.99,10275873.0,93152612.4,4781977836.4,4943080534.0
sz300067,安诺其,2016-10-11,9.07,9.18,9.05,9.14,9.11,9364533.0,85482235.9,4797725293.6,4959358516.0
sz300067,安诺其,2016-10-12,9.08,9.14,9.01,9.11,9.14,8897540.0,80664023.6,4781977836.4,4943080534.0
sz300067,安诺其,2016-10-13,9.08,9.38,9.05,9.32,9.11,15654825.0,144540967.4,4892210036.8,5057026408.0
sz300067,安诺其,2016-10-14,9.27,9.38,9.14,9.33,9.32,11443239.0,106252164.0,4897459189.2,5062452402.0
sz300067,安诺其,2016-10-17,9.29,9.31,9.03,9.09,9.33,9261300.0,85161973.6,4771479531.6,4932228546.0
sz300067,安诺其,2016-10-18,9.05,9.19,9.05,9.17,9.09,6022012.0,54942963.6,4813472750.8,4975636498.0
sz300067,安诺其,2016-10-19,9.19,9.24,9.13,9.15,9.17,6537469.0,59995693.6,4802974446.0,4964784510.0
sz300067,安诺其,2016-10-20,9.11,9.18,9.08,9.1,9.15,7186035.0,65487371.8,4776728684.0,4937654540.0
sz300067,安诺其,2016-10-21,9.12,9.15,8.91,9.02,9.1,7187296.0,64960725.9,4734735464.8,4894246588.0
sz300067,安诺其,2016-10-24,9.03,9.15,9.03,9.12,9.02,6025935.0,54837991.2,4787226988.8,4948506528.0
sz300067,安诺其,2016-10-25,9.15,9.17,9.07,9.09,9.12,5782256.0,52689523.7,4771479531.6,4932228546.0
sz300067,安诺其,2016-10-26,9.07,9.12,9.01,9.05,9.09,5331163.0,48272612.2,4750482922.0,4910524570.0
sz300067,安诺其,2016-10-27,9.05,9.06,8.96,8.97,9.05,4921980.0,44264111.2,4708489702.8,4867116618.0
sz300067,安诺其,2016-10-28,8.94,8.99,8.79,8.8,8.97,6862979.0,60913574.2,4620445632.0,4776066240.0
sz300067,安诺其,2016-10-31,8.79,8.9,8.72,8.84,8.8,4460729.0,39272719.0,4641447657.6,4797775632.0
sz300067,安诺其,2016-11-01,8.84,9.07,8.84,9.04,8.84,8127789.0,73152815.0,4746457785.6,4906322592.0
sz300067,安诺其,2016-11-02,9.06,9.08,8.99,9.01,9.04,5682266.0,51345396.0,4730706266.4,4890040548.0
sz300067,安诺其,2016-11-03,9.03,9.19,9.02,9.09,9.01,9517387.0,86789896.0,4772710317.6,4933459332.0
sz300067,安诺其,2016-11-04,9.09,9.18,9.05,9.16,9.09,7208679.0,65856689.0,4809463862.4,4971450768.0
sz300067,安诺其,2016-11-07,9.15,9.16,8.9,9.03,9.16,6367871.0,57330972.0,4741207279.2,4900895244.0
sz300067,安诺其,2016-11-08,9.05,9.07,8.99,9.03,9.03,4494499.0,40577720.0,4741207279.2,4900895244.0
sz300067,安诺其,2016-11-09,9.01,9.06,8.8,8.86,9.03,6360071.0,56731172.0,4651948670.4,4808630328.0
sz300067,安诺其,2016-11-10,8.94,9.03,8.94,9.03,8.86,5282386.0,47535220.0,4741207279.2,4900895244.0
sz300067,安诺其,2016-11-11,9.06,9.1,8.97,9.08,9.03,6796907.0,61415429.0,4767459811.2,4928031984.0
sz300067,安诺其,2016-11-14,9.09,9.29,9.08,9.24,9.08,12506086.0,115223730.0,4851467913.6,5014869552.0
sz300067,安诺其,2016-11-15,9.29,9.29,9.16,9.26,9.24,6905416.0,63651138.0,4861968926.4,5025724248.0
sz300067,安诺其,2016-11-16,9.27,9.56,9.23,9.41,9.26,15509441.0,145536573.0,4940726522.4,5107134468.0
sz300067,安诺其,2016-11-17,9.34,9.34,9.1,9.24,9.41,6711810.0,61915322.0,4851467913.6,5014869552.0
sz300067,安诺其,2016-11-18,9.19,9.27,9.13,9.16,9.24,5279718.0,48564028.0,4809463862.4,4971450768.0
sz300067,安诺其,2016-11-21,9.12,9.23,9.11,9.16,9.16,4739679.0,43478605.0,4809463862.4,4971450768.0
sz300067,安诺其,2016-11-22,9.16,9.28,9.15,9.28,9.16,5733193.0,52826675.0,4872469939.2,5036578944.0
sz300067,安诺其,2016-11-23,9.28,9.36,9.11,9.15,9.28,8847223.0,81546831.0,4804213356.0,4966023420.0
sz300067,安诺其,2016-11-24,9.16,9.18,9.02,9.06,9.15,5718401.0,52165645.0,4756958798.4,4917177288.0
sz300067,安诺其,2016-11-25,9.05,9.11,8.82,9.1,9.06,5477494.0,49291854.0,4777960824.0,4938886680.0
sz300067,安诺其,2016-11-28,9.09,9.18,9.04,9.11,9.1,5339252.0,48682215.0,4783211330.4,4944314028.0
sz300067,安诺其,2016-11-29,9.1,9.11,8.98,8.98,9.11,4780602.0,43269663.0,4714954747.2,4873758504.0
sz300067,安诺其,2016-11-30,8.97,9.07,8.91,8.99,8.98,4128336.0,37141341.0,4720205253.6,4879185852.0
sz300067,安诺其,2016-12-01,9.01,9.2,8.96,9.18,8.99,7271697.0,66508550.0,4819964875.2,4982305464.0
sz300067,安诺其,2016-12-02,9.18,9.18,8.87,8.87,9.18,5684300.0,51100117.0,4657199176.8,4814057676.0
sz300067,安诺其,2016-12-05,8.81,8.99,8.77,8.87,8.87,4248825.0,37873174.0,4657199176.8,4814057676.0
sz300067,安诺其,2016-12-06,8.89,8.96,8.8,8.81,8.87,3618950.0,32007850.0,4630182190.4,4785979640.0
sz300067,安诺其,2016-12-07,8.81,8.95,8.79,8.91,8.81,3549339.0,31446417.0,4682738174.4,4840304040.0
sz300067,安诺其,2016-12-08,8.92,8.94,8.77,8.8,8.91,4342392.0,38362970.0,4624926592.0,4780547200.0
sz300067,安诺其,2016-12-09,8.83,8.86,8.76,8.77,8.8,3083870.0,27152209.0,4609159796.8,4764249880.0
sz300067,安诺其,2016-12-12,8.77,8.79,8.08,8.15,8.77,6935137.0,58105558.0,4283325736.0,4427451640.0
sz300067,安诺其,2016-12-13,8.18,8.25,8.02,8.12,8.15,3922277.0,31957786.0,4273405292.8,4411154272.0
sz300067,安诺其,2016-12-14,8.12,8.19,8.03,8.04,8.12,3056415.0,24755684.0,4231302777.6,4367694624.0
sz300067,安诺其,2016-12-15,8.01,8.24,7.98,8.16,8.04,3220813.0,26255345.0,4294456550.4,4432884096.0
sz300067,安诺其,2016-12-16,8.16,8.28,8.13,8.23,8.16,2636097.0,21689116.0,4331296251.2,4470911288.0
sz300067,安诺其,2016-12-19,8.23,8.34,8.13,8.26,8.23,3045432.0,25057053.0,4347084694.4,4487208656.0
sz300067,安诺其,2016-12-20,8.37,8.38,8.24,8.3,8.26,3483978.0,28980810.0,4368135952.0,4508938480.0
sz300067,安诺其,2016-12-21,8.38,8.47,8.31,8.45,8.3,3380717.0,28430272.0,4447078168.0,4590425320.0
sz300067,安诺其,2016-12-22,8.47,8.47,8.33,8.38,8.45,2464283.0,20643903.0,4410238467.2,4552398128.0
sz300067,安诺其,2016-12-23,8.33,8.49,8.3,8.32,8.38,1927173.0,16160992.0,4378668236.8,4519810048.0
sz300067,安诺其,2016-12-26,8.32,8.43,8.27,8.43,8.32,2842001.0,23797586.0,4458490771.2,4579567152.0
sz300067,安诺其,2016-12-27,8.38,8.49,8.38,8.46,8.43,2287950.0,19328958.0,4474357286.4,4595864544.0
sz300067,安诺其,2016-12-28,8.5,8.57,8.42,8.47,8.46,3618891.0,30867962.0,4479646124.8,4601297008.0
sz300067,安诺其,2016-12-29,8.46,8.62,8.42,8.55,8.47,3160467.0,27082410.0,4521956832.0,4644756720.0
sz300067,安诺其,2016-12-30,8.54,8.67,8.52,8.6,8.55,3351042.0,28874258.0,4548401024.0,4671919040.0
sz300067,安诺其,2017-01-03,8.65,8.69,8.6,8.65,8.6,2747599.0,23761110.0,4574845216.0,4699081360.0
sz300067,安诺其,2017-01-04,8.67,8.73,8.52,8.68,8.65,3620894.0,31311946.0,4590711731.2,4715378752.0
sz300067,安诺其,2017-01-05,8.68,8.82,8.64,8.75,8.68,3990866.0,34984394.0,4627733600.0,4753406000.0
sz300067,安诺其,2017-01-06,8.76,8.85,8.57,8.6,8.75,2719849.0,23591625.0,4548401024.0,4671919040.0
sz300067,安诺其,2017-01-09,8.58,8.75,8.55,8.72,8.6,1929113.0,16765179.0,4611867084.8,4737108608.0
sz300067,安诺其,2017-01-10,8.72,8.77,8.61,8.62,8.72,2283748.0,19822647.0,4558978700.8,4682783968.0
sz300067,安诺其,2017-01-11,8.62,8.72,8.48,8.49,8.62,2049132.0,17579147.0,4490223801.6,4612161936.0
sz300067,安诺其,2017-01-12,8.49,8.57,8.39,8.43,8.49,2198740.0,18634944.0,4458490771.2,4579567152.0
sz300067,安诺其,2017-01-13,8.44,8.5,8.26,8.3,8.43,2724642.0,22886654.0,4389735872.0,4508945120.0
sz300067,安诺其,2017-01-16,8.3,8.3,7.85,8.03,8.3,5405021.0,43622337.0,4246937235.2,4362268592.0
sz300067,安诺其,2017-01-17,8.02,8.25,7.82,8.17,8.03,4134250.0,32991329.0,4320980972.8,4438323088.0
sz300067,安诺其,2017-01-18,8.15,8.17,7.82,7.87,8.17,6197889.0,49200319.0,4162315820.8,4275349168.0
sz300067,安诺其,2017-01-19,7.82,7.88,7.64,7.73,7.87,3932441.0,30503748.0,4088272083.2,4199294672.0
sz300067,安诺其,2017-01-20,7.74,7.95,7.74,7.9,7.73,3614454.0,28447379.0,4178182336.0,4291646560.0
sz300067,安诺其,2017-01-23,7.9,8.1,7.9,8.01,7.9,4479956.0,35979161.0,4236359558.4,4351403664.0
sz300067,安诺其,2017-01-24,8.0,8.0,7.87,7.95,8.01,3045484.0,24177398.0,4204626528.0,4318808880.0
sz300067,安诺其,2017-01-25,7.96,8.13,7.96,8.09,7.95,3952922.0,31911961.0,4278670265.6,4394863376.0
sz300067,安诺其,2017-01-26,8.14,8.19,8.11,8.17,8.09,2003816.0,16354264.0,4320980972.8,4438323088.0
sz300067,安诺其,2017-02-03,8.15,8.19,7.96,8.14,8.17,2847774.0,23070698.0,4305114457.6,4422025696.0
sz300067,安诺其,2017-02-06,8.13,8.24,8.13,8.21,8.14,3970796.0,32503224.0,4342136326.4,4460052944.0
sz300067,安诺其,2017-02-07,8.19,8.36,8.17,8.32,8.21,4954055.0,40905560.0,4400313548.8,4519810048.0
sz300067,安诺其,2017-02-08,8.31,8.37,8.26,8.34,8.32,3438681.0,28598915.0,4410891225.6,4530674976.0
sz300067,安诺其,2017-02-09,8.34,8.59,8.3,8.52,8.34,7008514.0,59624163.0,4506090316.8,4628459328.0
sz300067,安诺其,2017-02-10,8.51,8.58,8.43,8.51,8.52,4821404.0,41001393.0,4500801478.4,4623026864.0
sz300067,安诺其,2017-02-13,8.47,9.01,8.47,8.91,8.51,9349600.0,82159949.0,4712355014.4,4840325424.0
sz300067,安诺其,2017-02-14,8.81,8.92,8.75,8.8,8.91,7673661.0,67751954.0,4654177792.0,4780568320.0
sz300067,安诺其,2017-02-15,8.81,8.98,8.55,8.61,8.8,5196919.0,45473159.0,4553689862.4,4677351504.0
sz300067,安诺其,2017-02-16,8.58,8.7,8.55,8.67,8.61,4178179.0,36066730.0,4585422892.8,4709946288.0
sz300067,安诺其,2017-02-17,8.66,8.75,8.5,8.55,8.67,4298296.0,37041890.0,4521956832.0,4644756720.0
sz300067,安诺其,2017-02-20,8.55,8.63,8.46,8.61,8.55,4926472.0,41986967.0,4553689862.4,4677351504.0
sz300067,安诺其,2017-02-21,8.6,8.75,8.56,8.7,8.61,7673664.0,66457089.0,4601289408.0,4726243680.0
sz300067,安诺其,2017-02-22,8.7,8.73,8.51,8.6,8.7,6885521.0,59181961.0,4548401024.0,4671919040.0
sz300067,安诺其,2017-02-23,8.57,8.59,8.41,8.52,8.6,5404751.0,45817037.0,4506090316.8,4628459328.0
sz300067,安诺其,2017-02-24,8.51,8.69,8.48,8.65,8.52,6439652.0,55428974.0,4574845216.0,4699081360.0
sz300067,安诺其,2017-02-27,8.67,8.72,8.49,8.5,8.65,5578129.0,47836443.0,4503913190.0,4624647190.0
sz300067,安诺其,2017-02-28,8.54,8.56,8.42,8.54,8.5,3295894.0,27989664.0,4525108075.6,4646410235.6
sz300067,安诺其,2017-03-01,8.5,8.67,8.49,8.61,8.54,5577289.0,47898079.0,4562199125.4,4684495565.4
sz300067,安诺其,2017-03-02,8.64,9.0,8.64,8.71,8.61,13718360.0,121112143.0,4615186339.4,4738903179.4
sz300067,安诺其,2017-03-03,8.62,8.67,8.47,8.57,8.71,7533255.0,64515577.0,4541004239.8,4662732519.8
sz300067,安诺其,2017-03-06,8.54,8.64,8.53,8.62,8.57,5238967.0,44992908.0,4567497846.8,4689936326.8
sz300067,安诺其,2017-03-07,8.62,8.84,8.53,8.83,8.62,10407747.0,90637749.0,4678770996.2,4804192316.2
sz300067,安诺其,2017-03-08,8.83,8.83,8.64,8.74,8.83,6428769.0,55962612.0,4631082503.6,4755225463.6
sz300067,安诺其,2017-03-09,8.73,8.73,8.51,8.62,8.74,4817414.0,41425711.0,4567497846.8,4689936326.8
sz300067,安诺其,2017-03-10,8.62,8.66,8.56,8.56,8.62,2637555.0,22676247.0,4535705518.4,4657291758.4
sz300067,安诺其,2017-03-13,8.57,8.61,8.46,8.61,8.56,2685592.0,22955529.0,4562199125.4,4684495565.4
sz300067,安诺其,2017-03-14,8.58,8.63,8.51,8.52,8.61,2899405.0,24870010.0,4514510632.8,4635528712.8
sz300067,安诺其,2017-03-15,8.5,8.58,8.5,8.55,8.52,2196285.0,18725166.0,4530406797.0,4651850997.0
sz300067,安诺其,2017-03-16,8.56,8.73,8.54,8.7,8.55,5366833.0,46509466.0,4609887618.0,4733462418.0
sz300067,安诺其,2017-03-17,8.74,8.77,8.48,8.51,8.7,5396422.0,46571665.0,4509211911.4,4630087951.4
sz300067,安诺其,2017-03-20,8.47,8.54,8.46,8.53,8.51,4107222.0,34885591.0,4519809354.2,4640969474.2
sz300067,安诺其,2017-03-21,8.52,8.66,8.51,8.56,8.53,3193028.0,27438412.0,4535705518.4,4657291758.4
sz300067,安诺其,2017-03-22,8.6,8.67,8.52,8.63,8.56,5696922.0,49094192.0,4572796568.2,4695377088.2
sz300067,安诺其,2017-03-23,8.68,8.7,8.5,8.57,8.63,4105543.0,35302847.0,4541004239.8,4662732519.8
sz300067,安诺其,2017-03-24,8.56,8.7,8.5,8.7,8.57,6111379.0,52691438.0,4609887618.0,4733462418.0
sz300067,安诺其,2017-03-27,8.73,8.8,8.66,8.79,8.7,8619945.0,75359965.0,4657576110.6,4782429270.6
sz300067,安诺其,2017-03-28,8.76,8.82,8.63,8.67,8.79,3595498.0,31229953.0,4593991453.8,4717140133.8
sz300067,安诺其,2017-03-29,8.69,8.7,8.53,8.55,8.67,3628149.0,31256740.0,4530406797.0,4651850997.0
sz300067,安诺其,2017-03-30,8.55,8.58,8.13,8.19,8.55,6541848.0,54600451.0,4339652826.6,4455983586.6
sz300067,安诺其,2017-03-31,8.2,8.28,8.17,8.23,8.19,2514446.0,20705769.0,4360847712.2,4477746632.2
sz300067,安诺其,2017-04-05,8.23,8.36,8.23,8.35,8.23,3087432.0,25652927.0,4424432369.0,4543035769.0
sz300067,安诺其,2017-04-06,8.3,8.41,8.3,8.38,8.35,2906167.0,24325573.0,4440328533.2,4559358053.2
sz300067,安诺其,2017-04-07,8.38,8.39,8.32,8.36,8.38,2016040.0,16844043.0,4429731090.4,4548476530.4
sz300067,安诺其,2017-04-10,8.36,8.36,8.2,8.22,8.36,3610334.0,29791612.0,4355548990.8,4472305870.8
sz300067,安诺其,2017-04-11,8.22,8.28,8.16,8.27,8.22,2723442.0,22390116.0,4382042597.8,4499509677.8
sz300067,安诺其,2017-04-12,8.27,8.27,8.12,8.12,8.27,3997603.0,32667129.0,4302561776.8,4417898256.8
sz300067,安诺其,2017-04-13,8.13,8.23,8.09,8.12,8.12,4315668.0,35237618.0,4302561776.8,4417898256.8
sz300067,安诺其,2017-04-14,8.14,8.17,8.09,8.12,8.12,2759636.0,22420721.0,4302561776.8,4417898256.8
sz300067,安诺其,2017-04-17,8.12,8.12,7.96,8.0,8.12,3844401.0,30820113.0,4238977120.0,4352609120.0
sz300067,安诺其,2017-04-18,8.0,8.05,7.84,7.89,8.0,3739963.0,29715357.0,4180691184.6,4292760744.6
sz300067,安诺其,2017-04-19,7.88,7.92,7.72,7.86,7.89,2655284.0,20719679.0,4164795020.4,4276438460.4
sz300067,安诺其,2017-04-20,7.86,7.93,7.71,7.75,7.86,3682508.0,28657476.0,4106509085.0,4216590085.0
sz300067,安诺其,2017-04-21,7.79,7.82,7.74,7.76,7.75,1669563.0,12977864.0,4111807806.4,4222030846.4
sz300067,安诺其,2017-04-24,7.76,7.82,7.62,7.65,7.76,3171827.0,24366962.0,4053521871.0,4162182471.0
sz300067,安诺其,2017-04-25,7.63,7.79,7.63,7.71,7.65,1895385.0,14611999.0,4085314199.4,4194827039.4
sz300067,安诺其,2017-04-26,7.75,7.82,7.67,7.8,7.71,2029616.0,15716184.0,4133002692.0,4243793892.0
sz300067,安诺其,2017-04-27,7.79,7.98,7.65,7.93,7.8,3475016.0,27203746.0,4201886070.2,4314523790.2
sz300067,安诺其,2017-04-28,6.62,6.69,6.56,6.66,6.59,2673761.0,17761366.0,4234738142.88,4348256510.88
sz300067,安诺其,2017-05-02,6.65,6.74,6.61,6.65,6.66,2488097.0,16602757.0,4228379677.2,4341727597.2
sz300067,安诺其,2017-05-03,6.64,6.68,6.55,6.58,6.65,2082580.0,13750875.0,4183870417.44,4296025201.44
sz300067,安诺其,2017-05-04,6.56,6.67,6.55,6.62,6.58,2765832.0,18302872.0,4209304280.16,4322140856.16
sz300067,安诺其,2017-05-05,6.62,6.64,6.48,6.5,6.62,2980786.0,19590369.0,4133002692.0,4243793892.0
sz300067,安诺其,2017-05-08,6.54,6.54,6.1,6.17,6.5,7459549.0,47002228.0,3923173324.56,4028339740.56
sz300067,安诺其,2017-05-09,6.19,6.43,6.13,6.38,6.17,4155243.0,26200686.0,4056701103.84,4165446927.84
sz300067,安诺其,2017-05-10,6.4,6.4,6.22,6.22,6.38,2247091.0,14173758.0,3954965652.96,4060984308.96
sz300067,安诺其,2017-05-11,6.22,6.27,6.05,6.26,6.22,2694500.0,16616742.0,3980399515.68,4087099963.68
sz300067,安诺其,2017-05-12,6.25,6.25,6.17,6.22,6.26,1868251.0,11595221.0,3954965652.96,4060984308.96
sz300067,安诺其,2017-05-15,6.21,6.27,6.17,6.18,6.22,1725320.0,10714726.0,3929531790.24,4034868654.24
sz300067,安诺其,2017-05-16,6.19,6.38,6.12,6.36,6.18,3170491.0,19765613.0,4043984172.48,4152389100.48
sz300067,安诺其,2017-05-17,6.35,6.42,6.31,6.36,6.36,2691722.0,17156747.0,4043984172.48,4152389100.48
sz300067,安诺其,2017-05-18,6.29,6.44,6.28,6.31,6.36,2246527.0,14314720.0,4012191844.08,4119744532.08
sz300067,安诺其,2017-05-19,6.31,6.37,6.26,6.3,6.31,2069604.0,13034542.0,4005833378.4,4113215618.4
sz300067,安诺其,2017-05-22,6.3,6.3,6.09,6.1,6.3,2598589.0,16077098.0,3878664064.8,3982637344.8
sz300067,安诺其,2017-05-23,6.1,6.14,5.96,5.97,6.1,2348980.0,14222870.0,3796004010.96,3897761466.96
sz300067,安诺其,2017-05-24,5.97,6.08,5.92,6.06,5.97,2017745.0,12138832.0,3853230202.08,3956521690.08
sz300067,安诺其,2017-05-25,6.07,6.14,5.96,6.11,6.06,2065300.0,12518713.0,3885022530.48,3989166258.48
sz300067,安诺其,2017-05-26,6.07,6.14,6.07,6.09,6.11,1433404.0,8748008.0,3872305599.12,3976108431.12
sz300067,安诺其,2017-05-31,6.13,6.19,6.07,6.09,6.09,1439264.0,8822597.0,3872305599.12,3976108431.12
sz300067,安诺其,2017-06-01,6.08,6.14,5.96,5.97,6.09,1687608.0,10217512.0,3796004010.96,3897761466.96
sz300067,安诺其,2017-06-02,5.97,6.1,5.92,6.07,5.97,1970572.0,11852347.0,3859588667.76,3963050603.76
sz300067,安诺其,2017-06-05,6.09,6.11,6.04,6.08,6.07,1941910.0,11802386.0,3865947133.44,3969579517.44
sz300067,安诺其,2017-06-06,6.05,6.14,6.05,6.13,6.08,2008062.0,12248807.0,3897739461.84,4002224085.84
sz300067,安诺其,2017-06-07,6.12,6.26,6.1,6.26,6.13,3720666.0,23104297.0,3980399515.68,4087099963.68
sz300067,安诺其,2017-06-08,6.24,6.29,6.19,6.21,6.26,2599463.0,16176861.0,3948607187.28,4054455395.28
sz300067,安诺其,2017-06-09,6.21,6.24,6.15,6.24,6.21,1790147.0,11098734.0,3967682584.32,4074042136.32
sz300067,安诺其,2017-06-12,6.21,6.21,6.05,6.07,6.24,2508176.0,15314538.0,3859588667.76,3963050603.76
sz300067,安诺其,2017-06-13,6.05,6.17,6.05,6.16,6.07,2221681.0,13598192.0,3916814858.88,4021810826.88
sz300067,安诺其,2017-06-14,6.14,6.15,6.04,6.11,6.16,3040393.0,18516756.0,3885022530.48,3989166258.48
sz300067,安诺其,2017-06-15,6.08,6.3,6.08,6.28,6.11,5207097.0,32388776.0,3993116447.04,4100157791.04
sz300067,安诺其,2017-06-16,6.28,6.28,6.21,6.24,6.28,1945116.0,12134242.0,3967682584.32,4074042136.32
sz300067,安诺其,2017-06-19,6.23,6.27,6.22,6.26,6.24,3314868.0,20696202.0,3980399515.68,4087099963.68
sz300067,安诺其,2017-06-20,6.26,6.33,6.23,6.31,6.26,6025682.0,37851124.0,4012191844.08,4119744532.08
sz300067,安诺其,2017-06-21,6.33,6.34,6.2,6.27,6.31,5228631.0,32698277.0,3986757981.36,4093628877.36
sz300067,安诺其,2017-06-22,6.32,6.32,6.16,6.16,6.27,5282489.0,33063987.0,3916814858.88,4021810826.88
sz300067,安诺其,2017-06-23,6.12,6.16,6.06,6.13,6.16,3691866.0,22550988.0,3897739461.84,4002224085.84
sz300067,安诺其,2017-06-26,6.11,6.63,6.08,6.34,6.13,8180026.0,51718762.0,4031267241.12,4139331273.12
sz300067,安诺其,2017-06-27,6.3,6.35,6.24,6.28,6.34,4233716.0,26620480.0,3993116447.04,4100157791.04
sz300067,安诺其,2017-06-28,6.27,6.32,6.2,6.26,6.28,2988702.0,18676595.0,3980399515.68,4087099963.68
sz300067,安诺其,2017-06-29,6.23,6.36,6.22,6.28,6.26,3792634.0,23849706.0,3993116447.04,4100157791.04
sz300067,安诺其,2017-06-30,6.27,6.31,6.2,6.29,6.28,3505507.0,21950661.0,3999474912.72,4106686704.72
sz300067,安诺其,2017-07-03,6.29,6.35,6.25,6.35,6.29,3737022.0,23586817.0,4037625706.8,4145860186.8
sz300067,安诺其,2017-07-04,6.32,6.35,6.27,6.29,6.35,2759415.0,17374769.0,3999474912.72,4106686704.72
sz300067,安诺其,2017-07-05,6.3,6.35,6.27,6.35,6.29,4788997.0,30223267.0,4037625706.8,4145860186.8
sz300067,安诺其,2017-07-06,6.36,6.36,6.29,6.33,6.35,4509336.0,28534925.0,4024908775.44,4132802359.44
sz300067,安诺其,2017-07-07,6.3,6.39,6.29,6.39,6.33,4739210.0,30090240.0,4063059569.52,4171975841.52
sz300067,安诺其,2017-07-10,6.37,6.5,6.36,6.41,6.39,7005379.0,45096526.0,4075776500.88,4185033668.88
sz300067,安诺其,2017-07-11,6.37,6.4,6.27,6.28,6.41,4574205.0,28908950.0,3993116447.04,4100157791.04
sz300067,安诺其,2017-07-12,6.3,6.3,6.14,6.24,6.28,4619901.0,28687013.0,3967682584.32,4074042136.32
sz300067,安诺其,2017-07-13,6.24,6.25,6.18,6.2,6.24,3680280.0,22860059.0,3944347049.6,4050024809.6
sz300067,安诺其,2017-07-14,6.2,6.2,6.12,6.13,6.2,3511044.0,21602537.0,3899814099.04,4006137723.04
sz300067,安诺其,2017-07-17,6.1,6.11,5.79,5.79,6.13,6892160.0,40742363.0,3683511196.32,3783937588.32
sz300067,安诺其,2017-07-18,5.79,5.85,5.7,5.85,5.79,3081925.0,17812900.0,3721682296.8,3823149376.8
sz300067,安诺其,2017-07-19,5.82,6.05,5.78,5.98,5.85,4130156.0,24607505.0,3804386347.84,3908108251.84
sz300067,安诺其,2017-07-20,5.91,6.3,5.91,6.14,5.98,7729682.0,47241061.0,3906175949.12,4012673021.12
sz300067,安诺其,2017-07-21,6.08,6.16,6.02,6.07,6.14,4881954.0,29641711.0,3861642998.56,3974209934.56
sz300067,安诺其,2017-07-24,6.04,6.36,6.03,6.29,6.07,11003310.0,68383467.0,4001603700.32,4118250492.32
sz300067,安诺其,2017-07-25,6.22,6.27,6.12,6.15,6.29,7593915.0,46863586.0,3912537799.2,4026588319.2
sz300067,安诺其,2017-07-26,6.15,6.32,6.08,6.28,6.15,7153896.0,44379537.0,3995241850.24,4111703194.24
sz300067,安诺其,2017-07-27,6.27,6.51,6.22,6.43,6.28,15344399.0,98520161.0,4090669601.44,4209912665.44
sz300067,安诺其,2017-07-28,6.42,6.47,6.34,6.38,6.43,7284400.0,46559749.0,4058860351.04,4177176175.04
sz300067,安诺其,2017-07-31,6.39,6.53,6.32,6.48,6.38,12396769.0,79816420.0,4122478851.84,4242649155.84
sz300067,安诺其,2017-08-01,6.45,6.72,6.44,6.55,6.48,17446406.0,115001289.0,4167011802.4,4288480242.4
sz300067,安诺其,2017-08-02,6.48,6.61,6.35,6.36,6.55,12947936.0,83483151.0,4046136650.88,4164081578.88
sz300067,安诺其,2017-08-03,6.45,7.0,6.45,7.0,6.36,20107893.0,136278379.0,4453295056.0,4583108656.0
sz300067,安诺其,2017-08-04,7.24,7.32,7.03,7.05,7.0,50908741.0,364558366.0,4485104306.4,4615845146.4
sz300067,安诺其,2017-08-07,6.96,7.09,6.8,6.96,7.05,25232716.0,175181448.0,4427847655.68,4556919463.68
sz300067,安诺其,2017-08-08,6.96,7.12,6.85,6.91,6.96,25671767.0,179283007.0,4396038405.28,4524182973.28
sz300067,安诺其,2017-08-09,6.8,6.87,6.75,6.85,6.91,14550836.0,99131493.0,4357867304.8,4484899184.8
sz300067,安诺其,2017-08-10,6.78,6.83,6.53,6.63,6.85,15443460.0,103114578.0,4217906603.04,4340858627.04
sz300067,安诺其,2017-08-11,6.52,6.62,6.4,6.43,6.63,11069659.0,71958710.0,4090669601.44,4209912665.44
sz300067,安诺其,2017-08-14,6.45,6.58,6.43,6.57,6.43,8414991.0,54902215.0,4179735502.56,4301574838.56
sz300067,安诺其,2017-08-15,6.55,6.64,6.49,6.58,6.57,8103981.0,53176356.0,4186097352.64,4308122136.64
sz300067,安诺其,2017-08-16,6.58,6.62,6.51,6.57,6.58,10430428.0,68403238.0,4179735502.56,4301574838.56
sz300067,安诺其,2017-08-17,6.56,6.75,6.5,6.71,6.57,15635323.0,103832262.0,4268801403.68,4393237011.68
sz300067,安诺其,2017-08-18,6.67,6.87,6.6,6.73,6.71,12546135.0,84021395.0,4281525103.84,4406331607.84
sz300067,安诺其,2017-08-21,6.7,6.83,6.63,6.76,6.73,10082471.0,67672586.0,4300610654.08,4425973502.08
sz300067,安诺其,2017-08-22,6.72,6.74,6.56,6.57,6.76,8439434.0,56009720.0,4179735502.56,4301574838.56
sz300067,安诺其,2017-08-23,6.53,6.64,6.46,6.6,6.57,6874620.0,44966091.0,4198821052.8,4321216732.8
sz300067,安诺其,2017-08-24,6.61,6.81,6.52,6.75,6.6,15697195.0,104920516.0,4294248804.0,4419426204.0
sz300067,安诺其,2017-08-25,6.81,7.2,6.74,6.96,6.75,31117023.0,217478201.0,4427847655.68,4556919463.68
sz300067,安诺其,2017-08-28,6.9,7.04,6.84,6.95,6.96,18272356.0,127085169.0,4421806617.6,4550692977.6
sz300067,安诺其,2017-08-29,6.9,6.99,6.83,6.86,6.95,14419359.0,99268808.0,4364545812.48,4491763140.48
sz300067,安诺其,2017-08-30,6.81,6.93,6.8,6.87,6.86,9771085.0,66953160.0,4370908124.16,4498310900.16
sz300067,安诺其,2017-08-31,6.85,6.92,6.82,6.87,6.87,7415217.0,50927470.0,4370908124.16,4498310900.16
sz300067,安诺其,2017-09-01,6.95,7.56,6.91,7.56,6.87,57048956.0,417961156.0,4809907630.08,4950106318.08
sz300067,安诺其,2017-09-04,7.68,7.88,7.47,7.71,7.56,56979366.0,435720088.0,4944489367.68,5048322713.28
sz300067,安诺其,2017-09-05,7.7,8.21,7.59,8.07,7.71,51166811.0,402519877.0,5175360466.56,5284042061.76
sz300067,安诺其,2017-09-06,7.88,8.86,7.75,8.25,8.07,68120579.0,563066821.0,5290796016.0,5401901736.0
sz300067,安诺其,2017-09-07,8.1,8.37,7.86,7.91,8.25,34113945.0,275492686.0,5072751089.28,5179277906.88
sz300067,安诺其,2017-09-08,7.98,8.04,7.77,7.92,7.91,18335622.0,144589591.0,5079164175.36,5185825666.56
sz300067,安诺其,2017-09-11,7.83,7.96,7.77,7.85,7.92,15340575.0,120437060.0,5034272572.8,5139991348.8
sz300067,安诺其,2017-09-12,7.87,7.92,7.7,7.71,7.85,22600965.0,175447612.0,4944489367.68,5048322713.28
sz300067,安诺其,2017-09-13,7.66,7.75,7.57,7.63,7.71,17567943.0,134081698.0,4893184679.04,4995940635.84
sz300067,安诺其,2017-09-14,7.58,7.7,7.47,7.57,7.63,20063158.0,152139636.0,4854706162.56,4956654077.76
sz300067,安诺其,2017-09-15,7.55,7.77,7.46,7.65,7.57,22205785.0,169599343.0,4906010851.2,5009036155.2
sz300067,安诺其,2017-09-18,7.63,7.69,7.43,7.55,7.65,16599678.0,124869697.0,4841879990.4,4943558558.4
sz300067,安诺其,2017-09-19,7.54,7.63,7.46,7.51,7.55,11411298.0,85998898.0,4816227646.08,4917367519.68
sz300067,安诺其,2017-09-20,7.51,7.64,7.45,7.61,7.51,13304841.0,100479481.0,4880358506.88,4982845116.48
sz300067,安诺其,2017-09-21,7.61,7.74,7.55,7.62,7.61,15945271.0,122090826.0,4886771592.96,4989392876.16
sz300067,安诺其,2017-09-22,7.58,7.6,7.28,7.35,7.62,13888907.0,102608130.0,4713618268.8,4812603364.8
sz300067,安诺其,2017-09-25,7.35,7.4,7.03,7.07,7.35,10632416.0,76603993.0,4534051858.56,4629266093.76
sz300067,安诺其,2017-09-26,7.08,7.16,7.03,7.13,7.07,5554464.0,39449731.0,4572530375.04,4668552651.84
sz300067,安诺其,2017-09-27,7.16,7.25,7.08,7.17,7.13,5786000.0,41445290.0,4598182719.36,4694743690.56
sz300067,安诺其,2017-09-28,7.18,7.2,7.09,7.09,7.17,5724248.0,40769366.0,4546878030.72,4642361613.12
sz300067,安诺其,2017-09-29,7.15,7.24,7.11,7.18,7.09,6266220.0,45006234.0,4604595805.44,4701291450.24
sz300067,安诺其,2017-10-09,7.26,7.31,7.2,7.24,7.18,5450892.0,39524064.0,4643074321.92,4740578008.32
sz300067,安诺其,2017-10-10,7.26,7.43,7.21,7.42,7.24,9283913.0,67796566.0,4758509871.36,4858437682.56
sz300067,安诺其,2017-10-11,7.42,7.42,7.28,7.29,7.42,6382545.0,46749132.0,4675139752.32,4773316806.72
sz300067,安诺其,2017-10-12,7.27,7.33,7.09,7.12,7.29,8676347.0,62325666.0,4566117288.96,4662004892.16
sz300067,安诺其,2017-10-13,7.13,7.29,7.08,7.23,7.12,5932887.0,42577323.0,4636661235.84,4734030248.64
sz300067,安诺其,2017-10-16,7.22,7.22,6.95,6.97,7.23,8623875.0,60849827.0,4469920997.76,4563788496.96
sz300067,安诺其,2017-10-17,6.95,7.01,6.9,6.96,6.97,4069020.0,28314388.0,4463507911.68,4557240737.28
sz300067,安诺其,2017-10-18,7.0,7.04,6.76,6.77,6.96,5974822.0,41242095.0,4341659276.16,4432833303.36
sz300067,安诺其,2017-10-19,6.77,6.82,6.54,6.6,6.77,5456164.0,36315465.0,4232636812.8,4321521388.8
sz300067,安诺其,2017-10-20,6.63,6.73,6.58,6.72,6.6,3522901.0,23523539.0,4309593845.76,4400094504.96
sz300067,安诺其,2017-10-23,6.7,6.8,6.67,6.77,6.72,3238828.0,21833719.0,4341659276.16,4432833303.36
sz300067,安诺其,2017-10-24,6.74,6.75,6.6,6.66,6.77,3963081.0,26418547.0,4271115329.28,4360807946.88
sz300067,安诺其,2017-10-25,6.67,6.73,6.61,6.72,6.66,3357140.0,22442022.0,4309593845.76,4400094504.96
sz300067,安诺其,2017-10-26,6.7,6.82,6.66,6.79,6.72,5256808.0,35374959.0,4354485448.32,4445928822.72
sz300067,安诺其,2017-10-27,6.78,6.84,6.66,6.68,6.79,3869785.0,26086165.0,4283941501.44,4373903466.24
sz300067,安诺其,2017-10-30,6.65,6.69,6.38,6.4,6.68,6930728.0,44963441.0,4108630323.2,4194821427.2
sz300067,安诺其,2017-10-31,6.4,6.46,6.39,6.46,6.4,2928504.0,18806179.0,4147148732.48,4234147878.08
sz300067,安诺其,2017-11-01,6.46,6.54,6.42,6.48,6.46,2976988.0,19301011.0,4159988202.24,4247256695.04
sz300067,安诺其,2017-11-02,6.47,6.47,6.3,6.3,6.48,4780549.0,30325951.0,4044432974.4,4129277342.4
sz300067,安诺其,2017-11-03,6.3,6.35,6.13,6.2,6.3,4755428.0,29583422.0,3980235625.6,4063733257.6
sz300067,安诺其,2017-11-06,6.23,6.27,6.14,6.27,6.2,3054076.0,18976316.0,4025173769.76,4109614116.96
sz300067,安诺其,2017-11-07,6.27,6.3,6.2,6.26,6.27,4381337.0,27345305.0,4018754034.88,4103059708.48
sz300067,安诺其,2017-11-08,6.25,6.32,6.23,6.25,6.26,5569202.0,34973852.0,4012334300.0,4096505300.0
sz300067,安诺其,2017-11-09,6.26,6.35,6.19,6.3,6.25,7529820.0,47062994.0,4044432974.4,4129277342.4
sz300067,安诺其,2017-11-10,6.27,6.45,6.27,6.41,6.3,8501539.0,54079934.0,4115050058.08,4201375835.68
sz300067,安诺其,2017-11-13,6.38,6.62,6.37,6.53,6.41,9503304.0,62006989.0,4192086876.64,4280028737.44
sz300067,安诺其,2017-11-14,6.53,6.63,6.43,6.57,6.53,6700460.0,43680847.0,4217765816.16,4306246371.36
sz300067,安诺其,2017-11-15,6.52,6.61,6.28,6.36,6.57,5760960.0,37212615.0,4082951383.68,4168603793.28
sz300067,安诺其,2017-11-16,6.33,6.63,6.3,6.55,6.36,7564839.0,49291658.0,4204926346.4,4293137554.4
sz300067,安诺其,2017-11-17,6.54,6.6,6.37,6.4,6.55,7796340.0,50704940.0,4108630323.2,4194821427.2
sz300067,安诺其,2017-11-24,6.02,6.18,5.85,5.9,6.4,9460624.0,57121386.0,3787643579.2,3867101003.2
sz300067,安诺其,2017-11-27,5.91,6.1,5.8,5.91,5.9,4051832.0,24259699.0,3794063314.08,3873655411.68
sz300067,安诺其,2017-11-28,5.95,6.01,5.92,5.99,5.91,2134720.0,12747244.0,3845421193.12,3926090679.52
sz300067,安诺其,2017-11-29,5.99,6.14,5.92,6.12,5.99,7312175.0,44159555.0,3928877746.56,4011297989.76
sz300067,安诺其,2017-11-30,6.16,6.21,6.02,6.21,6.12,8212455.0,50055943.0,3986655360.48,4070287666.08
sz300067,安诺其,2017-12-01,6.25,6.36,6.14,6.15,6.21,9214603.0,57566289.0,3948136951.2,4030961215.2
sz300067,安诺其,2017-12-04,6.12,6.25,6.05,6.13,6.15,8353483.0,51346919.0,3935935491.84,4459850408.64
sz300067,安诺其,2017-12-05,6.07,6.09,5.88,5.9,6.13,8211086.0,48971714.0,3788257651.2,4292515075.2
sz300067,安诺其,2017-12-06,5.9,5.95,5.78,5.92,5.9,6269671.0,36716527.0,3801099202.56,4307065973.76
sz300067,安诺其,2017-12-07,5.91,5.97,5.88,5.91,5.92,3286040.0,19476040.0,3794678426.88,4299790524.48
sz300067,安诺其,2017-12-08,5.91,5.99,5.89,5.94,5.91,3878583.0,23086904.0,3813940753.92,4321616872.32
sz300067,安诺其,2017-12-11,5.91,6.06,5.91,6.04,5.94,5035871.0,30093618.0,3878148510.72,4394371365.12
sz300067,安诺其,2017-12-12,6.02,6.13,5.98,5.98,6.04,6412667.0,38785387.0,3839623856.64,4350718669.44
sz300067,安诺其,2017-12-13,5.94,6.02,5.92,5.96,5.98,3701477.0,22059556.0,3826782305.28,4336167770.88
sz300067,安诺其,2017-12-14,5.94,5.99,5.9,5.92,5.96,3001320.0,17795460.0,3801099202.56,4307065973.76
sz300067,安诺其,2017-12-15,5.92,5.95,5.87,5.89,5.92,2715327.0,16021750.0,3781836875.52,4285239625.92
sz300067,安诺其,2017-12-18,5.92,5.92,5.81,5.86,5.89,2741151.0,16061715.0,3762574548.48,4263413278.08
sz300067,安诺其,2017-12-19,5.85,5.91,5.83,5.9,5.86,2977732.0,17512822.0,3788257651.2,4292515075.2
sz300067,安诺其,2017-12-20,5.9,5.9,5.73,5.74,5.9,3327100.0,19302049.0,3685525240.32,4176107886.72
sz300067,安诺其,2017-12-21,5.75,5.9,5.62,5.8,5.74,6250580.0,36086255.0,3724049894.4,4219760582.4
sz300067,安诺其,2017-12-22,5.78,5.81,5.65,5.67,5.8,4713880.0,26960147.0,3640579810.56,4125179741.76
sz300067,安诺其,2017-12-25,5.65,5.68,5.43,5.49,5.67,5457680.0,30295399.0,3525005848.32,3994221654.72
sz300067,安诺其,2017-12-26,5.49,5.6,5.47,5.57,5.49,3548740.0,19611478.0,3576372053.76,4052425248.96
sz300067,安诺其,2017-12-27,5.56,5.57,5.4,5.44,5.57,3628621.0,19947979.0,3493471211.52,3954425041.92
sz300067,安诺其,2017-12-28,5.41,5.49,5.41,5.43,5.44,2561752.0,13980460.0,3487049389.44,3947155878.24
sz300067,安诺其,2017-12-29,5.6,5.97,5.6,5.97,5.43,9972078.0,58490556.0,3833827781.76,4339690716.96
sz300067,安诺其,2018-01-02,6.01,6.09,5.83,6.03,5.97,17750958.0,106178432.0,3872358714.24,4383305699.04
sz300067,安诺其,2018-01-03,5.94,6.03,5.9,5.99,6.03,8641417.0,51646537.0,3846671425.92,4354229044.32
sz300067,安诺其,2018-01-04,5.99,6.12,5.92,6.05,5.99,11344800.0,68588849.0,3885202358.4,4397844026.4
sz300067,安诺其,2018-01-05,6.0,6.12,5.95,6.09,6.05,8945828.0,54028194.0,3910889646.72,4426920681.12
sz300067,安诺其,2018-01-08,6.06,6.08,5.96,6.06,6.09,6226224.0,37523654.0,3891624180.48,4405113190.08
sz300067,安诺其,2018-01-09,6.03,6.05,5.94,5.96,6.06,5781224.0,34577303.0,3827405959.68,4332421553.28
sz300067,安诺其,2018-01-10,5.96,5.98,5.71,5.82,5.96,6647595.0,38874247.0,3737500450.56,4230653261.76
sz300067,安诺其,2018-01-11,5.81,6.07,5.72,6.05,5.82,9437239.0,56080572.0,3885202358.4,4397844026.4
sz300067,安诺其,2018-01-12,5.99,6.04,5.85,5.87,6.05,6181803.0,36644535.0,3769609560.96,4266999080.16
sz300067,安诺其,2018-01-15,5.81,5.97,5.79,5.83,5.87,4515780.0,26463970.0,3743922272.64,4237922425.44
sz300067,安诺其,2018-01-16,5.77,5.97,5.76,5.88,5.83,4877723.0,28686586.0,3776031383.04,4274268243.84
sz300067,安诺其,2018-01-17,5.89,6.12,5.81,6.05,5.88,9531596.0,57041324.0,3885202358.4,4397844026.4
sz300067,安诺其,2018-01-18,5.99,6.44,5.98,6.28,6.05,20112347.0,124506602.0,4032904266.24,4565034791.04
sz300067,安诺其,2018-01-19,6.21,6.27,6.07,6.12,6.28,12341781.0,76024769.0,3930155112.96,4448728172.16
sz300067,安诺其,2018-01-22,6.09,6.26,6.07,6.14,6.12,9245785.0,56956310.0,3942998757.12,4463266499.52
sz300067,安诺其,2018-01-23,6.2,6.32,6.08,6.2,6.14,9304259.0,57579214.0,3981529689.6,4506881481.6
sz300067,安诺其,2018-01-24,6.19,6.59,6.14,6.37,6.2,19203478.0,122469433.0,4090700664.96,4630457264.16
sz300067,安诺其,2018-01-25,6.32,6.59,6.3,6.3,6.37,20441172.0,132194994.0,4045747910.4,4579573118.4
sz300067,安诺其,2018-01-26,6.3,6.38,6.22,6.26,6.3,11959402.0,75275355.0,4020060622.08,4550496463.68
sz300067,安诺其,2018-01-29,6.23,6.33,6.03,6.06,6.26,10105747.0,62096332.0,3891624180.48,4405113190.08
sz300067,安诺其,2018-01-30,6.09,6.35,6.06,6.31,6.06,10670153.0,66343640.0,4052169732.48,4586842282.08
sz300067,安诺其,2018-01-31,6.24,6.24,6.07,6.09,6.31,8966992.0,54897733.0,3910889646.72,4426920681.12
sz300067,安诺其,2018-02-22,5.79,6.07,5.56,5.87,6.09,9176882.0,53694869.0,3769609560.96,4266999080.16
sz300067,安诺其,2018-02-23,5.92,5.99,5.8,5.9,5.87,5025539.0,29568328.0,3788875027.2,4288806571.2
sz300067,安诺其,2018-02-26,5.9,5.96,5.77,5.96,5.9,6810160.0,40075421.0,3827405959.68,4332421553.28
sz300067,安诺其,2018-05-10,6.4,6.56,6.11,6.56,5.96,28354096.0,179979386.0,4212715284.48,4768571374.08
sz300067,安诺其,2018-05-11,6.56,7.13,6.32,6.73,6.56,52983398.0,358622180.0,4321886259.84,4892147156.64
sz300067,安诺其,2018-05-14,6.57,6.73,6.36,6.46,6.73,26219118.0,170552482.0,4148497063.68,4695879737.28
sz300067,安诺其,2018-05-15,6.52,6.97,6.38,6.75,6.46,32724870.0,219967623.0,4334729904.0,4906685484.0
sz300067,安诺其,2018-05-16,6.62,6.92,6.6,6.65,6.75,24591236.0,166143286.0,4270511683.2,4833993847.2
sz300067,安诺其,2018-05-17,6.56,7.32,6.45,7.19,6.65,59026260.0,415314058.0,4617290075.52,5226528685.92
sz300067,安诺其,2018-05-18,7.02,7.33,6.96,7.18,7.19,47699459.0,341328519.0,4610868253.44,5219259522.24
sz300067,安诺其,2018-05-21,7.28,7.65,7.15,7.24,7.18,42954572.0,317388398.0,4649399185.92,5262874504.32
sz300067,安诺其,2018-05-22,7.15,7.28,7.01,7.22,7.24,32695666.0,232881745.0,4636555541.76,5248336176.96
sz300067,安诺其,2018-05-23,7.32,7.76,7.31,7.41,7.22,46744613.0,350338140.0,4758570161.28,5386450286.88
sz300067,安诺其,2018-05-24,7.3,7.57,7.21,7.33,7.41,24954380.0,183390273.0,4707195584.64,5328296977.44
sz300067,安诺其,2018-05-25,7.26,7.32,6.93,6.94,7.33,22351754.0,159012624.0,4456744523.52,5044799593.92
sz300067,安诺其,2018-05-28,7.1,7.36,7.01,7.08,6.94,24614743.0,176873207.0,4546650032.64,5146567885.44
sz300067,安诺其,2018-05-29,6.95,7.05,6.73,6.88,7.08,21987591.0,150795336.0,4418213591.04,5001184611.84
sz300067,安诺其,2018-05-30,6.61,6.79,6.52,6.57,6.83,15999479.0,106262802.0,4219137106.56,4775840537.76
sz300067,安诺其,2018-05-31,6.7,6.83,6.63,6.79,6.57,14260286.0,96012157.0,4360417192.32,4935762138.72
sz300067,安诺其,2018-06-01,6.71,6.87,6.42,6.52,6.79,12425062.0,82578858.0,4187027996.16,4739494719.36
sz300067,安诺其,2018-06-04,6.54,6.67,6.48,6.52,6.52,7669657.0,50374217.0,4187027996.16,4739494719.36
sz300067,安诺其,2018-06-05,6.5,6.76,6.35,6.72,6.52,17870059.0,117260911.0,4315464437.76,4884877992.96
sz300067,安诺其,2018-06-06,6.66,6.75,6.57,6.72,6.72,12710901.0,84555317.0,4315464437.76,4884877992.96
sz300067,安诺其,2018-06-07,6.7,6.79,6.57,6.57,6.72,13612705.0,91006033.0,4219137106.56,4775840537.76
sz300067,安诺其,2018-06-08,6.56,6.6,6.28,6.34,6.57,13215081.0,84547329.0,4071435198.72,4608649773.12
sz300067,安诺其,2018-06-11,6.3,6.37,6.06,6.1,6.34,10254799.0,63524011.0,3917311468.8,4434189844.8
sz300067,安诺其,2018-06-12,6.08,6.2,6.0,6.17,6.1,6470423.0,39632901.0,3962264223.36,4485073990.56
sz300067,安诺其,2018-06-13,6.11,6.13,5.92,5.92,6.17,7758572.0,46663096.0,3801718671.36,4303344898.56
sz300067,安诺其,2018-06-14,5.87,6.02,5.8,5.85,5.92,5860572.0,34694128.0,3756765916.8,4252460752.8
sz300067,安诺其,2018-06-15,5.92,6.02,5.61,5.69,5.85,7229987.0,42081657.0,3654016763.52,4136154133.92
sz300067,安诺其,2018-06-19,5.53,5.74,5.12,5.22,5.69,10023435.0,54323822.0,3352191125.76,3794503440.96
sz300067,安诺其,2018-06-20,5.37,5.56,5.3,5.49,5.22,12352628.0,67334402.0,3525580321.92,3990770860.32
sz300067,安诺其,2018-06-21,5.46,5.76,5.46,5.58,5.49,14003993.0,78785385.0,3583376720.64,4056193333.44
sz300067,安诺其,2018-06-22,5.47,5.75,5.46,5.71,5.58,9227896.0,52295438.0,3666860407.68,4150692461.28
sz300067,安诺其,2018-06-25,5.75,5.83,5.57,5.58,5.71,6363979.0,36205142.0,3583878920.64,4056193333.44
sz300067,安诺其,2018-06-26,5.46,5.68,5.4,5.63,5.58,5377547.0,29935530.0,3615992531.04,4092539151.84
sz300067,安诺其,2018-06-27,5.63,5.68,5.51,5.54,5.63,4558720.0,25533029.0,3558188032.32,4027116678.72
sz300067,安诺其,2018-06-28,5.53,5.64,5.44,5.45,5.54,5141480.0,28512767.0,3500383533.6,3961694205.6
sz300067,安诺其,2018-06-29,5.52,5.74,5.49,5.69,5.45,8259871.0,46441664.0,3654528863.52,4136154133.92
sz300067,安诺其,2018-07-02,5.68,5.84,5.64,5.77,5.69,9704189.0,55829739.0,3705910640.16,4194307443.36
sz300067,安诺其,2018-07-03,5.8,5.83,5.61,5.8,5.77,9186492.0,52722376.0,3725178806.4,4216114934.4
sz300067,安诺其,2018-07-04,5.77,5.8,5.62,5.64,5.8,6083293.0,34656071.0,3622415253.12,4099808315.52
sz300067,安诺其,2018-07-05,5.64,5.68,5.3,5.33,5.64,6045167.0,33175484.0,3423310868.64,3874464241.44
sz300067,安诺其,2018-07-06,5.33,5.47,5.16,5.34,5.33,5886137.0,31592213.0,3429733590.72,3881733405.12
sz300067,安诺其,2018-07-09,5.4,5.6,5.35,5.56,5.34,6082201.0,33518058.0,3571033476.48,4041655006.08
sz300067,安诺其,2018-07-10,5.59,5.98,5.57,5.88,5.56,14982322.0,87497190.0,3776560583.04,4274268243.84
sz300067,安诺其,2018-07-11,5.68,5.87,5.6,5.79,5.88,10626941.0,60902602.0,3718756084.32,4208845770.72
sz300067,安诺其,2018-07-12,5.76,6.07,5.76,5.94,5.79,10909801.0,64594857.0,3815096915.52,4317883225.92
sz300067,安诺其,2018-07-13,5.94,6.0,5.86,5.95,5.94,6508805.0,38583100.0,3821519637.6,4325152389.6
sz300067,安诺其,2018-07-16,5.97,6.15,5.9,6.1,5.95,10746062.0,65087690.0,3917860468.8,4389967772.8
sz300067,安诺其,2018-07-17,6.08,6.35,6.05,6.26,6.1,11140837.0,69222585.0,4020624022.08,4505114468.48
sz300067,安诺其,2018-07-18,6.26,6.29,6.11,6.13,6.26,7602681.0,47071033.0,3937128635.04,4411557778.24
sz300067,安诺其,2018-07-19,6.06,6.19,6.04,6.08,6.13,4705055.0,28692906.0,3905015024.64,4375574435.84
sz300067,安诺其,2018-07-20,6.1,6.17,6.0,6.07,6.08,7465260.0,45485671.0,3898592302.56,4368377767.36
sz300067,安诺其,2018-07-23,6.03,6.14,6.01,6.13,6.07,4906620.0,29862910.0,3937128635.04,4411557778.24
sz300067,安诺其,2018-07-24,6.14,6.23,6.09,6.19,6.13,5734819.0,35375854.0,3975664967.52,4454737789.12
sz300067,安诺其,2018-07-25,6.19,6.22,6.14,6.17,6.19,4105920.0,25368613.0,3962819523.36,4440344452.16
sz300067,安诺其,2018-07-26,6.19,6.26,6.12,6.2,6.17,5052124.0,31343228.0,3982087689.6,4461934457.6
sz300067,安诺其,2018-07-27,6.19,6.24,6.06,6.06,6.2,3701018.0,22835645.0,3892169580.48,4361181098.88
sz300067,安诺其,2018-07-30,6.06,6.17,6.04,6.15,6.06,4763882.0,29081346.0,3949974079.2,4425951115.2
sz300067,安诺其,2018-07-31,6.09,6.13,5.98,6.05,6.15,3443100.0,20865283.0,3885746858.4,4353984430.4
sz300067,安诺其,2018-08-01,6.11,6.16,6.0,6.07,6.05,3211902.0,19532875.0,3898592302.56,4368377767.36
sz300067,安诺其,2018-08-02,6.02,6.06,5.59,5.73,6.07,6358131.0,36753604.0,3680219751.84,4123691039.04
sz300067,安诺其,2018-08-03,5.75,5.88,5.69,5.78,5.73,3099480.0,17951672.0,3712333362.24,4159674381.44
sz300067,安诺其,2018-08-06,5.8,5.83,5.6,5.71,5.78,2764903.0,15783643.0,3667374307.68,4109297702.08
sz300067,安诺其,2018-08-07,5.74,5.89,5.72,5.88,5.71,3705298.0,21581066.0,3776560583.04,4231641066.24
sz300067,安诺其,2018-08-08,5.88,5.9,5.74,5.77,5.88,2780654.0,16180817.0,3705910640.16,4152477712.96
sz300067,安诺其,2018-08-09,5.77,5.9,5.66,5.85,5.77,3587140.0,20944686.0,3757292416.8,4210051060.8
sz300067,安诺其,2018-08-10,5.83,5.88,5.79,5.82,5.85,3535411.0,20620545.0,3738024250.56,4188461055.36
sz300067,安诺其,2018-08-13,5.75,5.85,5.7,5.85,5.82,2876252.0,16689077.0,3757292416.8,4210051060.8
sz300067,安诺其,2018-08-14,5.82,5.98,5.82,5.84,5.85,3055180.0,18028063.0,3750869694.72,4202854392.32
sz300067,安诺其,2018-08-15,5.84,5.89,5.72,5.74,5.84,2375596.0,13789727.0,3686642473.92,4130887707.52
sz300067,安诺其,2018-08-16,5.66,5.78,5.6,5.68,5.74,2257020.0,12866167.0,3648106141.44,4087707696.64
sz300067,安诺其,2018-08-17,5.74,5.78,5.51,5.54,5.68,2551019.0,14394768.0,3558188032.32,3986954337.92
sz300067,安诺其,2018-08-20,5.54,5.64,5.46,5.62,5.54,1784270.0,9904063.0,3609569808.96,4044527685.76
sz300067,安诺其,2018-08-21,5.6,5.76,5.6,5.71,5.62,2232180.0,12694961.0,3667374307.68,4109297702.08
sz300067,安诺其,2018-08-22,5.65,5.75,5.64,5.71,5.71,2215919.0,12612397.0,3667374307.68,4109297702.08
sz300067,安诺其,2018-08-23,5.68,5.78,5.68,5.75,5.71,2533932.0,14538919.0,3693065196.0,4138084376.0
sz300067,安诺其,2018-08-24,5.72,5.77,5.7,5.72,5.75,1591008.0,9128690.0,3673797029.76,4116494370.56
sz300067,安诺其,2018-08-27,5.72,5.79,5.67,5.77,5.72,3195021.0,18340891.0,3705910640.16,4152477712.96
sz300067,安诺其,2018-08-28,5.75,5.83,5.75,5.81,5.77,2987688.0,17296718.0,3731601528.48,4181264386.88
sz300067,安诺其,2018-08-29,5.79,5.8,5.55,5.7,5.81,3169500.0,18042873.0,3660951585.6,4102101033.6
sz300067,安诺其,2018-08-30,5.7,5.74,5.64,5.7,5.7,2432352.0,13851746.0,3660951585.6,4102101033.6
sz300067,安诺其,2018-08-31,5.68,5.71,5.56,5.56,5.7,2633440.0,14761809.0,3571033476.48,4001347674.88
sz300067,安诺其,2018-09-03,5.56,5.6,5.52,5.59,5.56,1743812.0,9715275.0,3590301642.72,4022937680.32
sz300067,安诺其,2018-09-04,5.61,5.67,5.59,5.65,5.59,1959888.0,11052844.0,3628837975.2,4066117691.2
sz300067,安诺其,2018-09-05,5.62,5.67,5.47,5.52,5.65,1885934.0,10522711.0,3545342588.16,3972561000.96
sz300067,安诺其,2018-09-06,5.52,5.55,5.4,5.43,5.52,2182661.0,11964961.0,3487538089.44,3907790984.64
sz300067,安诺其,2018-09-07,5.47,5.57,5.4,5.42,5.43,1828260.0,9996231.0,3481115367.36,3900594316.16
sz300067,安诺其,2018-09-10,5.4,5.42,5.31,5.34,5.42,1731284.0,9293603.0,3429733590.72,3843020968.32
sz300067,安诺其,2018-09-11,5.38,5.44,5.2,5.4,5.34,3975425.0,21093729.0,3468269923.2,3886200979.2
sz300067,安诺其,2018-09-12,5.38,5.38,5.26,5.31,5.4,2077648.0,11043539.0,3410465424.48,3821430962.88
sz300067,安诺其,2018-09-13,5.34,5.38,5.27,5.34,5.31,1836529.0,9763962.0,3429733590.72,3843020968.32
sz300067,安诺其,2018-09-14,5.34,5.34,5.26,5.3,5.34,2036937.0,10780858.0,3404042702.4,3814234294.4
sz300067,安诺其,2018-09-17,5.27,5.28,5.13,5.16,5.3,1858200.0,9631704.0,3314124593.28,3713480935.68
sz300067,安诺其,2018-09-18,5.12,5.2,5.06,5.19,5.16,3059490.0,15673461.0,3333392759.52,3735070941.12
sz300067,安诺其,2018-09-19,5.32,5.55,5.32,5.38,5.19,6152660.0,33369161.0,3455424479.04,3871807642.24
sz300067,安诺其,2018-09-20,5.33,5.38,5.3,5.34,5.38,2751535.0,14660163.0,3429733590.72,3843020968.32
sz300067,安诺其,2018-09-21,5.35,5.43,5.28,5.41,5.34,3183055.0,17072016.0,3474692645.28,3893397647.68
sz300067,安诺其,2018-09-25,5.39,5.39,5.28,5.32,5.41,1881620.0,10044686.0,3416888146.56,3828627631.36
sz300067,安诺其,2018-09-26,5.32,5.36,5.31,5.36,5.32,1884452.0,10057949.0,3442579034.88,3857414305.28
sz300067,安诺其,2018-09-27,5.35,5.36,5.26,5.32,5.36,2072136.0,10974835.0,3416888146.56,3828627631.36
sz300067,安诺其,2018-09-28,5.28,5.33,5.25,5.29,5.32,1469796.0,7768825.0,3397619980.32,3807037625.92
sz300067,安诺其,2018-10-08,5.23,5.24,4.95,5.06,5.29,5401221.0,27384639.0,3249897372.48,3641514250.88
sz300067,安诺其,2018-10-09,5.05,5.08,4.9,5.05,5.06,5967500.0,29735221.0,3243474650.4,3634317582.4
sz300067,安诺其,2018-10-10,5.02,5.04,4.83,4.98,5.05,9437760.0,46412860.0,3198515595.84,3583940903.04
sz300067,安诺其,2018-10-11,4.8,4.84,4.48,4.48,4.98,7856000.0,36290140.0,2877379491.84,3224107479.04
sz300067,安诺其,2018-10-12,4.39,4.5,4.03,4.49,4.48,11628182.0,49767545.0,2883802213.92,3231304147.52
sz300067,安诺其,2018-10-15,4.45,4.45,4.31,4.31,4.49,3769940.0,16461685.0,2768193216.48,3101764114.88
sz300067,安诺其,2018-10-16,4.33,4.34,4.1,4.25,4.31,6588279.0,27679242.0,2729656884.0,3058584104.0
sz300067,安诺其,2018-10-17,4.31,4.34,4.1,4.31,4.25,7731220.0,32692861.0,2768193216.48,3101764114.88
sz300067,安诺其,2018-10-18,4.25,4.25,4.04,4.15,4.31,3499480.0,14592406.0,2665429663.2,2986617419.2
sz300067,安诺其,2018-10-19,4.07,4.24,4.03,4.22,4.15,3734743.0,15507275.0,2710388717.76,3036994098.56
sz300067,安诺其,2018-10-22,4.26,4.54,4.23,4.38,4.22,7173219.0,31543921.0,2813152271.04,3152140794.24
sz300067,安诺其,2018-10-23,4.35,4.43,4.28,4.32,4.38,3935600.0,17068526.0,2774615938.56,3108960783.36
sz300067,安诺其,2018-10-24,4.37,4.42,4.3,4.39,4.32,2822839.0,12302224.0,2819574993.12,3159337462.72
sz300067,安诺其,2018-10-25,4.29,4.37,4.17,4.37,4.39,3107479.0,13279334.0,2806729548.96,3144944125.76
sz300067,安诺其,2018-10-26,4.38,4.45,4.34,4.38,4.37,3153259.0,13841326.0,2813152271.04,3152140794.24
sz300067,安诺其,2018-10-29,4.4,4.4,4.27,4.35,4.38,2048052.0,8874092.0,2793884104.8,3130550788.8
sz300067,安诺其,2018-10-30,4.35,4.61,4.28,4.52,4.35,8190859.0,36453375.0,2903070380.16,3252894152.96
sz300067,安诺其,2018-10-31,4.49,4.72,4.46,4.64,4.52,8904080.0,41073700.0,2980143045.12,3339254174.72
sz300067,安诺其,2018-11-01,4.63,4.69,4.56,4.64,4.64,4737776.0,21942771.0,2980143045.12,3339254174.72
sz300067,安诺其,2018-11-02,4.64,4.71,4.63,4.68,4.64,5829938.0,27246791.0,3005833933.44,3368040848.64
sz300067,安诺其,2018-11-05,4.71,4.71,4.57,4.63,4.68,4750720.0,22019156.0,2973720323.04,3332057506.24
sz300067,安诺其,2018-11-06,4.65,4.65,4.55,4.62,4.63,2995580.0,13730240.0,2967297600.96,3324860837.76
sz300067,安诺其,2018-11-07,4.62,4.65,4.57,4.57,4.62,2573580.0,11866796.0,2935183990.56,3288877495.36
sz300067,安诺其,2018-11-08,4.58,4.64,4.48,4.5,4.57,3252120.0,14814710.0,2890224936.0,3238500816.0
sz300067,安诺其,2018-11-09,4.48,4.56,4.46,4.53,4.5,2145436.0,9716480.0,2909493102.24,3260090821.44
sz300067,安诺其,2018-11-12,4.54,4.64,4.5,4.64,4.53,3723019.0,17086550.0,2980143045.12,3339254174.72
sz300067,安诺其,2018-11-13,4.59,4.8,4.58,4.77,4.64,6563768.0,30954098.0,3063638432.16,3432810864.96
sz300067,安诺其,2018-11-14,4.79,4.81,4.71,4.74,4.77,4864904.0,23174362.0,3044370265.92,3411220859.52
sz300067,安诺其,2018-11-15,4.74,4.8,4.71,4.79,4.74,4042144.0,19222690.0,3076483876.32,3447204201.92
sz300067,安诺其,2018-11-16,4.82,4.88,4.77,4.88,4.79,5259876.0,25373199.0,3134288375.04,3511974218.24
sz300067,安诺其,2018-11-19,5.01,5.1,4.92,4.94,4.88,8658148.0,43203889.0,3172824707.52,3555154229.12
sz300067,安诺其,2018-11-20,5.1,5.43,5.02,5.43,4.94,17119919.0,90952708.0,3487538089.44,3907790984.64
sz300067,安诺其,2018-11-21,5.43,5.54,5.12,5.28,5.43,21687510.0,115437416.0,3391197258.24,3799840957.44
sz300067,安诺其,2018-11-22,5.3,5.48,5.21,5.35,5.28,14800753.0,79074377.0,3436156312.8,3850217636.8
sz300067,安诺其,2018-11-23,5.26,5.27,4.85,4.91,5.35,11851636.0,60022109.0,3153556541.28,3533564223.68
sz300067,安诺其,2018-11-26,4.91,5.01,4.84,4.87,4.91,4821028.0,23745748.0,3127865652.96,3504777549.76
sz300067,安诺其,2018-11-27,4.92,5.11,4.89,4.99,4.87,5784700.0,28819912.0,3204938317.92,3591137571.52
sz300067,安诺其,2018-11-28,4.98,5.03,4.82,5.03,4.99,4011762.0,19779745.0,3230629206.24,3619924245.44
sz300067,安诺其,2018-11-29,5.04,5.04,4.75,4.75,5.03,4369520.0,21463985.0,3050792988.0,3418417528.0
sz300067,安诺其,2018-11-30,4.78,5.06,4.78,4.91,4.75,5621320.0,27733530.0,3153556541.28,3533564223.68
sz300067,安诺其,2018-12-03,5.06,5.1,4.91,5.01,4.91,7634880.0,38282616.0,3217783762.08,3605530908.48
sz300067,安诺其,2018-12-04,4.99,5.19,4.95,5.17,5.01,7348561.0,37286287.0,3692787315.36,3720677604.16
sz300067,安诺其,2018-12-05,5.07,5.69,4.99,5.42,5.17,28674878.0,157063477.0,3871355367.36,3900594316.16
sz300067,安诺其,2018-12-06,5.33,5.33,5.14,5.16,5.42,17294075.0,90108461.0,3685644593.28,3713480935.68
sz300067,安诺其,2018-12-07,5.18,5.22,5.08,5.1,5.16,5361360.0,27583570.0,3642788260.8,3670300924.8
sz300067,安诺其,2018-12-10,5.07,5.21,5.02,5.18,5.1,5968400.0,30769035.0,3699930037.44,3727874272.64
sz300067,安诺其,2018-12-11,5.19,5.43,5.18,5.29,5.18,11130928.0,59196360.0,3778499980.32,3807037625.92
sz300067,安诺其,2018-12-12,5.31,5.44,5.22,5.26,5.29,4836840.0,25645405.0,3757071814.08,3785447620.48
sz300067,安诺其,2018-12-13,5.27,5.39,5.2,5.31,5.26,5942390.0,31569495.0,3792785424.48,3821430962.88
sz300067,安诺其,2018-12-14,5.3,5.37,5.13,5.23,5.31,4833318.0,25303978.0,3735643647.84,3763857615.04
sz300067,安诺其,2018-12-17,5.16,5.56,5.1,5.39,5.23,11062798.0,58734801.0,3849927201.12,3879004310.72
sz300067,安诺其,2018-12-18,5.38,5.57,5.22,5.45,5.39,11742287.0,63897239.0,3892783533.6,3922184321.6
sz300067,安诺其,2018-12-19,5.35,5.39,5.16,5.2,5.45,7903358.0,41557826.0,3714215481.6,3742267609.6
sz300067,安诺其,2018-12-20,5.19,5.24,5.12,5.2,5.2,2985220.0,15497020.0,3714215481.6,3742267609.6
sz300067,安诺其,2018-12-21,5.18,5.23,5.07,5.12,5.2,3283960.0,16895975.0,3657073704.96,3684694261.76
sz300067,安诺其,2018-12-24,5.1,5.18,5.04,5.07,5.12,3223563.0,16439106.0,3621360094.56,3648710919.36
sz300067,安诺其,2018-12-25,5.02,5.03,4.83,4.97,5.07,4337540.0,21363868.0,3549932873.76,3576744234.56
sz300067,安诺其,2018-12-26,5.0,5.05,4.89,5.0,4.97,3131820.0,15549574.0,3571361040.0,3598334240.0
sz300067,安诺其,2018-12-27,5.06,5.1,4.86,4.86,5.0,2667900.0,13286940.0,3471362930.88,3497580881.28
sz300067,安诺其,2018-12-28,4.85,5.03,4.85,4.95,4.86,2432980.0,12048331.0,3535647429.6,3562350897.6
sz300067,安诺其,2019-01-02,4.97,5.04,4.88,4.94,4.95,1522600.0,7511768.0,3528504707.52,3555154229.12
sz300067,安诺其,2019-01-03,5.03,5.03,4.9,4.9,4.94,2053945.0,10149503.0,3499933819.2,3526367555.2
sz300067,安诺其,2019-01-04,4.85,5.0,4.82,4.98,4.9,3489680.0,17168279.0,3557075595.84,3583940903.04
sz300067,安诺其,2019-01-07,5.03,5.06,4.97,5.04,4.98,3221480.0,16200150.0,3599931928.32,3627120913.92
sz300067,安诺其,2019-01-08,5.0,5.04,4.98,5.0,5.04,1974925.0,9876251.0,3571361040.0,3598334240.0
sz300067,安诺其,2019-01-09,5.01,5.08,4.96,4.99,5.0,3762691.0,18956654.0,3564218317.92,3591137571.52
sz300067,安诺其,2019-01-10,4.97,5.01,4.92,4.94,4.99,2265146.0,11235971.0,3528504707.52,3555154229.12
sz300067,安诺其,2019-01-11,4.97,5.0,4.93,4.97,4.94,1550331.0,7687582.0,3549932873.76,3576744234.56
sz300067,安诺其,2019-01-14,4.97,5.05,4.95,5.0,4.97,2982380.0,14906690.0,3571361040.0,3598334240.0
sz300067,安诺其,2019-01-15,4.97,5.05,4.93,5.02,5.0,2919487.0,14603175.0,3585646484.16,3612727576.96
sz300067,安诺其,2019-01-16,5.03,5.05,4.96,4.98,5.02,2263060.0,11297283.0,3557075595.84,3583940903.04
sz300067,安诺其,2019-01-17,5.0,5.0,4.93,4.94,4.98,2118440.0,10499191.0,3528504707.52,3555154229.12
sz300067,安诺其,2019-01-18,4.98,5.02,4.94,4.98,4.94,2478800.0,12343925.0,3557075595.84,3583940903.04
sz300067,安诺其,2019-01-21,5.1,5.21,5.01,5.15,4.98,7751532.0,39790974.0,3678501871.2,3706284267.2
sz300067,安诺其,2019-01-22,5.15,5.27,5.11,5.18,5.15,7190648.0,37453341.0,3699930037.44,3727874272.64
sz300067,安诺其,2019-01-23,5.14,5.2,5.05,5.14,5.18,3481595.0,17797230.0,3671359149.12,3699087598.72
sz300067,安诺其,2019-01-24,5.14,5.18,5.08,5.09,5.14,3708055.0,18997749.0,3635645538.72,3663104256.32
sz300067,安诺其,2019-01-25,5.09,5.12,4.87,4.9,5.09,7471040.0,37300598.0,3499933819.2,3526367555.2
sz300067,安诺其,2019-01-28,4.98,4.99,4.88,4.9,4.9,3000020.0,14763027.0,3499933819.2,3526367555.2
sz300067,安诺其,2019-01-29,4.88,4.88,4.53,4.78,4.9,2896740.0,13794457.0,3414221154.24,3440007533.44
sz300067,安诺其,2019-01-30,4.73,4.92,4.73,4.79,4.78,2030592.0,9770195.0,3421363876.32,3447204201.92
sz300067,安诺其,2019-01-31,4.77,4.86,4.66,4.76,4.79,2757080.0,13166787.0,3399935710.08,3425614196.48
sz300067,安诺其,2019-02-01,4.76,4.95,4.76,4.89,4.76,3160480.0,15336260.0,3492791097.12,3519170886.72
sz300067,安诺其,2019-02-11,4.9,4.99,4.86,4.98,4.89,2996036.0,14789344.0,3557075595.84,3583940903.04
sz300067,安诺其,2019-02-12,4.98,5.23,4.95,5.12,4.98,7527027.0,38391937.0,3657073704.96,3684694261.76
sz300067,安诺其,2019-02-13,5.12,5.17,5.06,5.13,5.12,7357589.0,37669809.0,3664216427.04,3691890930.24
sz300067,安诺其,2019-02-14,5.12,5.16,5.05,5.15,5.13,5202305.0,26635384.0,3678501871.2,3706284267.2
sz300067,安诺其,2019-02-15,5.1,5.16,5.1,5.12,5.15,4059120.0,20807481.0,3657073704.96,3684694261.76
sz300067,安诺其,2019-02-18,5.14,5.36,5.12,5.32,5.12,10810800.0,57041709.0,3799928146.56,3828627631.36
sz300067,安诺其,2019-02-19,5.34,5.36,5.21,5.33,5.32,8674052.0,45858771.0,3807070868.64,3835824299.84
sz300067,安诺其,2019-02-20,5.33,5.33,5.22,5.24,5.33,6047044.0,31792581.0,3742786369.92,3771054283.52
sz300067,安诺其,2019-02-21,5.31,5.47,5.23,5.27,5.24,13546021.0,72482706.0,3764214536.16,3792644288.96
sz300067,安诺其,2019-02-22,5.34,5.43,5.22,5.42,5.27,10410417.0,55593152.0,3871355367.36,3900594316.16
sz300067,安诺其,2019-02-25,5.68,5.68,5.4,5.64,5.42,23716113.0,131830736.0,4028495253.12,4058921022.72
sz300067,安诺其,2019-02-26,5.63,5.9,5.49,5.58,5.64,20464156.0,115628941.0,3985638920.64,4015741011.84
sz300067,安诺其,2019-02-27,5.55,5.68,5.5,5.58,5.58,12087079.0,67550726.0,3985638920.64,4015741011.84
sz300067,安诺其,2019-02-28,5.62,5.78,5.52,5.66,5.58,10462868.0,59135703.0,4042780697.28,4073314359.68
sz300067,安诺其,2019-03-01,5.63,5.72,5.59,5.66,5.66,7393011.0,41719993.0,4042780697.28,4073314359.68
sz300067,安诺其,2019-03-04,5.66,5.8,5.62,5.68,5.66,12257017.0,69880271.0,4057066141.44,4087707696.64
sz300067,安诺其,2019-03-05,5.65,5.8,5.62,5.79,5.68,18397224.0,104962628.0,4135636084.32,4166871049.92
sz300067,安诺其,2019-03-06,5.8,5.86,5.71,5.85,5.79,15598536.0,90311131.0,4178492416.8,4210051060.8
sz300067,安诺其,2019-03-07,5.9,6.16,5.89,6.0,5.85,19266176.0,116080133.0,4285633248.0,4318001088.0
sz300067,安诺其,2019-03-08,5.89,6.25,5.75,5.96,6.0,23459832.0,139449801.0,4257062359.68,4289214414.08
sz300067,安诺其,2019-03-11,6.12,6.56,6.11,6.56,5.96,17286932.0,111823172.0,4685625684.48,4721014522.88
sz300067,安诺其,2019-03-12,7.11,7.11,6.57,6.67,6.56,53837993.0,368706377.0,4764195627.36,4800177876.16
sz300067,安诺其,2019-03-13,6.49,6.97,6.43,6.59,6.67,31112247.0,208133062.0,4707053850.72,4742604528.32
sz300067,安诺其,2019-03-14,6.52,6.62,5.96,6.23,6.59,22142033.0,140134386.0,4449915855.84,4483524463.04
sz300067,安诺其,2019-03-15,6.26,6.51,6.23,6.36,6.23,13327424.0,84782654.0,4542771242.88,4577081153.28
sz300067,安诺其,2019-03-18,6.4,6.46,6.22,6.46,6.36,10892656.0,69094391.0,4614198463.68,4649047838.08
sz300067,安诺其,2019-03-19,6.5,6.7,6.48,6.58,6.46,14100726.0,92706372.0,4699911128.64,4735407859.84
sz300067,安诺其,2019-03-20,6.56,6.56,6.35,6.45,6.58,9937523.0,63965404.0,4607055741.6,4641851169.6
sz300067,安诺其,2019-03-21,6.47,6.68,6.47,6.56,6.45,11383770.0,74682980.0,4685625684.48,4721014522.88
sz300067,安诺其,2019-03-22,7.1,7.22,6.67,6.71,6.56,44937035.0,310764494.0,4792766515.68,4828964550.08
sz300067,安诺其,2019-03-25,6.62,7.28,6.36,7.11,6.71,48650543.0,340229683.0,5078475398.88,5116831289.28
sz300067,安诺其,2019-03-26,7.05,7.66,7.05,7.18,7.11,61970533.0,454950553.0,5128474453.44,5167207968.64
sz300067,安诺其,2019-03-27,7.41,7.76,6.93,7.55,7.18,67557410.0,498414303.0,5392755170.4,5433484702.4
sz300067,安诺其,2019-03-28,7.46,7.49,6.8,6.82,7.55,50421463.0,360966218.0,4871336458.56,4908127903.36
sz300067,安诺其,2019-03-29,6.82,7.18,6.51,6.9,6.82,34357142.0,233543746.0,4928478235.2,4965701251.2
sz300067,安诺其,2019-04-01,6.96,7.4,6.91,7.31,6.9,37502317.0,270660141.0,5221329840.48,5260764658.88
sz300067,安诺其,2019-04-02,7.55,7.79,7.3,7.58,7.31,59989624.0,456107921.0,5414183336.64,5455074707.84
sz300067,安诺其,2019-04-03,7.35,7.42,7.21,7.4,7.58,37703751.0,275732649.0,5285614339.2,5325534675.2
sz300067,安诺其,2019-04-04,7.49,7.78,7.4,7.55,7.4,48358512.0,366849890.0,5392755170.4,5433484702.4
sz300067,安诺其,2019-04-08,7.98,8.31,7.82,8.31,7.55,94253175.0,772863024.0,5935602048.48,5980431506.88
sz300067,安诺其,2019-04-09,8.0,8.02,7.5,7.67,8.31,67138079.0,518622161.0,5478467835.36,5519844724.16
sz300067,安诺其,2019-04-10,7.48,7.94,7.31,7.66,7.67,42998775.0,327231879.0,5471325113.28,5512648055.68
sz300067,安诺其,2019-04-11,7.59,7.68,7.21,7.24,7.66,29019967.0,215393529.0,5171330785.92,5210387979.52
sz300067,安诺其,2019-04-12,7.2,7.35,7.13,7.29,7.24,14223280.0,102980100.0,5207044396.32,5246371321.92
sz300067,安诺其,2019-04-15,7.38,7.43,7.0,7.0,7.29,17227599.0,125257550.0,4999905456.0,5037667936.0
sz300067,安诺其,2019-04-16,6.93,7.18,6.92,7.17,7.0,17241392.0,121989571.0,5121331731.36,5160011300.16
sz300067,安诺其,2019-04-17,7.21,7.54,7.16,7.32,7.17,25249375.0,185900974.0,5228472562.56,5267961327.36
sz300067,安诺其,2019-04-18,7.27,7.4,7.15,7.15,7.32,20713776.0,150742590.0,5107046287.2,5145617963.2
sz300067,安诺其,2019-04-19,7.11,7.18,6.96,7.1,7.15,17018252.0,119975572.0,5071332676.8,5109634620.8
sz300067,安诺其,2019-04-22,7.15,7.25,7.06,7.13,7.1,10992601.0,78711461.0,5092760843.04,5131224626.24
sz300067,安诺其,2019-04-23,7.13,7.15,6.97,7.0,7.13,10598412.0,74724905.0,4999905456.0,5037667936.0
sz300067,安诺其,2019-04-24,6.97,7.07,6.77,6.89,7.0,14044993.0,96497316.0,4921335513.12,4958504582.72
sz300067,安诺其,2019-04-25,6.85,6.89,6.52,6.61,6.89,14679076.0,98237033.0,4721339294.88,4756997865.28
sz300067,安诺其,2019-04-26,6.6,6.67,6.56,6.58,6.61,7246764.0,47885188.0,4699911128.64,4735407859.84
sz300067,安诺其,2019-04-29,6.64,6.83,6.58,6.66,6.58,13028604.0,87667008.0,4757052905.28,4792981207.68
sz300067,安诺其,2019-04-30,6.71,6.84,6.66,6.78,6.66,8866411.0,59894110.0,4842765570.24,4879341229.44
sz300067,安诺其,2019-05-06,6.6,6.69,6.12,6.2,6.78,13639984.0,87792107.0,4428487689.6,4461934457.6
sz300067,安诺其,2019-05-07,6.39,6.54,6.25,6.44,6.2,7410690.0,47194930.0,4599913019.52,4634654501.12
sz300067,安诺其,2019-05-08,6.31,6.62,6.28,6.49,6.44,9019980.0,58706860.0,4635626629.92,4670637843.52
sz300067,安诺其,2019-05-09,6.43,6.51,6.37,6.43,6.49,6535100.0,42092002.0,4592770297.44,4627457832.64
sz300067,安诺其,2019-05-10,6.48,6.72,6.34,6.62,6.43,11730396.0,76828457.0,4728482016.96,4764194533.76
sz300067,安诺其,2019-05-13,6.55,6.99,6.55,6.85,6.62,15745496.0,107143144.0,4892764624.8,4929717908.8
sz300067,安诺其,2019-05-14,5.12,5.39,5.06,5.35,5.2,27985146.0,147170674.0,4958472726.2,4995992447.4
sz300067,安诺其,2019-05-15,5.37,5.65,5.2,5.4,5.35,38340802.0,207304523.0,5004813592.8,5042683965.6
sz300067,安诺其,2019-05-16,5.28,5.33,5.2,5.24,5.4,21175768.0,111502160.0,4856522819.68,4893271107.36
sz300067,安诺其,2019-05-17,5.21,5.26,5.06,5.15,5.24,15323271.0,78683396.0,4773109259.8,4809226374.6
sz300067,安诺其,2019-05-20,5.13,5.18,4.88,5.18,5.15,9931819.0,50167210.0,4800913779.76,4837241285.52
sz300067,安诺其,2019-05-21,5.17,5.25,5.14,5.2,5.18,10925764.0,56776070.0,4819450126.4,4855917892.8
sz300067,安诺其,2019-05-22,5.15,5.23,5.03,5.09,5.2,10917936.0,55911118.0,4717500219.88,4753196552.76
sz300067,安诺其,2019-05-23,5.02,5.09,4.87,4.89,5.09,10793777.0,53745954.0,4532136753.48,4566430479.96
sz300067,安诺其,2019-05-24,4.82,4.94,4.82,4.87,4.89,6039663.0,29419471.0,4513600406.84,4547753872.68
sz300067,安诺其,2019-05-27,4.88,5.02,4.82,5.0,4.87,7307038.0,36185627.0,4634086660.0,4669151820.0
sz300067,安诺其,2019-05-28,5.01,5.07,4.95,4.96,5.0,7408969.0,37099410.0,4597013966.72,4631798605.44
sz300067,安诺其,2019-05-29,4.99,4.99,4.89,4.89,4.96,6055200.0,29894991.0,4532136753.48,4566430479.96
sz300067,安诺其,2019-05-30,4.86,4.89,4.7,4.75,4.89,7076450.0,33902914.0,4402382327.0,4435694229.0
sz300067,安诺其,2019-05-31,4.77,4.82,4.73,4.73,4.75,4846292.0,23084710.0,4383845980.36,4417017621.72
sz300067,安诺其,2019-06-03,4.78,4.79,4.58,4.61,4.73,6055757.0,28201481.0,4272627900.52,4304957978.04
sz300067,安诺其,2019-06-04,4.59,4.67,4.42,4.46,4.61,5742107.0,25948138.0,4133605300.72,4164883423.44
sz300067,安诺其,2019-06-05,4.5,4.55,4.42,4.45,4.46,4215569.0,18930538.0,4124337127.4,4155545119.8
sz300067,安诺其,2019-06-06,4.45,4.85,4.37,4.52,4.45,9716912.0,44031922.0,4189214340.64,4220913245.28
sz300067,安诺其,2019-06-10,4.47,4.59,4.47,4.53,4.52,4432164.0,20117276.0,4198482513.96,4230251548.92
sz300067,安诺其,2019-06-11,4.58,4.72,4.54,4.71,4.53,7594498.0,35238002.0,4365309633.72,4398341014.44
sz300067,安诺其,2019-06-12,4.67,4.76,4.62,4.65,4.71,8257586.0,38723589.0,4309700593.8,4342311192.6
sz300067,安诺其,2019-06-13,4.62,4.69,4.61,4.64,4.65,3886417.0,18066772.0,4300432420.48,4332972888.96
sz300067,安诺其,2019-06-14,4.66,4.7,4.45,4.45,4.64,5570883.0,25400133.0,4124337127.4,4155545119.8
sz300067,安诺其,2019-06-17,4.42,4.55,4.42,4.54,4.45,4618374.0,20793140.0,4207750687.28,4239589852.56
sz300067,安诺其,2019-06-18,4.48,4.56,4.46,4.53,4.54,3129283.0,14104929.0,4201809798.96,4230251548.92
sz300067,安诺其,2019-06-19,4.63,4.67,4.56,4.58,4.53,4012634.0,18484266.0,4248187390.56,4276943067.12
sz300067,安诺其,2019-06-20,4.58,4.65,4.52,4.64,4.58,4974553.0,22901918.0,4303840500.48,4332972888.96
sz300067,安诺其,2019-06-21,4.72,4.74,4.66,4.7,4.64,7603314.0,35765093.0,4359493610.4,4389002710.8
sz300067,安诺其,2019-06-24,4.7,4.83,4.67,4.75,4.7,8443106.0,40016230.0,4405871202.0,4435694229.0
sz300067,安诺其,2019-06-25,4.72,4.75,4.55,4.66,4.75,7923265.0,36702926.0,4322391537.12,4351649496.24
sz300067,安诺其,2019-06-26,4.62,4.68,4.61,4.64,4.66,3139424.0,14620050.0,4303840500.48,4332972888.96
sz300067,安诺其,2019-06-27,4.67,4.7,4.64,4.68,4.64,4705761.0,21990787.0,4340942573.76,4370326103.52
sz300067,安诺其,2019-06-28,4.67,4.7,4.53,4.57,4.68,5118523.0,23549674.0,4238911872.24,4267604763.48
sz300067,安诺其,2019-07-01,4.66,4.77,4.62,4.72,4.57,9511171.0,44672008.0,4378044647.04,4407679318.08
sz300067,安诺其,2019-07-02,4.68,4.74,4.65,4.67,4.72,7142741.0,33486560.0,4331667055.44,4360987799.88
sz300067,安诺其,2019-07-03,4.7,4.7,4.58,4.6,4.67,5367838.0,24745581.0,4266738427.2,4295619674.4
sz300067,安诺其,2019-07-04,4.61,4.63,4.5,4.52,4.6,5312520.0,24215341.0,4192534280.64,4220913245.28
sz300067,安诺其,2019-07-05,4.52,4.63,4.52,4.62,4.52,5347091.0,24565587.0,4285289463.84,4314296281.68
sz300067,安诺其,2019-07-08,4.6,4.6,4.38,4.48,4.62,8264168.0,36899617.0,4155432207.36,4183560030.72
sz300067,安诺其,2019-07-09,4.43,4.47,4.36,4.43,4.48,5772692.0,25400398.0,4109054615.76,4136868512.52
sz300067,安诺其,2019-07-10,4.43,4.45,4.33,4.38,4.43,3315955.0,14508281.0,4062677024.16,4090176994.32
sz300067,安诺其,2019-07-11,4.36,4.42,4.32,4.38,4.38,3874539.0,16923748.0,4062677024.16,4090176994.32
sz300067,安诺其,2019-07-12,4.35,4.44,4.35,4.42,4.38,4014384.0,17688754.0,4099779097.44,4127530208.88
sz300067,安诺其,2019-07-15,4.42,4.53,4.41,4.49,4.42,5115316.0,22835151.0,4164707725.68,4192898334.36
sz300067,安诺其,2019-07-16,4.48,4.6,4.46,4.58,4.49,5936699.0,26977736.0,4248187390.56,4276943067.12
sz300067,安诺其,2019-07-17,4.56,4.72,4.54,4.67,4.58,10828750.0,50120266.0,4331667055.44,4360987799.88
sz300067,安诺其,2019-07-18,4.64,4.64,4.48,4.48,4.67,7604052.0,34426717.0,4155432207.36,4183560030.72
sz300067,安诺其,2019-07-19,4.47,4.55,4.44,4.44,4.48,5038716.0,22580120.0,4118330134.08,4146206816.16
sz300067,安诺其,2019-07-22,4.44,4.48,4.24,4.31,4.44,4973290.0,21653954.0,3997748395.92,4024808868.84
sz300067,安诺其,2019-07-23,4.32,4.38,4.32,4.37,4.31,3240662.0,14111236.0,4053401505.84,4080838690.68
sz300067,安诺其,2019-07-24,4.38,4.42,4.35,4.4,4.37,6129453.0,26955058.0,4081228060.8,4108853601.6
sz300067,安诺其,2019-07-25,4.4,4.41,4.27,4.38,4.4,5485755.0,23926751.0,4062677024.16,4090176994.32
sz300067,安诺其,2019-07-26,4.39,4.43,4.32,4.35,4.38,5637600.0,24661432.0,4034850469.2,4062162083.4
sz300067,安诺其,2019-07-29,4.37,4.37,4.2,4.23,4.35,8557698.0,36563257.0,3923544249.36,3950102439.72
sz300067,安诺其,2019-07-30,4.24,4.26,4.21,4.24,4.23,6663747.0,28263931.0,3932819767.68,3959440743.36
sz300067,安诺其,2019-07-31,4.24,4.3,4.12,4.22,4.24,9043943.0,37915605.0,3914268731.04,3940764136.08
sz300067,安诺其,2019-08-01,4.16,4.21,4.13,4.19,4.22,4779364.0,19895490.0,3886442176.08,3912749225.16
sz300067,安诺其,2019-08-02,4.13,4.14,4.05,4.14,4.19,5768254.0,23607807.0,3840064584.48,3866057706.96
sz300067,安诺其,2019-08-05,4.1,4.12,4.06,4.09,4.14,3310782.0,13497270.0,3793686992.88,3819366188.76
sz300067,安诺其,2019-08-06,4.0,4.2,3.77,4.06,4.09,9494942.0,37346253.0,3765860437.92,3791351277.84
sz300067,安诺其,2019-08-07,4.06,4.11,3.96,4.02,4.06,3720200.0,14888197.0,3728758364.64,3753998063.28
sz300067,安诺其,2019-08-08,4.01,4.07,3.99,4.01,4.02,3018238.0,12131529.0,3719482846.32,3744659759.64
sz300067,安诺其,2019-08-09,4.02,4.02,3.9,3.95,4.01,4224402.0,16718252.0,3663829736.4,3688629937.8
sz300067,安诺其,2019-08-12,3.92,3.99,3.92,3.98,3.95,2216052.0,8774702.0,3691656291.36,3716644848.72
sz300067,安诺其,2019-08-13,3.96,4.05,3.93,4.0,3.98,4068383.0,16247713.0,3710207328.0,3735321456.0
sz300067,安诺其,2019-08-14,4.02,4.05,3.97,3.99,4.0,3683242.0,14773097.0,3700931809.68,3725983152.36
sz300067,安诺其,2019-08-15,3.88,4.01,3.85,3.99,3.99,3556815.0,13982537.0,3700931809.68,3725983152.36
sz300067,安诺其,2019-08-16,3.97,4.05,3.97,4.0,3.99,3984523.0,15974328.0,3710207328.0,3735321456.0
sz300067,安诺其,2019-08-19,4.03,4.07,3.98,4.07,4.0,9487875.0,38291822.0,3775135956.24,3800689581.48
sz300067,安诺其,2019-08-20,4.06,4.09,4.02,4.04,4.07,5989841.0,24309512.0,3747309401.28,3772674670.56
sz300067,安诺其,2019-08-21,4.02,4.07,4.01,4.05,4.04,3901408.0,15771438.0,3756584919.6,3782012974.2
sz300067,安诺其,2019-08-22,4.06,4.07,4.01,4.07,4.05,3951701.0,15979456.0,3775135956.24,3800689581.48
sz300067,安诺其,2019-08-23,4.05,4.08,4.02,4.03,4.07,4237533.0,17118171.0,3738033882.96,3763336366.92
sz300067,安诺其,2019-08-26,3.94,3.97,3.9,3.96,4.03,4334254.0,17090642.0,3673105254.72,3697968241.44
sz300067,安诺其,2019-08-27,3.96,4.05,3.96,4.02,3.96,5413886.0,21729237.0,3728758364.64,3753998063.28
sz300067,安诺其,2019-08-28,4.02,4.06,4.01,4.06,4.02,5210299.0,21070750.0,3790265065.44,3791351277.84
sz300067,安诺其,2019-08-29,4.06,4.08,4.03,4.04,4.06,4124408.0,16679782.0,3771593808.96,3772674670.56
sz300067,安诺其,2019-08-30,4.04,4.09,3.96,3.97,4.04,5682402.0,22826759.0,3706244411.28,3707306545.08
sz300067,安诺其,2019-09-02,3.96,4.14,3.95,4.08,3.97,8292338.0,33764486.0,3808936321.92,3810027885.12
sz300067,安诺其,2019-09-03,4.09,4.15,4.03,4.14,4.08,7813648.0,31938725.0,3864950091.36,3866057706.96
sz300067,安诺其,2019-09-04,4.14,4.21,4.12,4.2,4.14,11446752.0,47798340.0,3920963860.8,3922087528.8
sz300067,安诺其,2019-09-05,4.23,4.27,4.18,4.19,4.2,13012571.0,55037418.0,3911628232.56,3912749225.16
sz300067,安诺其,2019-09-06,4.22,4.22,4.12,4.2,4.19,6100974.0,25526752.0,3920963860.8,3922087528.8
sz300067,安诺其,2019-09-09,4.26,4.27,4.21,4.25,4.2,8957226.0,38017047.0,3967642002.0,3968779047.0
sz300067,安诺其,2019-09-10,4.25,4.31,4.23,4.29,4.25,9498193.0,40633070.0,4004984514.96,4006132261.56
sz300067,安诺其,2019-09-11,4.3,4.43,4.27,4.31,4.29,14670204.0,63567405.0,4023655771.44,4024808868.84
sz300067,安诺其,2019-09-12,4.29,4.31,4.23,4.27,4.31,9745394.0,41535923.0,3986313258.48,3987455654.28
sz300067,安诺其,2019-09-16,4.27,4.42,4.27,4.37,4.27,15230547.0,66409528.0,4079669540.88,4080838690.68
sz300067,安诺其,2019-09-17,4.45,4.81,4.41,4.81,4.37,97543830.0,461222834.0,4490437183.44,4491724050.84
sz300067,安诺其,2019-09-18,4.62,4.82,4.55,4.73,4.81,80281188.0,373940111.0,4415752157.52,4417017621.72
sz300067,安诺其,2019-09-19,4.65,4.67,4.53,4.6,4.73,34163598.0,157218884.0,4294388990.4,4295619674.4
sz300067,安诺其,2019-09-20,4.57,4.61,4.46,4.49,4.6,27473916.0,123885977.0,4191697079.76,4192898334.36
sz300067,安诺其,2019-09-23,4.42,4.48,4.4,4.45,4.49,14542176.0,64444151.0,4154354566.8,4155545119.8
sz300067,安诺其,2019-09-24,4.45,4.49,4.35,4.36,4.45,16417528.0,72538033.0,4070333912.64,4071500387.04
sz300067,安诺其,2019-09-25,4.36,4.36,4.2,4.22,4.36,16975504.0,72549374.0,3939635117.28,3940764136.08
sz300067,安诺其,2019-09-26,4.23,4.26,4.05,4.06,4.22,14939912.0,61558863.0,3790265065.44,3791351277.84
sz300067,安诺其,2019-09-27,4.06,4.12,4.05,4.11,4.06,7829637.0,32071488.0,3836943206.64,3838042796.04
sz300067,安诺其,2019-09-30,4.08,4.11,4.03,4.04,4.11,5519498.0,22429560.0,3771593808.96,3772674670.56
sz300067,安诺其,2019-10-08,4.04,4.08,4.02,4.03,4.04,4806600.0,19462506.0,3762258180.72,3763336366.92
sz300067,安诺其,2019-10-09,4.0,4.05,3.95,4.05,4.03,6729730.0,26862718.0,3780929437.2,3782012974.2
sz300067,安诺其,2019-10-10,4.05,4.1,4.03,4.1,4.05,7486186.0,30509645.0,3827607578.4,3828704492.4
sz300067,安诺其,2019-10-11,4.11,4.11,4.05,4.09,4.1,6173015.0,25197059.0,3818271950.16,3819366188.76
sz300067,安诺其,2019-10-14,4.12,4.19,4.11,4.14,4.09,8971681.0,37259922.0,3864950091.36,3866057706.96
sz300067,安诺其,2019-10-15,4.15,4.22,4.14,4.2,4.14,9085325.0,38050475.0,3920963860.8,3922087528.8
sz300067,安诺其,2019-10-16,4.23,4.23,4.11,4.12,4.2,7118196.0,29630235.0,3846278834.88,3847381099.68
sz300067,安诺其,2019-10-17,4.11,4.14,4.08,4.1,4.12,5739320.0,23618707.0,3827607578.4,3828704492.4
sz300067,安诺其,2019-10-18,4.11,4.11,3.99,4.0,4.1,7773420.0,31396052.0,3734251296.0,3735321456.0
sz300067,安诺其,2019-10-21,4.0,4.11,3.99,4.06,4.0,7267964.0,29466138.0,3790265065.44,3791351277.84
sz300067,安诺其,2019-10-22,4.06,4.1,4.01,4.1,4.06,5615814.0,22763007.0,3827607578.4,3828704492.4
sz300067,安诺其,2019-10-23,4.09,4.09,4.02,4.03,4.1,5152794.0,20874774.0,3762258180.72,3763336366.92
sz300067,安诺其,2019-10-24,4.03,4.07,4.02,4.04,4.03,3633975.0,14671841.0,3771593808.96,3772674670.56
sz300067,安诺其,2019-10-25,4.04,4.09,4.02,4.08,4.04,4422856.0,17917703.0,3808936321.92,3810027885.12
sz300067,安诺其,2019-10-28,4.08,4.18,4.06,4.16,4.08,11826218.0,48890069.0,3883621347.84,3884734314.24
sz300067,安诺其,2019-10-29,4.3,4.58,4.3,4.58,4.16,52828165.0,236475335.0,4275717733.92,4276943067.12
sz300067,安诺其,2019-10-30,4.36,4.55,4.19,4.3,4.58,46930189.0,205210578.0,4014320143.2,4015470565.2
sz300067,安诺其,2019-10-31,4.24,4.39,4.2,4.37,4.3,31019683.0,133648176.0,4079669540.88,4080838690.68
sz300067,安诺其,2019-11-01,4.3,4.64,4.23,4.5,4.37,53095116.0,238881124.0,4201032708.0,4202236638.0
sz300067,安诺其,2019-11-04,4.51,4.63,4.45,4.55,4.5,40296341.0,182889285.0,4247710849.2,4248928156.2
sz300067,安诺其,2019-11-05,4.47,4.5,4.35,4.39,4.55,29637103.0,130915758.0,4098340797.36,4099515297.96
sz300067,安诺其,2019-11-06,4.41,4.58,4.35,4.56,4.39,40688344.0,182270630.0,4257046477.44,4258266459.84
sz300067,安诺其,2019-11-07,4.49,4.75,4.46,4.66,4.56,51296859.0,236509135.0,4350402759.84,4351649496.24
sz300067,安诺其,2019-11-08,4.61,4.68,4.51,4.53,4.66,27922471.0,127518252.0,4229039592.72,4230251548.92
sz300067,安诺其,2019-11-11,4.5,4.51,4.29,4.32,4.53,20359113.0,88902771.0,4032991399.68,4034147172.48
sz300067,安诺其,2019-11-12,4.34,4.45,4.28,4.45,4.32,20116227.0,87995704.0,4154354566.8,4155545119.8
sz300067,安诺其,2019-11-13,4.4,4.44,4.33,4.39,4.45,13975485.0,61032787.0,4098340797.36,4099515297.96
sz300067,安诺其,2019-11-14,4.37,4.47,4.32,4.42,4.39,15894874.0,69968294.0,4126347682.08,4127530208.88
sz300067,安诺其,2019-11-15,4.41,4.41,4.24,4.24,4.42,16400976.0,70830493.0,3958306373.76,3959440743.36
sz300067,安诺其,2019-11-18,4.18,4.2,4.1,4.16,4.24,11771186.0,48856876.0,3883621347.84,3884734314.24
sz300067,安诺其,2019-11-19,4.16,4.23,4.13,4.21,4.16,11225086.0,47037815.0,3930299489.04,3931425832.44
sz300067,安诺其,2019-11-20,4.21,4.21,4.09,4.09,4.21,14037915.0,58084081.0,3818271950.16,3819366188.76
sz300067,安诺其,2019-11-21,4.07,4.14,4.06,4.1,4.09,6008354.0,24678126.0,3827607578.4,3828704492.4
sz300067,安诺其,2019-11-22,4.1,4.16,4.05,4.08,4.1,8025700.0,32921193.0,3808936321.92,3810027885.12
sz300067,安诺其,2019-11-25,4.07,4.12,4.06,4.11,4.08,6084510.0,24892272.0,3836943206.64,3838042796.04
sz300067,安诺其,2019-11-26,4.12,4.21,4.09,4.17,4.11,12088700.0,50195509.0,3892956976.08,3894072617.88
sz300067,安诺其,2019-11-27,4.15,4.15,4.1,4.13,4.17,8214366.0,33888904.0,3855614463.12,3856719403.32
sz300067,安诺其,2019-11-28,4.11,4.17,4.11,4.16,4.13,5949167.0,24606029.0,3883621347.84,3884734314.24
sz300067,安诺其,2019-11-29,4.15,4.15,4.11,4.13,4.16,4311434.0,17795023.0,3855614463.12,3856719403.32
sz300067,安诺其,2019-12-02,4.14,4.17,4.11,4.11,4.13,5520840.0,22871842.0,3836943206.64,3838042796.04
sz300067,安诺其,2019-12-03,4.1,4.12,4.06,4.12,4.11,6211092.0,25407662.0,3846278834.88,3847381099.68
sz300067,安诺其,2019-12-04,4.09,4.13,4.07,4.11,4.12,4280336.0,17567341.0,3836943206.64,3838042796.04
sz300067,安诺其,2019-12-05,4.13,4.17,4.12,4.16,4.11,9600763.0,39782422.0,3883621347.84,3884734314.24
sz300067,安诺其,2019-12-06,4.15,4.19,4.13,4.19,4.16,9102616.0,37839737.0,3911628232.56,3912749225.16
sz300067,安诺其,2019-12-09,4.18,4.24,4.16,4.23,4.19,10224982.0,42981874.0,3948970745.52,3950102439.72
sz300067,安诺其,2019-12-10,4.21,4.25,4.16,4.19,4.23,8978624.0,37671898.0,3888287619.68,3889408612.28
sz300067,安诺其,2019-12-11,4.19,4.28,4.17,4.27,4.19,13921290.0,59089038.0,3962527001.44,3963669397.24
sz300067,安诺其,2019-12-12,4.27,4.27,4.18,4.19,4.27,9735709.0,41121239.0,3888287619.68,3889408612.28
sz300067,安诺其,2019-12-13,4.23,4.25,4.19,4.24,4.19,8074677.0,34057751.0,3934687233.28,3935821602.88
sz300067,安诺其,2019-12-16,4.26,4.31,4.23,4.31,4.24,15336309.0,65573996.0,3999646692.32,4000799789.72
sz300067,安诺其,2019-12-17,4.29,4.36,4.27,4.34,4.31,19723102.0,85153461.0,4027486460.48,4028647584.08
sz300067,安诺其,2019-12-18,4.34,4.37,4.29,4.32,4.34,19735671.0,85339639.0,4008926615.04,4010082387.84
sz300067,安诺其,2019-12-19,4.31,4.45,4.26,4.44,4.32,30439467.0,132940307.0,4120285687.68,4121473565.28
sz300067,安诺其,2019-12-20,4.41,4.43,4.28,4.3,4.44,20534752.0,89371937.0,3990366769.6,3991517191.6
sz300067,安诺其,2019-12-23,4.27,4.29,4.19,4.19,4.3,12631180.0,53618105.0,3888287619.68,3889408612.28
sz300067,安诺其,2019-12-24,4.23,4.27,4.2,4.27,4.19,7873216.0,33342128.0,3962527001.44,3963669397.24
sz300067,安诺其,2019-12-25,4.26,4.29,4.22,4.26,4.27,10074980.0,42884003.0,3953247078.72,3954386799.12
sz300067,安诺其,2019-12-26,4.24,4.27,4.22,4.27,4.26,9269456.0,39365080.0,3962527001.44,3973874697.24
sz300067,安诺其,2019-12-27,4.28,4.29,4.21,4.21,4.27,11492457.0,48927471.0,3883439865.12,3918035708.52
sz300067,安诺其,2019-12-30,4.2,4.27,4.16,4.26,4.21,9557857.0,40402262.0,3929561478.72,3964568199.12
sz300067,安诺其,2019-12-31,4.28,4.35,4.27,4.3,4.26,13225232.0,57009536.0,3966458769.6,4001794191.6
sz300067,安诺其,2020-01-02,4.34,4.45,4.29,4.45,4.3,30299706.0,132608013.0,4104823610.4,4141391663.4
sz300067,安诺其,2020-01-03,4.46,4.46,4.37,4.39,4.45,23944702.0,105339247.0,4049477674.08,4085552674.68
sz300067,安诺其,2020-01-06,4.41,4.43,4.35,4.39,4.39,21810134.0,95736751.0,4049477674.08,4085552674.68
sz300067,安诺其,2020-01-07,4.39,4.42,4.37,4.42,4.39,18483196.0,81403830.0,4077150642.24,4113472169.04
sz300067,安诺其,2020-01-08,4.39,4.4,4.3,4.31,4.42,19488868.0,84727512.0,3975683092.32,4010451862.32
sz300067,安诺其,2020-01-09,4.34,4.47,4.34,4.46,4.31,24564154.0,108335051.0,4114047933.12,4150026753.12
sz300067,安诺其,2020-01-10,4.47,4.47,4.35,4.38,4.46,20512757.0,90442984.0,4040253351.36,4075586811.36
sz300067,安诺其,2020-01-13,4.37,4.4,4.32,4.4,4.38,11924111.0,51937426.0,4058701996.8,4094196796.8
sz300067,安诺其,2020-01-14,4.39,4.42,4.37,4.38,4.4,13746262.0,60479718.0,4040253351.36,4075586811.36
sz300067,安诺其,2020-01-15,4.39,4.4,4.33,4.36,4.38,8642953.0,37650236.0,4021804705.92,4056976825.92
sz300067,安诺其,2020-01-16,4.37,4.38,4.3,4.32,4.36,10522356.0,45602742.0,3984907415.04,4019756855.04
sz300067,安诺其,2020-01-17,4.31,4.34,4.25,4.25,4.32,10978443.0,47182791.0,3920337156.0,3954621906.0
sz300067,安诺其,2020-01-20,4.25,4.31,4.21,4.3,4.25,9079774.0,38716015.0,3966458769.6,4001146869.6
sz300067,安诺其,2020-01-21,4.32,4.37,4.28,4.28,4.3,11705670.0,50701934.0,3948010124.16,3982536884.16
sz300067,安诺其,2020-01-22,4.25,4.29,4.15,4.27,4.28,11310253.0,47762151.0,3938785801.44,3973231891.44
sz300067,安诺其,2020-01-23,4.21,4.24,4.04,4.1,4.27,16987698.0,70254012.0,3781972315.2,3815047015.2
sz300067,安诺其,2020-02-03,3.69,3.69,3.69,3.69,4.1,2664900.0,9833481.0,3403775083.68,3433542313.68
sz300067,安诺其,2020-02-04,3.32,3.58,3.32,3.53,3.69,17286904.0,60473816.0,3256185920.16,3284662430.16
sz300067,安诺其,2020-02-05,3.55,3.67,3.54,3.62,3.53,12331758.0,44485914.0,3339204824.64,3368407364.64
sz300067,安诺其,2020-02-06,3.62,3.79,3.57,3.74,3.62,17067627.0,63123180.0,3449896697.28,3480067277.28
sz300067,安诺其,2020-02-07,3.74,3.96,3.69,3.91,3.74,18504208.0,70935029.0,3606710183.52,3638252153.52
sz300067,安诺其,2020-02-10,4.2,4.2,3.97,4.01,3.91,29550437.0,120383365.0,3698953410.72,3731302080.72
sz300067,安诺其,2020-02-11,3.99,4.0,3.85,3.87,4.01,16918992.0,65800936.0,3569812892.64,3601032182.64
sz300067,安诺其,2020-02-12,3.83,3.91,3.83,3.91,3.87,10748935.0,41750601.0,3606710183.52,3638252153.52
sz300067,安诺其,2020-02-13,3.89,3.89,3.77,3.78,3.91,11946176.0,45620172.0,3486793988.16,3517287248.16
sz300067,安诺其,2020-02-14,3.8,3.85,3.78,3.82,3.78,8028784.0,30633678.0,3523691279.04,3554507219.04
sz300067,安诺其,2020-02-17,3.84,3.95,3.82,3.95,3.82,13147287.0,51469643.0,3643607474.4,3675472124.4
sz300067,安诺其,2020-02-18,3.95,4.01,3.91,4.01,3.95,13973626.0,55415454.0,3698953410.72,3731302080.72
sz300067,安诺其,2020-02-19,4.0,4.03,3.94,3.95,4.01,11948326.0,47617768.0,3643607474.4,3675472124.4
sz300067,安诺其,2020-02-20,3.99,4.06,3.94,4.06,3.95,17386161.0,69793336.0,3745075024.32,3777827044.32
sz300067,安诺其,2020-02-21,4.05,4.09,4.02,4.06,4.06,16909393.0,68478448.0,3745075024.32,3777827044.32
sz300067,安诺其,2020-02-24,4.04,4.06,3.96,4.04,4.06,19199777.0,77090951.0,3726626378.88,3759217058.88
sz300067,安诺其,2020-02-25,3.92,3.97,3.83,3.94,4.04,22508737.0,88003475.0,3634383151.68,3666167131.68
sz300067,安诺其,2020-02-26,3.87,4.04,3.87,3.95,3.94,19340044.0,76795507.0,3643607474.4,3675472124.4
sz300067,安诺其,2020-02-27,3.98,4.06,3.96,3.98,3.95,14048611.0,56096938.0,3671280442.56,3703387102.56
sz300067,安诺其,2020-02-28,3.87,3.91,3.73,3.73,3.98,19284317.0,73860404.0,3440672374.56,3470762284.56
sz300067,安诺其,2020-03-02,3.85,4.03,3.85,3.99,3.73,21217727.0,84148907.0,3680504765.28,3712692095.28
sz300067,安诺其,2020-03-03,4.01,4.05,3.94,3.99,3.99,21172956.0,84621807.0,3680504765.28,3712692095.28
sz300067,安诺其,2020-03-04,4.08,4.3,4.08,4.15,3.99,40594859.0,169404664.0,3828093928.8,3861571978.8
sz300067,安诺其,2020-03-05,4.12,4.3,4.12,4.22,4.15,38725242.0,163255974.0,3892664187.84,3926706927.84
sz300067,安诺其,2020-03-06,4.16,4.34,4.13,4.34,4.22,30688360.0,129370763.0,4003356060.48,4038366840.48
sz300067,安诺其,2020-03-09,4.28,4.42,4.14,4.14,4.34,33304302.0,141469178.0,3818869606.08,3852266986.08
sz300067,安诺其,2020-03-10,4.05,4.18,3.96,4.18,4.14,24666353.0,100751284.0,3855766896.96,3889486956.96
sz300067,安诺其,2020-03-11,4.18,4.19,4.04,4.15,4.18,19853079.0,81932696.0,3828093928.8,3861571978.8
sz300067,安诺其,2020-03-12,4.15,4.29,4.1,4.2,4.15,28988295.0,121560960.0,3874215542.4,3908096942.4
sz300067,安诺其,2020-03-13,3.96,4.14,3.9,4.08,4.2,18755138.0,75729504.0,3763523669.76,3796437029.76
sz300067,安诺其,2020-03-16,4.12,4.27,3.98,3.99,4.08,22380713.0,92245113.0,3680504765.28,3712692095.28
sz300067,安诺其,2020-03-17,3.97,4.04,3.75,3.88,3.99,18071372.0,70011558.0,3579037215.36,3610337175.36
sz300067,安诺其,2020-03-18,3.91,3.95,3.75,3.76,3.88,13825386.0,53256055.0,3468345342.72,3498677262.72
sz300067,安诺其,2020-03-19,3.73,3.78,3.61,3.74,3.76,11565990.0,42948383.0,3449896697.28,3480067277.28
sz300067,安诺其,2020-03-20,3.76,3.78,3.7,3.77,3.74,7947720.0,29801297.0,3477569665.44,3507982255.44
sz300067,安诺其,2020-03-23,3.69,3.71,3.58,3.58,3.77,9609560.0,34919789.0,3302307533.76,3331187393.76
sz300067,安诺其,2020-03-24,3.64,3.67,3.53,3.65,3.58,7550906.0,27351212.0,3366877792.8,3396322342.8
sz300067,安诺其,2020-03-25,3.72,3.74,3.69,3.72,3.65,7317095.0,27174974.0,3431448051.84,3461457291.84
sz300067,安诺其,2020-03-26,3.7,3.76,3.68,3.7,3.72,6755849.0,25138188.0,3412999406.4,3442847306.4
sz300067,安诺其,2020-03-27,3.74,3.91,3.74,3.88,3.7,21789162.0,83749034.0,3579037215.36,3610337175.36
sz300067,安诺其,2020-03-30,3.85,3.94,3.67,3.83,3.88,18537753.0,70082760.0,3532915601.76,3563812211.76
sz300067,安诺其,2020-03-31,3.84,3.91,3.8,3.82,3.83,11084018.0,42689619.0,3523691279.04,3554507219.04
sz300067,安诺其,2020-04-01,3.81,3.93,3.7,3.71,3.82,11347033.0,42816659.0,3422223729.12,3452152299.12
sz300067,安诺其,2020-04-02,3.64,3.74,3.64,3.74,3.71,7548520.0,27829253.0,3449896697.28,3480067277.28
sz300067,安诺其,2020-04-03,3.72,3.74,3.65,3.71,3.74,7398043.0,27440354.0,3422223729.12,3452152299.12
sz300067,安诺其,2020-04-07,3.78,3.88,3.75,3.86,3.71,16590044.0,63753668.0,3560588569.92,3591727189.92
sz300067,安诺其,2020-04-08,3.83,3.95,3.8,3.89,3.86,17856801.0,69403266.0,3588261538.08,3619642168.08
sz300067,安诺其,2020-04-09,3.92,3.92,3.82,3.87,3.89,15370887.0,59605871.0,3569812892.64,3601032182.64
sz300067,安诺其,2020-04-10,3.89,3.89,3.73,3.74,3.87,15938462.0,60418651.0,3449896697.28,3480067277.28
sz300067,安诺其,2020-04-13,3.72,3.73,3.67,3.69,3.74,10298006.0,38059102.0,3403775083.68,3433542313.68
sz300067,安诺其,2020-04-14,3.71,3.76,3.7,3.76,3.69,8805590.0,32847504.0,3468345342.72,3498677262.72
sz300067,安诺其,2020-04-15,3.75,3.79,3.71,3.72,3.76,9589669.0,36021208.0,3431448051.84,3461457291.84
sz300067,安诺其,2020-04-16,3.7,3.76,3.69,3.74,3.72,8460484.0,31550493.0,3449896697.28,3480067277.28
sz300067,安诺其,2020-04-17,3.74,3.77,3.72,3.73,3.74,10598557.0,39696229.0,3440672374.56,3470762284.56
sz300067,安诺其,2020-04-20,3.73,3.75,3.7,3.73,3.73,7660200.0,28512712.0,3440672374.56,3470762284.56
sz300067,安诺其,2020-04-21,3.76,3.82,3.74,3.8,3.73,13602169.0,51344724.0,3505242633.6,3535897233.6
sz300067,安诺其,2020-04-22,3.78,3.84,3.75,3.81,3.8,14415436.0,54817480.0,3514466956.32,3545202226.32
sz300067,安诺其,2020-04-23,3.82,3.83,3.73,3.75,3.81,14918585.0,56101405.0,3459121020.0,3489372270.0
sz300067,安诺其,2020-04-24,3.73,3.76,3.68,3.69,3.75,8233320.0,30599703.0,3403775083.68,3433542313.68
sz300067,安诺其,2020-04-27,3.69,3.74,3.66,3.7,3.69,5644599.0,20930114.0,3412999406.4,3442847306.4
sz300067,安诺其,2020-04-28,3.73,3.73,3.51,3.61,3.7,10391248.0,37672628.0,3329980501.92,3359102371.92
sz300067,安诺其,2020-04-29,3.64,3.65,3.6,3.62,3.61,5414511.0,19629658.0,3339204824.64,3368407364.64
sz300067,安诺其,2020-04-30,3.65,3.75,3.64,3.74,3.62,7414905.0,27459679.0,3449896697.28,3480067277.28
sz300067,安诺其,2020-05-06,3.73,3.81,3.71,3.8,3.74,10262991.0,38662278.0,3505242633.6,3535897233.6
sz300067,安诺其,2020-05-07,3.79,3.79,3.73,3.75,3.8,9198847.0,34507440.0,3459121020.0,3489372270.0
sz300067,安诺其,2020-05-08,3.69,3.71,3.66,3.68,3.67,9552991.0,35142908.0,3394550760.96,3424237320.96
sz300067,安诺其,2020-05-11,3.68,3.69,3.62,3.66,3.68,7040246.0,25741198.0,3376102115.52,3405627335.52
sz300067,安诺其,2020-05-12,3.65,3.67,3.62,3.67,3.66,5643800.0,20587885.0,3385326438.24,3414932328.24
sz300067,安诺其,2020-05-13,3.65,3.68,3.64,3.67,3.67,4511986.0,16482428.0,3385326438.24,3414932328.24
sz300067,安诺其,2020-05-14,3.64,3.65,3.58,3.59,3.67,7709036.0,27840381.0,3311531856.48,3340492386.48
sz300067,安诺其,2020-05-15,3.6,3.69,3.6,3.64,3.59,10602378.0,38843231.0,3357653470.08,3387017350.08
sz300067,安诺其,2020-05-18,3.63,3.65,3.54,3.58,3.64,9589750.0,34354276.0,3302307533.76,3331187393.76
sz300067,安诺其,2020-05-19,3.59,3.62,3.54,3.57,3.58,7107352.0,25362190.0,3293083211.04,3321882401.04
sz300067,安诺其,2020-05-20,3.57,3.57,3.51,3.52,3.57,5862965.0,20731077.0,3246961597.44,3275357437.44
sz300067,安诺其,2020-05-21,3.53,3.56,3.49,3.5,3.52,7797396.0,27471804.0,3228512952.0,3256747452.0
sz300067,安诺其,2020-05-22,3.5,3.5,3.42,3.42,3.5,7050448.0,24258091.0,3154718370.24,3182307510.24
sz300067,安诺其,2020-05-25,3.41,3.45,3.4,3.42,3.42,3843038.0,13153157.0,3154718370.24,3182307510.24
sz300067,安诺其,2020-05-26,3.43,3.48,3.43,3.47,3.42,4530638.0,15685733.0,3200839983.84,3228832473.84
sz300067,安诺其,2020-05-27,3.47,3.48,3.42,3.44,3.47,5257862.0,18158699.0,3173167015.68,3200917495.68
sz300067,安诺其,2020-05-28,3.45,3.46,3.37,3.42,3.44,5693540.0,19428483.0,3154718370.24,3182307510.24
sz300067,安诺其,2020-05-29,3.37,3.43,3.37,3.4,3.42,4914563.0,16760392.0,3136269724.8,3163697524.8
sz300067,安诺其,2020-06-01,3.4,3.49,3.4,3.47,3.4,7221342.0,24992036.0,3200839983.84,3228832473.84
sz300067,安诺其,2020-06-02,3.47,3.52,3.47,3.5,3.47,6708837.0,23467582.0,3228512952.0,3256747452.0
sz300067,安诺其,2020-06-03,3.5,3.52,3.48,3.48,3.5,5941486.0,20806273.0,3210064306.56,3238137466.56
sz300067,安诺其,2020-06-04,3.49,3.53,3.47,3.51,3.48,7078839.0,24754717.0,3237737274.72,3266052444.72
sz300067,安诺其,2020-06-05,3.5,3.52,3.48,3.5,3.51,5232663.0,18289939.0,3228512952.0,3256747452.0
sz300067,安诺其,2020-06-08,3.5,3.63,3.49,3.55,3.5,12401703.0,44074936.0,3274634565.6,3303272415.6
sz300067,安诺其,2020-06-09,3.54,3.54,3.47,3.54,3.55,7803130.0,27442054.0,3265410242.88,3293967422.88
sz300067,安诺其,2020-06-10,3.52,3.53,3.48,3.5,3.54,5659992.0,19813576.0,3228512952.0,3256747452.0
sz300067,安诺其,2020-06-11,3.51,3.53,3.47,3.47,3.5,5324917.0,18602444.0,3200839983.84,3228832473.84
sz300067,安诺其,2020-06-12,3.43,3.47,3.4,3.45,3.47,5025785.0,17295681.0,3182391338.4,3210222488.4
sz300067,安诺其,2020-06-15,3.45,3.52,3.44,3.47,3.45,6969865.0,24244878.0,2251484221.05,3228832473.84
sz300067,安诺其,2020-06-16,3.47,3.52,3.47,3.51,3.47,5948469.0,20791953.0,2277437929.65,3266052444.72
sz300067,安诺其,2020-06-17,3.52,3.54,3.49,3.52,3.51,6445961.0,22649683.0,2283926356.8,3275357437.44
sz300067,安诺其,2020-06-18,3.52,3.53,3.5,3.52,3.52,5144652.0,18085859.0,2283926356.8,3275357437.44
sz300067,安诺其,2020-06-19,3.52,3.55,3.51,3.54,3.52,8035519.0,28404883.0,2296903211.1,3293967422.88
sz300067,安诺其,2020-06-22,3.53,3.61,3.52,3.61,3.54,15347229.0,54806981.0,2342322201.15,3359102371.92
sz300067,安诺其,2020-06-23,3.6,3.62,3.55,3.57,3.61,7962266.0,28483013.0,2316368492.55,3321882401.0400004
sz300067,安诺其,2020-06-24,3.57,3.57,3.53,3.54,3.57,4585664.0,16247279.0,2296903211.1,3293967422.88
sz300067,安诺其,2020-06-29,3.52,3.55,3.51,3.51,3.54,4520067.0,15924230.0,2277437929.65,3266052444.72
sz300067,安诺其,2020-06-30,3.53,3.68,3.51,3.64,3.51,19491679.0,70326460.0,2361787482.6,3387017350.08
sz300067,安诺其,2020-07-01,3.62,3.63,3.56,3.59,3.64,12478037.0,44827677.0,2329345346.85,3340492386.48
sz300067,安诺其,2020-07-02,3.57,3.65,3.56,3.63,3.59,16252195.0,58684013.0,2355299055.45,3377712357.36
sz300067,安诺其,2020-07-03,3.63,3.69,3.61,3.68,3.63,18452555.0,67351488.0,2387741191.2,3424237320.96
sz300067,安诺其,2020-07-06,3.7,3.9,3.68,3.86,3.68,29070208.0,110103168.0,2504532879.9,3591727189.92
sz300067,安诺其,2020-07-07,3.92,3.94,3.8,3.83,3.86,27430131.0,106063954.0,2485067598.45,3563812211.76
sz300067,安诺其,2020-07-08,3.82,3.9,3.79,3.88,3.83,17608959.0,67680995.0,2517509734.2,3610337175.36
sz300067,安诺其,2020-07-09,3.88,4.02,3.86,3.96,3.88,23522346.0,92439507.0,2569417151.4,3684777117.12
sz300067,安诺其,2020-07-10,3.95,3.96,3.86,3.87,3.96,18896172.0,73858279.0,2511021307.05,3601032182.6400003
sz300067,安诺其,2020-07-13,3.86,3.98,3.85,3.98,3.87,19873422.0,78388749.0,2582394005.7,3703387102.56
sz300067,安诺其,2020-07-14,4.01,4.03,3.88,3.95,3.98,20910018.0,82809950.0,2562928724.25,3675472124.4
sz300067,安诺其,2020-07-15,3.95,4.0,3.82,3.85,3.95,16872039.0,65523092.0,2498044452.75,3582422197.2
sz300067,安诺其,2020-07-16,3.84,3.88,3.66,3.68,3.85,19556758.0,73927101.0,2387741191.2,3424237320.96
sz300067,安诺其,2020-07-17,3.68,3.74,3.65,3.71,3.68,9449870.0,34957109.0,2407206472.65,3452152299.12
sz300067,安诺其,2020-07-20,3.75,3.93,3.73,3.93,3.71,21668338.0,83761950.0,2549951869.95,3656862138.96
sz300067,安诺其,2020-07-21,3.94,4.05,3.93,3.99,3.93,32060821.0,128172769.0,2588882432.85,3712692095.28
sz300067,安诺其,2020-07-22,3.98,4.04,3.92,3.94,3.99,22935808.0,91090233.0,2556440297.1,3666167131.68
sz300067,安诺其,2020-07-23,3.89,3.93,3.78,3.86,3.94,17483755.0,67369736.0,2504532879.9,3591727189.92
sz300067,安诺其,2020-07-24,3.87,3.92,3.73,3.75,3.86,17676387.0,67463773.0,2433160181.25,3489372270.0
sz300067,安诺其,2020-07-27,3.77,3.8,3.72,3.77,3.75,8362424.0,31413850.0,2446137035.55,3507982255.44
sz300067,安诺其,2020-07-28,3.78,3.82,3.74,3.79,3.77,9003160.0,34102896.0,2459113889.85,3526592240.88
sz300067,安诺其,2020-07-29,3.78,3.93,3.72,3.88,3.79,17061895.0,65316261.0,2517509734.2,3610337175.36
sz300067,安诺其,2020-07-30,3.88,3.98,3.84,3.98,3.88,31822992.0,125383669.0,2582394005.7,3703387102.56
sz300067,安诺其,2020-07-31,4.13,4.37,4.07,4.08,3.98,65163830.0,269778679.0,2647278277.2,3796437029.76
sz300067,安诺其,2020-08-03,4.2,4.3,4.13,4.2,4.08,55485355.0,234559086.0,2725139403.0,3908096942.4
sz300067,安诺其,2020-08-04,4.24,4.25,4.05,4.06,4.2,37474609.0,154206449.0,2634301422.9,3777827044.32
sz300067,安诺其,2020-08-05,4.07,4.17,4.02,4.15,4.06,25379155.0,103843061.0,2692697267.25,3861571978.8
sz300067,安诺其,2020-08-06,4.2,4.34,4.03,4.29,4.15,48830898.0,204404190.0,2783535247.35,3991841876.88
sz300067,安诺其,2020-08-07,4.26,4.72,4.22,4.72,4.29,44978964.0,207253029.0,3062537614.8,4391956563.84
sz300067,安诺其,2020-08-10,5.19,5.19,5.19,5.19,4.72,14422199.0,74851213.0,3367493690.85,4829291221.679999
sz300067,安诺其,2020-08-11,5.45,5.45,4.75,4.8,5.19,173516657.0,896896447.0,3114445032.0,4466396505.599999
sz300067,安诺其,2020-08-12,4.61,4.74,4.32,4.4,4.8,95128027.0,424287285.0,2854907946.0,4094196796.8
sz300067,安诺其,2020-08-13,4.45,4.57,4.37,4.37,4.4,54279931.0,241952796.0,2835442664.55,4066281818.64
sz300067,安诺其,2020-08-14,4.29,4.43,4.2,4.39,4.37,42846541.0,185473864.0,2848419518.85,4084891804.08
sz300067,安诺其,2020-08-17,4.4,4.43,4.29,4.39,4.39,47315847.0,206389183.0,2848419518.85,4084891804.08
sz300067,安诺其,2020-08-18,4.39,4.59,4.36,4.59,4.39,58667579.0,261927467.0,2978188061.85,4270991658.48
sz300067,安诺其,2020-08-19,4.52,4.55,4.4,4.41,4.59,39641045.0,177365330.0,2861396373.15,4103501789.52
sz300067,安诺其,2020-08-20,4.34,4.41,4.28,4.34,4.41,20335574.0,88515088.0,2815977383.1,4038366840.48
sz300067,安诺其,2020-08-21,4.36,4.53,4.36,4.49,4.34,29225572.0,129970301.0,2913303790.35,4177941731.28
sz300067,安诺其,2020-08-24,4.4,4.48,4.26,4.4,4.49,36270958.0,158471821.0,2854907946.0,4094196796.8
sz300067,安诺其,2020-08-25,4.4,4.75,4.34,4.59,4.4,62383194.0,285865914.0,2978188061.85,4270991658.48
sz300067,安诺其,2020-08-26,4.59,4.83,4.57,4.61,4.59,63515760.0,297948845.0,2991164916.15,4289601643.92
sz300067,安诺其,2020-08-27,4.65,4.98,4.48,4.9,4.61,68482218.0,328560184.0,3179329303.5,4559446432.8
sz300067,安诺其,2020-08-28,4.85,5.12,4.74,4.78,4.9,78314401.0,385714073.0,3101468177.7000003,4447786520.16
sz300067,安诺其,2020-08-31,4.81,5.2,4.79,4.94,4.78,64371270.0,321253837.0,3205283012.1,4596666403.68
sz300067,安诺其,2020-09-01,4.84,5.07,4.81,4.99,4.94,53861205.0,265380329.0,3237725147.85,4643191367.28
sz300067,安诺其,2020-09-02,4.96,5.44,4.91,5.26,4.99,91434410.0,474928106.0,3412912680.9,4894426170.72
sz300067,安诺其,2020-09-03,5.23,5.35,5.03,5.11,5.26,63162614.0,326017413.0,3221863242.4300003,4762260779.92
sz300067,安诺其,2020-09-04,4.96,5.43,4.91,5.37,5.11,73540044.0,383571744.0,3385793661.8100004,5004567590.639999
sz300067,安诺其,2020-09-07,5.4,5.95,5.26,5.7,5.37,98477449.0,551326230.0,3593859194.1,5312110850.400001
sz300067,安诺其,2020-09-08,5.58,6.47,5.45,6.22,5.7,107791882.0,638150646.0,3921720032.86,5796724471.84
sz300067,安诺其,2020-09-09,5.99,7.46,5.95,6.7,6.22,211295794.0,1460791340.0,4224360807.1,6244060122.4
sz300067,安诺其,2020-09-10,6.2,6.43,5.36,5.36,6.7,118014655.0,671086813.0,3379488645.6800003,4995248097.92
sz300067,安诺其,2020-09-11,4.93,5.58,4.53,5.33,5.36,100390354.0,516807977.0,3360573597.29,4967289619.76
sz300067,安诺其,2020-09-14,5.31,6.14,5.31,5.99,5.33,109267241.0,626897181.0,3776704661.87,5582376139.28
sz300067,安诺其,2020-09-15,6.13,6.28,5.68,5.85,5.99,109372489.0,653277558.0,3688434436.05,5451903241.2
sz300067,安诺其,2020-09-16,5.86,5.99,5.45,5.59,5.85,79299398.0,449280466.0,3524504016.67,5209596430.48
sz300067,安诺其,2020-09-17,5.6,5.85,5.4,5.85,5.59,82933089.0,468970066.0,3688434436.05,5451903241.2
sz300067,安诺其,2020-09-18,5.77,5.78,5.5,5.58,5.85,66005354.0,370449381.0,3518199000.5400004,5200276937.76
sz300067,安诺其,2020-09-21,5.52,5.78,5.44,5.56,5.58,48840059.0,275503777.0,3505588968.28,5181637952.32
sz300067,安诺其,2020-09-22,5.48,5.62,5.28,5.34,5.56,49509876.0,270862279.0,3366878613.42,4976609112.48
sz300067,安诺其,2020-09-23,5.34,5.45,5.25,5.39,5.34,38367719.0,205932637.0,3398403694.07,5023206576.08
sz300067,安诺其,2020-09-24,5.31,5.31,4.9,4.98,5.39,56441681.0,287735497.0,3139898032.74,4641107374.56
sz300067,安诺其,2020-09-25,5.07,5.11,4.9,4.95,4.98,28869996.0,143829114.0,3120982984.35,4613148896.4
sz300067,安诺其,2020-09-28,4.94,4.99,4.77,4.79,4.95,27859908.0,135113085.0,3020102726.27,4464037012.88
sz300067,安诺其,2020-09-29,4.86,5.01,4.83,4.93,4.79,29271822.0,144295674.0,3108372952.09,4594509910.96
sz300067,安诺其,2020-09-30,4.97,5.08,4.9,4.99,4.93,25785194.0,128454441.0,3146203048.87,4650426867.28
sz300067,安诺其,2020-10-09,5.09,5.25,5.03,5.19,4.99,28906082.0,149321885.0,3272303371.4700003,4836816721.68
sz300067,安诺其,2020-10-12,5.22,5.44,5.15,5.42,5.19,39745584.0,212478808.0,3417318742.46,5051165054.24
sz300067,安诺其,2020-10-13,5.42,5.65,5.35,5.65,5.42,47719406.0,263936478.0,3562334113.45,5265513386.8
sz300067,安诺其,2020-10-14,5.63,5.9,5.47,5.55,5.65,62560546.0,354033396.0,3499283952.15,5172318459.6
sz300067,安诺其,2020-10-15,5.51,6.45,5.49,6.08,5.55,132069001.0,786700043.0,3833449807.04,5666251573.759999
sz300067,安诺其,2020-10-16,6.0,6.23,5.85,6.15,6.08,97509186.0,589085483.0,3877584919.95,5731488022.799999
sz300067,安诺其,2020-10-19,6.27,6.39,5.97,6.17,6.15,89452332.0,556198587.0,3890194952.21,5750127008.240001
sz300067,安诺其,2020-10-20,6.0,6.18,5.94,6.11,6.17,70359045.0,426036758.0,3852364855.43,5694210051.919999
sz300067,安诺其,2020-10-21,6.12,6.14,5.81,5.81,6.11,67497273.0,402830853.0,3663214371.53,5414625270.32
sz300067,安诺其,2020-10-22,5.81,6.03,5.69,5.83,5.81,57321849.0,337115093.0,3675824403.79,5433264255.76
sz300067,安诺其,2020-10-23,5.9,6.04,5.76,5.82,5.83,44694407.0,263936617.0,3669519387.66,5423944763.04
sz300067,安诺其,2020-10-26,5.83,5.89,5.63,5.74,5.82,36649525.0,210664640.0,3619079258.62,5349388821.280001
sz300067,安诺其,2020-10-27,5.7,6.04,5.67,5.94,5.74,55223127.0,323717373.0,3745179581.22,5535778675.68
sz300067,安诺其,2020-10-28,5.9,5.96,5.48,5.72,5.94,62920081.0,357024311.0,3606469226.36,5330749835.84
sz300067,安诺其,2020-10-29,5.52,5.84,5.49,5.61,5.72,41948516.0,238238449.0,3636050224.95,5228235415.92
sz300067,安诺其,2020-10-30,5.63,5.7,5.24,5.24,5.61,44898501.0,244599320.0,3396239425.8,4883414185.28
sz300067,安诺其,2020-11-02,5.25,5.49,5.2,5.39,5.24,28718646.0,155026978.0,3493460020.05,5023206576.08
sz300067,安诺其,2020-11-03,5.47,5.51,5.4,5.49,5.39,24639342.0,134523329.0,3558273749.55,5116401503.28
sz300067,安诺其,2020-11-04,5.48,5.52,5.29,5.38,5.49,24905257.0,134526552.0,3486978647.1,5013887083.36
sz300067,安诺其,2020-11-05,5.46,5.6,5.42,5.51,5.38,35741715.0,197057648.0,3571236495.45,5135040488.72
sz300067,安诺其,2020-11-06,5.52,5.74,5.27,5.31,5.51,54912608.0,301574994.0,3441609036.4500003,4948650634.32
sz300067,安诺其,2020-11-09,5.34,5.65,5.29,5.5,5.31,45120426.0,248838630.0,3564755122.5000005,5125720996.0
sz300067,安诺其,2020-11-10,5.52,5.54,5.12,5.17,5.5,51177932.0,269852422.0,3350869815.15,4818177736.24
sz300067,安诺其,2020-11-11,5.15,5.19,4.96,4.98,5.17,29368177.0,147977514.0,3227723729.1,4641107374.56
sz300067,安诺其,2020-11-12,5.01,5.1,4.88,5.09,4.98,24466408.0,121926846.0,3299018831.55,4743621794.48
sz300067,安诺其,2020-11-13,5.04,5.23,4.99,5.17,5.09,28219973.0,144773503.0,3350869815.15,4818177736.24
sz300067,安诺其,2020-11-16,5.27,5.47,5.21,5.45,5.17,51706673.0,277635173.0,3532348257.7499995,5079123532.400001
sz300067,安诺其,2020-11-17,5.4,5.51,5.26,5.35,5.45,36712591.0,196958325.0,3467534528.25,4985928605.2
sz300067,安诺其,2020-11-18,5.35,5.62,5.3,5.61,5.35,63466972.0,347184660.0,3636050224.95,5228235415.92
sz300067,安诺其,2020-11-19,5.56,5.56,5.4,5.46,5.61,45809918.0,250202151.0,3538829630.7,5088443025.12
sz300067,安诺其,2020-11-20,5.43,5.43,5.22,5.31,5.46,34007834.0,180638203.0,3441609036.4500003,4948650634.32
sz300067,安诺其,2020-11-23,5.46,6.2,5.42,5.82,5.31,130455622.0,765341064.0,3772159056.9,5423944763.04
sz300067,安诺其,2020-11-24,5.62,5.82,5.58,5.72,5.82,85852954.0,486829310.0,3707345327.4,5330749835.84
sz300067,安诺其,2020-11-25,5.67,5.69,5.4,5.4,5.72,54248042.0,299683281.0,3499941393.0,5032526068.8
sz300067,安诺其,2020-11-26,5.42,5.44,5.18,5.2,5.4,41362018.0,218145204.0,3370313934.0,4846136214.400001
sz300067,安诺其,2020-11-27,5.21,5.21,5.04,5.18,5.2,28441547.0,146240018.0,3357351188.1000004,4827497228.96
sz300067,安诺其,2020-11-30,5.14,5.23,5.09,5.11,5.18,24516868.0,126708619.0,3311981577.45,4762260779.92
sz300067,安诺其,2020-12-01,5.08,5.2,5.08,5.15,5.11,20287585.0,104505752.0,3337907069.25,4799538750.8
sz300067,安诺其,2020-12-02,5.15,5.16,5.06,5.1,5.15,21430688.0,109279377.0,3305500204.5,4752941287.2
sz300067,安诺其,2020-12-03,5.11,5.12,5.04,5.08,5.1,17450148.0,88546873.0,3292537458.6000004,4734302301.76
sz300067,安诺其,2020-12-04,5.05,5.3,5.05,5.17,5.08,28585842.0,148822983.0,3350869815.15,4818177736.24
sz300067,安诺其,2020-12-07,5.14,5.17,5.07,5.07,5.17,16553470.0,84460919.0,3286056085.65,4724982809.04
sz300067,安诺其,2020-12-08,5.06,5.09,4.95,4.96,5.07,18940982.0,94960314.0,3214760983.2,4622468389.12
sz300067,安诺其,2020-12-09,4.98,4.99,4.83,4.84,4.96,16437247.0,80502522.0,3136984507.8,4510634476.48
sz300067,安诺其,2020-12-10,4.82,4.89,4.77,4.85,4.84,10362675.0,50176445.0,3143465880.75,4519953969.2
sz300067,安诺其,2020-12-11,4.86,4.87,4.61,4.75,4.85,18577239.0,87681109.0,3078652151.25,4426759042.0
sz300067,安诺其,2020-12-14,4.69,4.86,4.63,4.81,4.75,13536271.0,64870949.0,3117540388.9500003,4482675998.32
sz300067,安诺其,2020-12-15,4.81,4.83,4.67,4.68,4.81,11259679.0,53203594.0,3033282540.6,4361522592.96
sz300067,安诺其,2020-12-16,4.68,4.7,4.46,4.48,4.68,17982300.0,81987271.0,2903655081.6000004,4175132738.56
sz300067,安诺其,2020-12-17,4.45,4.65,4.37,4.61,4.48,23104447.0,104592248.0,2987912929.9500003,4296286143.92
sz300067,安诺其,2020-12-18,4.58,4.65,4.5,4.58,4.61,14182521.0,64675967.0,2968468811.1000004,4268327665.76
sz300067,安诺其,2020-12-21,4.54,4.62,4.52,4.59,4.58,12233552.0,56048415.0,2974950184.05,4277647158.48
sz300067,安诺其,2020-12-22,4.59,4.75,4.53,4.53,4.59,19436556.0,89882977.0,2936061946.3500004,4221730202.16
sz300067,安诺其,2020-12-23,4.52,4.58,4.46,4.47,4.53,13505896.0,60994078.0,2897173708.65,4165813245.84
sz300067,安诺其,2020-12-24,4.47,4.47,4.26,4.3,4.47,17645250.0,76754845.0,2786990368.4999995,4007381869.6
sz300067,安诺其,2020-12-25,4.28,4.38,4.27,4.35,4.3,11079460.0,48076271.0,2819397233.2500005,4053979333.2
sz300067,安诺其,2020-12-28,4.36,4.37,4.21,4.21,4.35,11563073.0,49359601.0,2728658011.9500003,3923506435.12
sz300067,安诺其,2020-12-29,4.21,4.28,4.18,4.22,4.21,10837082.0,45837922.0,2735139384.9,3932825927.84
sz300067,安诺其,2020-12-30,4.26,4.35,4.23,4.3,4.22,13281156.0,57032649.0,2786990368.4999995,4007381869.6
sz300067,安诺其,2020-12-31,4.34,4.47,4.3,4.44,4.3,17927422.0,78616210.0,2877729589.8,4137854767.68
sz300067,安诺其,2021-01-04,4.47,4.68,4.44,4.58,4.44,27023700.0,123647868.0,2968468811.1000004,4268327665.76
sz300067,安诺其,2021-01-05,4.51,4.71,4.46,4.62,4.58,29260753.0,133689332.0,2994394302.9,4305605636.64
sz300067,安诺其,2021-01-06,4.59,4.6,4.36,4.37,4.62,21076794.0,93875461.0,2832359979.15,4072618318.64
sz300067,安诺其,2021-01-07,4.4,4.43,4.17,4.19,4.37,17556205.0,74539449.0,2715695266.05,3904867449.68
sz300067,安诺其,2021-01-08,4.19,4.3,4.07,4.24,4.19,11859866.0,49964180.0,2757044820.8,3951464913.28
sz300067,安诺其,2021-01-11,4.21,4.22,4.01,4.02,4.24,16203069.0,66224621.0,2613990608.4,3746436073.44
sz300067,安诺其,2021-01-12,4.0,4.13,3.99,4.02,4.02,11143948.0,45094884.0,2613990608.4,3746436073.44
sz300067,安诺其,2021-01-13,4.02,4.03,3.82,3.87,4.02,18358895.0,71436246.0,2516453645.4,3606643682.64
sz300067,安诺其,2021-01-14,3.87,3.92,3.76,3.86,3.87,10546532.0,40495186.0,2509951181.2,3597324189.92
sz300067,安诺其,2021-01-15,3.86,4.01,3.85,4.0,3.86,13489604.0,53491855.0,2600985680.0,3727797088.0
sz300067,安诺其,2021-01-18,4.02,4.15,3.99,4.12,4.0,12578953.0,51491274.0,2679015250.4,3839631000.64
sz300067,安诺其,2021-01-19,4.13,4.22,4.1,4.15,4.12,11254470.0,46893006.0,2698522643.0,3867589478.8
sz300067,安诺其,2021-01-20,4.2,4.38,4.14,4.31,4.15,23478759.0,99884976.0,2802562070.2,4016701362.32
sz300067,安诺其,2021-01-21,4.26,4.31,4.15,4.21,4.31,20451325.0,86520306.0,2737537428.2,3923506435.12
sz300067,安诺其,2021-01-22,4.2,4.26,4.12,4.13,4.21,13063672.0,54662930.0,2685517714.6000004,3848950493.36
sz300067,安诺其,2021-01-25,4.1,4.18,4.02,4.05,4.13,11978081.0,49003688.0,2633498001.0,3774394551.6
sz300067,安诺其,2021-01-26,4.03,4.13,3.92,3.95,4.05,12421097.0,49810262.0,2568473359.0,3681199624.4
sz300067,安诺其,2021-01-27,3.94,3.99,3.89,3.91,3.95,11588724.0,45608790.0,2542463502.2,3643921653.52
sz300067,安诺其,2021-01-28,3.88,4.03,3.86,3.94,3.91,10637150.0,42280976.0,2561970894.8,3671880131.68
sz300067,安诺其,2021-01-29,3.96,3.97,3.77,3.82,3.94,11316311.0,43569520.0,2483941324.4,3560046219.04
sz300067,安诺其,2021-02-01,3.82,4.04,3.79,3.95,3.82,11160920.0,43753618.0,2568473359.0,3681199624.4
sz300067,安诺其,2021-02-02,3.93,4.28,3.92,4.15,3.95,24204642.0,100074423.0,2698522643.0,3867589478.8
sz300067,安诺其,2021-02-03,4.1,4.14,3.99,4.0,4.15,14862422.0,60348226.0,2600985680.0,3727797088.0
sz300067,安诺其,2021-02-04,3.98,4.03,3.83,3.89,4.0,10852680.0,42366968.0,2529458573.8,3625282668.08
sz300067,安诺其,2021-02-05,3.94,3.97,3.83,3.83,3.89,7556057.0,29297381.0,2490443788.6,3569365711.76
sz300067,安诺其,2021-02-08,3.84,4.11,3.79,3.99,3.83,15455464.0,61404397.0,2594483215.8,3718477595.28
sz300067,安诺其,2021-02-09,3.95,4.04,3.93,4.0,3.99,12816997.0,51115906.0,2600985680.0,3727797088.0
sz300067,安诺其,2021-02-10,4.0,4.28,3.98,4.24,4.0,28415159.0,118582658.0,2757044820.8,3951464913.28
sz300067,安诺其,2021-02-18,4.36,4.4,4.23,4.24,4.24,28102651.0,120364655.0,2757044820.8,3951464913.28
sz300067,安诺其,2021-02-19,4.27,4.43,4.24,4.38,4.24,30300384.0,131787475.0,2848079319.6000004,4081937811.36
sz300067,安诺其,2021-02-22,4.49,4.67,4.45,4.54,4.38,44784457.0,204623582.0,2952118746.8,4231049694.88
sz300067,安诺其,2021-02-23,4.44,4.59,4.43,4.45,4.54,28117241.0,126444279.0,2893596569.0,4147174260.4
sz300067,安诺其,2021-02-24,4.43,4.57,4.38,4.52,4.45,27627274.0,123766243.0,2939113818.4,4212410709.44
sz300067,安诺其,2021-02-25,4.55,4.6,4.28,4.3,4.52,25209146.0,110031216.0,2796059606.0,4007381869.6
sz300067,安诺其,2021-02-26,4.22,4.35,4.2,4.34,4.3,16114763.0,69146727.0,2822069462.8,4044659840.48
sz300067,安诺其,2021-03-01,4.37,4.56,4.37,4.55,4.34,26410610.0,118276505.0,2958621211.0,4240369187.6
sz300067,安诺其,2021-03-02,4.56,4.56,4.38,4.4,4.55,21439026.0,95272179.0,2861084248.0,4100576796.8
sz300067,安诺其,2021-03-03,4.4,4.52,4.38,4.46,4.4,17543262.0,78067554.0,2900099033.2,4156493753.12
sz300067,安诺其,2021-03-04,4.41,4.46,4.31,4.32,4.46,19355183.0,84713042.0,2809064534.4,4026020855.04
sz300067,安诺其,2021-03-05,4.37,4.56,4.34,4.5,4.32,26970539.0,120218498.0,2926108890.0000005,4193771724.0
sz300067,安诺其,2021-03-08,4.58,4.87,4.53,4.69,4.5,53080358.0,248670585.0,3049655709.8,4370842085.68
sz300067,安诺其,2021-03-09,4.66,5.09,4.63,4.72,4.69,68534613.0,331565837.0,3069163102.4,4398800563.84
sz300067,安诺其,2021-03-10,4.63,4.75,4.36,4.42,4.72,44015604.0,197742103.0,2874089176.4,4119215782.24
sz300067,安诺其,2021-03-11,4.4,4.48,4.25,4.48,4.42,24358178.0,107053717.0,2913103961.6,4175132738.56
sz300067,安诺其,2021-03-12,4.45,4.49,4.34,4.38,4.48,22082986.0,97012588.0,2848079319.6000004,4081937811.36
sz300067,安诺其,2021-03-15,4.38,4.46,4.3,4.36,4.38,17457085.0,76341712.0,2835074391.2,4063298825.92
sz300067,安诺其,2021-03-16,4.35,4.6,4.34,4.55,4.36,34156710.0,153228461.0,2958621211.0,4240369187.6
sz300067,安诺其,2021-03-17,4.6,4.72,4.56,4.65,4.55,36396814.0,169140340.0,3023645853.0,4333564114.8
sz300067,安诺其,2021-03-18,4.6,4.65,4.55,4.57,4.65,21662312.0,99511068.0,2971626139.4,4259008173.04
sz300067,安诺其,2021-03-19,4.52,4.63,4.47,4.48,4.57,20256780.0,91903689.0,2913103961.6,4175132738.56
sz300067,安诺其,2021-03-22,4.47,4.53,4.44,4.49,4.48,17326434.0,77711418.0,2919606425.8,4184452231.28
sz300067,安诺其,2021-03-23,4.5,4.5,4.31,4.32,4.49,20600172.0,90056642.0,2809064534.4,4026020855.04
sz300067,安诺其,2021-03-24,4.3,4.34,4.19,4.21,4.32,16422035.0,69901618.0,2737537428.2,3923506435.12
sz300067,安诺其,2021-03-25,4.22,4.26,4.18,4.22,4.21,8553538.0,36131919.0,2744039892.4,3932825927.84
sz300067,安诺其,2021-03-26,4.21,4.28,4.16,4.25,4.22,9665090.0,40842106.0,2763547285.0000005,3960784406.0
sz300067,安诺其,2021-03-29,4.26,4.38,4.2,4.33,4.25,18469140.0,79339912.0,2815566998.6,4035340347.76
sz300067,安诺其,2021-03-30,4.35,4.35,4.19,4.21,4.33,16202822.0,68815862.0,2737537428.2,3923506435.12
sz300067,安诺其,2021-03-31,4.2,4.27,4.08,4.26,4.21,16802566.0,69850705.0,2770049749.2000003,3970103898.72
sz300067,安诺其,2021-04-01,4.22,4.24,4.16,4.18,4.26,8074068.0,33852466.0,2718030035.6,3895547956.96
sz300067,安诺其,2021-04-02,4.18,4.22,4.14,4.18,4.18,5948310.0,24859007.0,2718030035.6,3895547956.96
sz300067,安诺其,2021-04-06,4.16,4.23,4.16,4.21,4.18,8398138.0,35262794.0,2737537428.2,3923506435.12
sz300067,安诺其,2021-04-07,4.21,4.23,4.17,4.22,4.21,8096452.0,34033310.0,2744039892.4,3932825927.84
sz300067,安诺其,2021-04-08,4.2,4.22,4.13,4.15,4.22,9129002.0,38175787.0,2698522643.0,3867589478.8
sz300067,安诺其,2021-04-09,4.15,4.18,4.11,4.12,4.15,7128208.0,29473602.0,2679015250.4,3839631000.64
sz300067,安诺其,2021-04-12,4.13,4.13,4.02,4.04,4.12,8380901.0,34074233.0,2626995536.8,3765075058.88
sz300067,安诺其,2021-04-13,4.04,4.09,4.03,4.08,4.04,6583782.0,26691158.0,2653005393.6,3802353029.76
sz300067,安诺其,2021-04-14,4.08,4.1,4.05,4.1,4.08,4835756.0,19728560.0,2666010322.0,3820992015.2
sz300067,安诺其,2021-04-15,4.1,4.1,4.05,4.07,4.1,3916098.0,15914565.0,2646502929.4,3793033537.04
sz300067,安诺其,2021-04-16,4.06,4.14,4.06,4.13,4.07,6387308.0,26257487.0,2685517714.6000004,3848950493.36
sz300067,安诺其,2021-04-19,4.14,4.27,4.12,4.24,4.13,15626979.0,65944532.0,2757044820.8,3951464913.28
sz300067,安诺其,2021-04-20,4.3,4.36,4.22,4.23,4.24,18686512.0,80012890.0,2750542356.6,3942145420.56
sz300067,安诺其,2021-04-21,4.18,4.22,4.15,4.19,4.23,7378348.0,30854353.0,2724532499.8,3904867449.68
sz300067,安诺其,2021-04-22,4.19,4.2,4.12,4.14,4.19,9015372.0,37406700.0,2692020178.8,3858269986.08
sz300067,安诺其,2021-04-23,4.14,4.15,4.05,4.09,4.14,6118829.0,24985285.0,2659507857.8,3811672522.48
sz300067,安诺其,2021-04-26,4.05,4.15,4.04,4.07,4.09,6385611.0,26141410.0,2658801162.93,3793033537.04
sz300067,安诺其,2021-04-27,4.05,4.05,3.92,3.98,4.07,10244215.0,40773850.0,2600007034.02,3709158102.56
sz300067,安诺其,2021-04-28,3.96,4.07,3.96,4.03,3.98,5732660.0,23087044.0,2632670438.9700003,3755755566.16
sz300067,安诺其,2021-04-29,4.03,4.04,3.99,4.02,4.03,4576198.0,18368905.0,2626137757.98,3746436073.44
sz300067,安诺其,2021-04-30,4.01,4.02,3.94,3.95,4.02,5442022.0,21603178.0,2580408991.05,4170869045.3
sz300067,安诺其,2021-05-06,3.94,4.01,3.94,3.96,3.95,5292983.0,21045878.0,2586941672.04,4181428207.44
sz300067,安诺其,2021-05-07,3.98,4.05,3.92,4.02,3.96,9013121.0,36074235.0,2626137757.98,4244783180.28
sz300067,安诺其,2021-05-10,4.01,4.07,4.0,4.04,4.02,6813917.0,27523090.0,2639203119.96,4265901504.56
sz300067,安诺其,2021-05-11,4.04,4.07,3.95,4.07,4.04,9134032.0,36544662.0,2658801162.93,4297578990.9800005
sz300067,安诺其,2021-05-12,4.03,4.13,4.02,4.11,4.07,10381012.0,42355684.0,2684931886.89,4339815639.54
sz300067,安诺其,2021-05-13,4.15,4.23,4.11,4.11,4.11,17543650.0,73146207.0,2684931886.89,4339815639.54
sz300067,安诺其,2021-05-14,4.11,4.16,4.05,4.15,4.11,9811578.0,40303871.0,2711062610.85,4382052288.1
sz300067,安诺其,2021-05-17,4.11,4.12,4.0,4.02,4.15,11046096.0,44812168.0,2626137757.98,4244783180.28
sz300067,安诺其,2021-05-18,4.05,4.08,4.03,4.05,4.02,5711452.0,23170674.0,2645735800.95,4276460666.7
sz300067,安诺其,2021-05-19,4.05,4.06,4.01,4.02,4.05,4572614.0,18423365.0,2626137757.98,4244783180.28
sz300067,安诺其,2021-05-20,4.02,4.11,3.98,4.05,4.02,8375856.0,33833657.0,2645735800.95,4276460666.7
sz300067,安诺其,2021-05-21,4.03,4.09,4.02,4.05,4.05,6217890.0,25239709.0,2645735800.95,4276460666.7
sz300067,安诺其,2021-05-24,4.05,4.1,4.04,4.09,4.05,5840135.0,23814144.0,2671866524.9100003,4318697315.26
sz300067,安诺其,2021-05-25,4.1,4.11,4.05,4.11,4.09,6355185.0,25941577.0,2684931886.89,4339815639.54
sz300067,安诺其,2021-05-26,4.1,4.15,4.09,4.15,4.11,8663751.0,35793965.0,2711062610.85,4382052288.1
sz300067,安诺其,2021-05-27,4.14,4.16,4.12,4.14,4.15,7029842.0,29086521.0,2704529929.86,4371493125.96
sz300067,安诺其,2021-05-28,4.14,4.15,4.08,4.1,4.14,7883005.0,32369641.0,2678399205.9,4329256477.4
sz300067,安诺其,2021-05-31,4.12,4.13,4.08,4.11,4.1,6584462.0,27038388.0,2684931886.89,4339815639.54
sz300067,安诺其,2021-06-01,4.12,4.19,4.08,4.18,4.11,14798402.0,61397515.0,2730660653.82,4413729774.52
sz300067,安诺其,2021-06-02,4.19,4.19,4.11,4.12,4.18,7926032.0,32845737.0,2691464567.88,4350374801.679999
sz300067,安诺其,2021-06-03,4.11,4.17,4.1,4.13,4.12,8533072.0,35311452.0,2697997248.87,4360933963.82
sz300067,安诺其,2021-06-04,4.11,4.15,4.1,4.12,4.13,6732032.0,27776264.0,2691464567.88,4350374801.679999
sz300067,安诺其,2021-06-07,4.11,4.14,4.04,4.09,4.12,12462298.0,50876879.0,2671866524.9100003,4318697315.26
sz300067,安诺其,2021-06-08,4.11,4.19,4.04,4.16,4.09,15433138.0,63796053.0,2717595291.84,4392611450.240001
sz300067,安诺其,2021-06-09,4.14,4.25,4.13,4.23,4.16,18434424.0,77467692.0,2763324058.77,4466525585.219999
sz300067,安诺其,2021-06-10,4.19,4.29,4.18,4.25,4.23,18413207.0,77866074.0,2776389420.7500005,4487643909.5
sz300067,安诺其,2021-06-11,4.24,4.33,4.16,4.17,4.25,16391492.0,69494426.0,2724127972.8300004,4403170612.38
sz300067,安诺其,2021-06-15,4.18,4.35,4.13,4.35,4.17,26917812.0,114763559.0,2841716230.65,4593235530.9
sz300067,安诺其,2021-06-16,4.32,4.38,4.26,4.29,4.35,19886967.0,85528796.0,2802520144.71,4529880558.06
sz300067,安诺其,2021-06-17,4.28,4.31,4.2,4.28,4.29,13272404.0,56351552.0,2795987463.7200003,4519321395.92
sz300067,安诺其,2021-06-18,4.26,4.42,4.22,4.38,4.28,23607282.0,102463793.0,2861314273.62,4624913017.320001
sz300067,安诺其,2021-06-21,4.44,4.55,4.35,4.37,4.38,32331023.0,143497435.0,2854781592.63,4614353855.18
sz300067,安诺其,2021-06-22,4.34,4.45,4.33,4.38,4.37,21892856.0,95948449.0,2861314273.62,4624913017.320001
sz300067,安诺其,2021-06-23,4.38,4.39,4.31,4.33,4.38,15882841.0,68885389.0,2828650868.67,4572117206.62
sz300067,安诺其,2021-06-24,4.31,4.35,4.25,4.28,4.33,11515891.0,49470860.0,2795987463.7200003,4519321395.92
sz300067,安诺其,2021-06-25,4.28,4.37,4.24,4.37,4.28,14712056.0,63343464.0,2853928568.63,4600981655.18
sz300067,安诺其,2021-06-28,4.39,4.39,4.29,4.3,4.37,11648178.0,50290541.0,2808213465.7,4527281720.2
sz300067,安诺其,2021-06-29,4.28,4.3,4.19,4.19,4.3,10496768.0,44437593.0,2736375446.81,4411467536.66
sz300067,安诺其,2021-06-30,4.19,4.25,4.19,4.25,4.19,7347517.0,31049625.0,2775559820.75,4474638909.5
sz300067,安诺其,2021-07-01,4.23,4.25,4.1,4.1,4.25,10814000.0,45026303.0,2677598885.9,4316710477.4
sz300067,安诺其,2021-07-02,4.1,4.28,4.06,4.24,4.1,17406360.0,72714722.0,2769029091.76,4464110347.36
sz300067,安诺其,2021-07-05,4.26,4.31,4.22,4.3,4.24,14446655.0,61597181.0,2808213465.7,4527281720.2
sz300067,安诺其,2021-07-06,4.28,4.34,4.22,4.27,4.3,11357683.0,48564374.0,2788621278.73,4495696033.780001
sz300067,安诺其,2021-07-07,4.22,4.3,4.22,4.26,4.27,9685217.0,41254157.0,2782090549.74,4485167471.64
sz300067,安诺其,2021-07-08,4.25,4.39,4.24,4.35,4.26,21501336.0,93037037.0,2840867110.65,4579924530.900001
sz300067,安诺其,2021-07-09,4.33,4.39,4.3,4.37,4.35,14984330.0,64979112.0,2853928568.63,4600981655.18
sz300067,安诺其,2021-07-12,4.37,4.4,4.32,4.36,4.37,13520758.0,58942148.0,2847397839.64,4590453093.04
sz300067,安诺其,2021-07-13,4.36,4.4,4.34,4.38,4.36,14563752.0,63617134.0,2860459297.62,4611510217.32
sz300067,安诺其,2021-07-14,4.37,4.38,4.29,4.3,4.38,14533626.0,62918337.0,2808213465.7,4527281720.2
sz300067,安诺其,2021-07-15,4.3,4.31,4.19,4.23,4.3,12446660.0,52714682.0,2762498362.7700005,4453581785.219999
sz300067,安诺其,2021-07-16,4.21,4.49,4.21,4.37,4.23,23489389.0,102552807.0,2853928568.63,4600981655.18
sz300067,安诺其,2021-07-19,4.39,4.49,4.34,4.45,4.37,25522435.0,112971066.0,2906174400.55,4685210152.3
sz300067,安诺其,2021-07-20,4.41,4.43,4.33,4.42,4.45,14963256.0,65593310.0,2886582213.58,4653624465.88
sz300067,安诺其,2021-07-21,4.42,4.54,4.41,4.49,4.42,25907085.0,116125888.0,2932297316.51,4727324400.860001
sz300067,安诺其,2021-07-22,4.5,4.64,4.47,4.63,4.49,36633937.0,167601237.0,3023727522.37,4874724270.82
sz300067,安诺其,2021-07-23,4.6,4.63,4.49,4.51,4.63,26107039.0,118630340.0,2945358774.49,4748381525.14
sz300067,安诺其,2021-07-26,4.5,4.65,4.4,4.53,4.51,21506836.0,96951532.0,2958420232.4700003,4769438649.42
sz300067,安诺其,2021-07-27,4.5,4.6,4.35,4.36,4.53,17857718.0,79520404.0,2847397839.64,4590453093.04
sz300067,安诺其,2021-07-28,4.34,4.44,4.11,4.23,4.36,20500142.0,87866700.0,2762498362.7700005,4453581785.219999
sz300067,安诺其,2021-07-29,4.28,4.44,4.26,4.39,4.23,15410468.0,67124173.0,2866990026.61,4622038779.46
sz300067,安诺其,2021-07-30,4.37,4.64,4.37,4.61,4.39,33507654.0,152132131.0,3010666064.39,4853667146.54
sz300067,安诺其,2021-08-02,4.58,4.65,4.53,4.62,4.61,21880390.0,100644743.0,3017196793.38,4864195708.679999
sz300067,安诺其,2021-08-03,4.6,4.79,4.54,4.67,4.62,36083284.0,169261822.0,3049850438.33,4916838519.38
sz300067,安诺其,2021-08-04,4.65,4.78,4.6,4.74,4.67,28429117.0,134230589.0,3095565541.26,4990538454.36
sz300067,安诺其,2021-08-05,4.72,4.74,4.62,4.66,4.74,25477485.0,119361784.0,3043319709.34,4906309957.24
sz300067,安诺其,2021-08-06,4.68,4.86,4.67,4.75,4.66,28310346.0,134942556.0,3102096270.25,5001067016.5
sz300067,安诺其,2021-08-09,4.75,4.75,4.61,4.66,4.75,20667578.0,96456394.0,3043319709.34,4906309957.24
sz300067,安诺其,2021-08-10,4.68,4.85,4.64,4.79,4.66,24903145.0,118895147.0,3128219186.21,5043181265.06
sz300067,安诺其,2021-08-11,4.78,4.98,4.71,4.91,4.79,32243752.0,157853417.0,3206587934.09,5169524010.74
sz300067,安诺其,2021-08-12,4.92,4.96,4.8,4.95,4.91,27063945.0,131971200.0,3232710850.05,5211638259.3
sz300067,安诺其,2021-08-13,4.88,4.88,4.74,4.8,4.95,29510554.0,141669427.0,3134749915.2,5053709827.200001
sz300067,安诺其,2021-08-16,4.82,5.03,4.77,4.81,4.8,31227480.0,152195806.0,3141280644.19,5064238389.34
sz300067,安诺其,2021-08-17,4.75,4.83,4.56,4.59,4.81,27874195.0,130595261.0,2997604606.4100003,4832610022.26
sz300067,安诺其,2021-08-18,4.56,4.96,4.56,4.83,4.59,35487981.0,170508747.0,3154342102.17,5085295513.62
sz300067,安诺其,2021-08-19,4.76,4.83,4.63,4.69,4.83,19697449.0,92594180.0,3062911896.31,4937895643.66
sz300067,安诺其,2021-08-20,4.72,4.77,4.5,4.58,4.69,20609652.0,93975646.0,2991073877.42,4822081460.12
sz300067,安诺其,2021-08-23,4.58,4.93,4.58,4.87,4.58,40166168.0,193607690.0,3180465018.13,5127409762.18
sz300067,安诺其,2021-08-24,4.88,4.9,4.81,4.85,4.87,18272882.0,88667069.0,3167403560.15,5106352637.9
sz300067,安诺其,2021-08-25,4.86,4.89,4.77,4.85,4.85,16982149.0,81869992.0,3167403560.15,5106352637.9
sz300067,安诺其,2021-08-26,4.84,4.98,4.81,4.95,4.85,36495440.0,179735195.0,3232710850.05,5211638259.3
sz300067,安诺其,2021-08-27,4.85,4.85,4.4,4.64,4.95,52398861.0,240174752.0,3030258251.36,4885252832.96
sz300067,安诺其,2021-08-30,4.66,4.72,4.49,4.56,4.64,27321742.0,125897708.0,2978012419.44,4801024335.84
sz300067,安诺其,2021-08-31,4.53,4.6,4.5,4.58,4.56,15035287.0,68375943.0,2991073877.42,4822081460.12
sz300067,安诺其,2021-09-01,4.58,4.64,4.39,4.41,4.58,25175788.0,112675880.0,2880051484.59,4643095903.74
sz300067,安诺其,2021-09-02,4.41,4.48,4.34,4.47,4.41,13277395.0,58815121.0,2919235858.53,4706267276.58
sz300067,安诺其,2021-09-03,4.44,4.68,4.42,4.55,4.47,23862827.0,109445900.0,2971481690.45,4790495773.7
sz300067,安诺其,2021-09-06,4.58,4.74,4.52,4.6,4.55,20361784.0,93632818.0,3004135335.4,4843138584.4
sz300067,安诺其,2021-09-07,4.6,4.85,4.54,4.81,4.6,42500303.0,201445437.0,3141280644.19,5064238389.34
sz300067,安诺其,2021-09-08,4.78,4.91,4.73,4.86,4.81,44076003.0,213615434.0,3173934289.14,5116881200.04
sz300067,安诺其,2021-09-09,4.84,5.06,4.8,4.96,4.86,40782218.0,202910995.0,3239241579.0400004,5222166821.440001
sz300067,安诺其,2021-09-10,4.9,4.99,4.8,4.87,4.96,32516796.0,159150390.0,3180465018.13,5127409762.18
sz300067,安诺其,2021-09-13,4.98,5.03,4.8,4.95,4.87,30600874.0,150532574.0,3232710850.05,5211638259.3
sz300067,安诺其,2021-09-14,4.9,4.96,4.82,4.83,4.95,23279244.0,113621999.0,3154342102.17,5085295513.62
sz300067,安诺其,2021-09-15,4.88,5.14,4.8,5.08,4.83,52015950.0,259421610.0,3317610326.92,5348509567.12
sz300067,安诺其,2021-09-16,5.03,5.17,4.91,4.99,5.08,46796030.0,235396862.0,3258811934.76,5253752507.860001
sz300067,安诺其,2021-09-17,4.96,5.02,4.76,4.94,4.99,35138501.0,172351611.0,3226158508.56,5201109697.16
sz300067,安诺其,2021-09-22,4.9,5.51,4.9,5.19,4.94,72193492.0,371718016.0,3389425639.5600004,5464323750.660001
sz300067,安诺其,2021-09-23,5.5,5.67,5.02,5.08,5.19,82918688.0,433290483.0,3319531176.52,5348509567.12
sz300067,安诺其,2021-09-24,4.99,5.23,4.82,4.82,5.08,50428662.0,251098717.0,3149633911.58,5074766951.4800005
sz300067,安诺其,2021-09-27,4.82,4.82,4.37,4.38,4.82,44910688.0,203676632.0,2862115463.22,4611510217.32
sz300067,安诺其,2021-09-28,4.4,4.52,4.34,4.47,4.38,18804708.0,83360054.0,2920926054.9300003,4706267276.58
sz300067,安诺其,2021-09-29,4.4,4.47,4.25,4.26,4.47,18428532.0,80087933.0,2783701340.94,4485167471.64
sz300067,安诺其,2021-09-30,4.27,4.38,4.27,4.33,4.26,12774958.0,55308948.0,2829442912.27,4558867406.62
sz300067,安诺其,2021-10-08,4.36,4.5,4.34,4.49,4.33,22944764.0,101833334.0,2933995075.31,4727324400.860001
sz300067,安诺其,2021-10-11,4.49,4.52,4.4,4.47,4.49,18065026.0,80560839.0,2920926054.9300003,4706267276.58
sz300067,安诺其,2021-10-12,4.4,4.45,4.23,4.29,4.47,16934428.0,73124274.0,2803304871.51,4516753158.06
sz300067,安诺其,2021-10-13,4.28,4.31,4.18,4.27,4.29,11000688.0,46585533.0,2790235851.13,4495696033.780001
sz300067,安诺其,2021-10-14,4.25,4.28,4.18,4.23,4.27,8363867.0,35414777.0,2764097810.37,4453581785.219999
sz300067,安诺其,2021-10-15,4.25,4.25,4.07,4.1,4.23,14267542.0,59227929.0,2679149177.9,4316710477.4
sz300067,安诺其,2021-10-18,4.11,4.17,4.07,4.16,4.1,8516685.0,35176549.0,2718356239.04,4379881850.24
sz300067,安诺其,2021-10-19,4.16,4.17,4.11,4.12,4.16,8542602.0,35317801.0,2692218198.28,4337767601.68
sz300067,安诺其,2021-10-20,4.1,4.11,4.05,4.07,4.12,8579881.0,35021700.0,2659545647.33,4285124790.98
sz300067,安诺其,2021-10-21,4.07,4.12,4.03,4.07,4.07,10113830.0,41212538.0,2659545647.33,4285124790.98
sz300067,安诺其,2021-10-22,4.08,4.09,3.95,3.96,4.07,13182076.0,52805985.0,2587666035.24,4169310607.44
sz300067,安诺其,2021-10-25,3.96,4.02,3.95,4.0,3.96,6132290.0,24427951.0,2613804076.0,4211424856.0
sz300067,安诺其,2021-10-26,4.0,4.05,3.96,4.0,4.0,6800150.0,27274979.0,2613804076.0,4211424856.0
sz300067,安诺其,2021-10-27,3.99,3.99,3.79,3.84,4.0,13634435.999999998,52535729.0,2509251912.96,4042967861.76
sz300067,安诺其,2021-10-28,3.85,3.89,3.78,3.79,3.84,7016906.0,26789824.0,2476579362.01,3990325051.06
sz300067,安诺其,2021-10-29,3.81,3.91,3.81,3.9,3.79,8614684.0,33381790.0,2548458974.1,4106139234.6
sz300067,安诺其,2021-11-01,3.88,3.98,3.85,3.94,3.9,13004423.0,51012820.0,3063026766.34,4148253483.16
sz300067,安诺其,2021-11-02,3.96,4.09,3.89,3.94,3.94,25243098.0,99953275.0,3053454930.34,4148253483.16
sz300067,安诺其,2021-11-03,3.98,4.03,3.92,4.0,3.94,20538553.0,81534828.0,3099954244.0,4211424856.0
sz300067,安诺其,2021-11-04,3.97,4.0,3.95,3.97,4.0,13593846.0,53924956.0,3076704587.17,4179839169.58
sz300067,安诺其,2021-11-05,3.96,3.97,3.9,3.94,3.97,11473170.0,45174112.0,3053454930.34,4148253483.16
sz300067,安诺其,2021-11-08,3.94,3.97,3.91,3.96,3.94,10571208.0,41683050.0,3068954701.56,4169310607.44
sz300067,安诺其,2021-11-09,3.96,4.04,3.95,4.02,3.96,14380977.0,57597029.0,3115454015.22,4232481980.28
sz300067,安诺其,2021-11-10,4.01,4.06,3.98,4.05,4.02,13663128.0,54907867.0,3138703672.05,4264067666.7
sz300067,安诺其,2021-11-11,4.04,4.09,4.02,4.07,4.05,13709656.0,55604183.0,3154203443.2700005,4285124790.98
sz300067,安诺其,2021-11-12,4.1,4.1,4.03,4.08,4.07,14049036.0,57115372.0,3161953328.88,4295653353.12
sz300067,安诺其,2021-11-15,4.07,4.17,4.05,4.16,4.08,18781435.0,77291599.0,3223952413.76,4379881850.24
sz300067,安诺其,2021-11-16,4.15,4.23,4.11,4.14,4.16,21257050.0,88698450.0,3208452642.54,4358824725.96
sz300067,安诺其,2021-11-17,4.13,4.19,4.11,4.18,4.14,12705958.0,52851189.0,3239452184.98,4400938974.52
sz300067,安诺其,2021-11-18,4.16,4.19,4.1,4.1,4.18,13988312.0,58007246.0,3177453100.1000004,4316710477.4
sz300067,安诺其,2021-11-19,4.09,4.2,4.09,4.16,4.1,12448992.0,51604907.0,3223952413.76,4379881850.24
sz300067,安诺其,2021-11-22,4.17,4.2,4.14,4.17,4.16,9501784.0,39646793.0,3231702299.3700004,4390410412.38
sz300067,安诺其,2021-11-23,4.17,4.2,4.14,4.16,4.17,10209069.0,42494629.0,3223952413.7599998,4379881850.24
sz300067,安诺其,2021-11-24,4.17,4.17,4.1,4.15,4.16,10822017.0,44696753.0,3216202528.15,4369353288.099999
sz300067,安诺其,2021-11-25,4.16,4.19,4.08,4.14,4.15,13806348.0,57287552.0,3208452642.54,4358824725.96
sz300067,安诺其,2021-11-26,4.13,4.16,4.1,4.12,4.14,9284179.0,38327159.0,3192952871.32,4337767601.68
sz300067,安诺其,2021-11-29,4.06,4.09,4.04,4.07,4.12,11289980.0,45912444.0,3154203443.2700005,4285124790.98
sz300067,安诺其,2021-11-30,4.08,4.18,4.07,4.14,4.07,15808286.0,65476482.0,3208452642.54,4358824725.96
sz300067,安诺其,2021-12-01,4.14,4.26,4.14,4.25,4.14,19032467.0,80198797.0,3293701384.25,4474638909.5
sz300067,安诺其,2021-12-02,4.25,4.26,4.19,4.22,4.25,14039156.0,59216822.0,3270451727.42,4443053223.08
sz300067,安诺其,2021-12-03,4.22,4.25,4.18,4.23,4.22,10608432.0,44727606.0,3278201613.03,4453581785.219999
sz300067,安诺其,2021-12-06,4.24,4.24,4.09,4.1,4.23,13758940.0,57073584.0,3177453100.1000004,4316710477.4
sz300067,安诺其,2021-12-07,4.11,4.15,4.02,4.06,4.1,12824589.0,52148035.0,3146453557.66,4274596228.84
sz300067,安诺其,2021-12-08,4.06,4.12,4.05,4.09,4.06,9078819.0,37069155.0,3169703214.49,4306181915.26
sz300067,安诺其,2021-12-09,4.08,4.13,4.07,4.11,4.09,10821126.0,44400783.0,3185202985.71,4327239039.54
sz300067,安诺其,2021-12-10,4.13,4.33,4.12,4.22,4.11,34582381.0,145886304.0,3270451727.42,4443053223.08
sz300067,安诺其,2021-12-13,4.46,4.6,4.26,4.33,4.22,55922688.0,243681519.0,3355700469.13,4558867406.62
sz300067,安诺其,2021-12-14,4.29,4.55,4.29,4.48,4.33,57048405.0,253029528.0,3471948753.2799997,4716795838.72
sz300067,安诺其,2021-12-15,4.5,4.5,4.36,4.4,4.48,40706424.0,180374623.0,3409949668.4,4632567341.6
sz300067,安诺其,2021-12-16,4.41,4.44,4.32,4.36,4.4,26131242.0,113792268.0,3378950125.96,4590453093.04
sz300067,安诺其,2021-12-17,4.35,4.38,4.3,4.34,4.36,17869140.0,77517974.0,3363450354.74,4569395968.76
sz300067,安诺其,2021-12-20,4.31,4.36,4.27,4.3,4.34,18138156.0,78308520.0,3332450812.3,4527281720.2
sz300067,安诺其,2021-12-21,4.28,4.44,4.27,4.42,4.3,30729525.0,134419199.0,3425449439.6200004,4653624465.88
sz300067,安诺其,2021-12-22,4.44,4.46,4.37,4.41,4.42,24080424.0,106336662.0,3417699554.0099998,4643095903.74
sz300067,安诺其,2021-12-23,4.38,4.4,4.27,4.28,4.41,20464640.0,88304197.0,3316951041.08,4506224595.92
sz300067,安诺其,2021-12-24,4.28,4.29,4.14,4.16,4.28,17995000.0,75615112.0,3223952413.7599998,4379881850.24
sz300067,安诺其,2021-12-27,4.14,4.21,4.12,4.18,4.16,10758650.0,44888389.0,3239452184.98,4400938974.52
sz300067,安诺其,2021-12-28,4.18,4.29,4.17,4.26,4.18,13110070.0,55496261.0,3301451269.8599997,4485167471.64
sz300067,安诺其,2021-12-29,4.24,4.32,4.23,4.31,4.26,16975338.0,72728415.0,3340200697.91,4537810282.34
sz300067,安诺其,2021-12-30,4.31,4.34,4.29,4.3,4.31,13227990.0,57031311.0,3332450812.3,4527281720.2
sz300067,安诺其,2021-12-31,4.3,4.38,4.27,4.36,4.3,15815428.0,68646044.0,3378950125.96,4590453093.04
sz300067,安诺其,2022-01-04,4.53,4.57,4.43,4.48,4.36,63363321.0,284187693.0,3471948753.2799997,4716795838.72
sz300067,安诺其,2022-01-05,4.47,4.48,4.35,4.39,4.48,25498894.0,112282899.0,3402199782.79,4622038779.46
sz300067,安诺其,2022-01-06,4.4,4.47,4.35,4.43,4.39,21814884.0,96426739.0,3433199325.23,4664153028.02
sz300067,安诺其,2022-01-07,4.4,4.47,4.31,4.32,4.43,30862539.0,135214946.0,3347950583.52,4548338844.48
sz300067,安诺其,2022-01-10,4.43,4.5,4.39,4.44,4.32,55993533.0,249303377.0,3440949210.8399997,4674681590.16
sz300067,安诺其,2022-01-11,4.42,4.69,4.41,4.55,4.44,68881951.0,314808352.0,3526197952.55,4790495773.7
sz300067,安诺其,2022-01-12,4.58,4.67,4.5,4.61,4.55,55947242.0,257318077.0,3572697266.2099996,4853667146.54
sz300067,安诺其,2022-01-13,4.58,4.69,4.56,4.63,4.61,49116501.0,226944019.0,3588197037.43,4874724270.82
sz300067,安诺其,2022-01-14,4.56,4.63,4.48,4.5,4.63,43038345.0,195264479.0,3487448524.5,4737852963.0
